show_id,type,title,director,cast,country,date_added,release_year,rating,duration,listed_in,description
s3,Movie,23:59,Gilbert Chan,"Tedd Chan, Stella Chung, Henley Hii, Lawrence Koh, Tommy Kuan, Josh Lai, Mark Lee, Susan Leong, Benjamin Lim",Singapore,"December 20, 2018",2011,R,78 min,"Horror Movies, International Movies","When an army recruit is found dead, his fellow soldiers are forced to confront a terrifying secret that's haunting their jungle island training camp."
s105,Movie,30 Minutes or Less,Ruben Fleischer,"Jesse Eisenberg, Danny McBride, Aziz Ansari, Nick Swardson, Dilshad Vadsaria, Michael Peña, Bianca Kajlich, Fred Ward",United States,"January 1, 2021",2011,R,83 min,"Action & Adventure, Comedies",Two crooks planning a bank heist wind up abducting a pizza delivery driver and force him to commit the robbery — with a strict time limit.
s123,Movie,50/50,Jonathan Levine,"Joseph Gordon-Levitt, Seth Rogen, Anna Kendrick, Bryce Dallas Howard, Anjelica Huston, Serge Houde, Andrew Airlie, Matt Frewer, Philip Baker Hall, Marie Avgeropoulos, Jessica Parker Kennedy",United States,"June 1, 2019",2011,R,100 min,"Comedies, Dramas, Independent Movies",An otherwise healthy twentysomething has a comically early midlife crisis when he gets slapped with a cancer diagnosis and a 50-50 chance of survival.
s137,Movie,7 Khoon Maaf,Vishal Bhardwaj,"Priyanka Chopra, Neil Nitin Mukesh, John Abraham, Irrfan Khan, Aleksandr Dyachenko, Annu Kapoor, Naseeruddin Shah, Vivaan Shah, Usha Uthup, Konkona Sen Sharma",India,"August 2, 2018",2011,TV-MA,148 min,"Dramas, International Movies, Thrillers","Spiced liberally with black comedy, this Bollywood drama follows the lethal love life of a woman who marries numerous men – only to find them flawed."
s146,Movie,A 2nd Chance,Clay Glen,"Nina Pearce, Adam Tuominen, Emily Morris, Amy Handley, Carmel Johnson, Alanah Gilbert, Hapi Murphy, Lilly Blacker, Julie Kay Lumasag, Elysia Markou",Australia,"July 1, 2017",2011,PG,95 min,"Children & Family Movies, Dramas, Sports Movies","A gymnast lacks the confidence she needs to reach the top. But with the help of her new coach, she has the chance to win a spot on the national team."
s150,Movie,A Beautiful Life,Andrew Lau Wai-Keung,"Qi Shu, Liu Ye, Anthony Wong Chau-Sang, Liang Tian, Danying Feng, Rina Sa, Zhang Songwen, Tian Gao, Andrew Lin","China, Hong Kong","December 1, 2018",2011,TV-14,122 min,"Dramas, International Movies, Romantic Movies","After meeting under awkward circumstances, a glamorous businesswoman and a tradition-bound policeman begin a relationship that changes their lives."
s187,Movie,A Holiday Engagement,Jim Fall,"Bonnie Somerville, Shelley Long, Jordan Bridges, Sam McMurray, Haylie Duff, Sam Horrigan, Carrie Wiita, Chris McKenna, Edi Patterson, Jennifer Elise Cox",United States,"November 4, 2019",2011,TV-G,92 min,"Children & Family Movies, Comedies, Romantic Movies",Hilary's plan to hire a good-looking guy to act as her boyfriend backfires when she brings him home for the holidays to try and fool her family.
s218,Movie,A Princess for Christmas,Michael Damian,"Katie McGrath, Sir Roger Moore, Sam Heughan, Travis Turner, Leilah de Meza, Miles Richardson, Charlotte Salt",United States,"August 28, 2020",2011,TV-PG,91 min,"Children & Family Movies, Dramas, Romantic Movies","At the invitation of a relative, young Jules Daly travels with her niece and nephew to a castle in Europe, where Jules falls for a dashing prince."
s221,Movie,A Russell Peters Christmas,Henry Sarwer-Foner,"Russell Peters, Pamela Anderson, Michael Bublé, Jon Lovitz, Scott Thompson, Faizon Love, Goapele, Ted Lange",Canada,"November 1, 2013",2011,NR,44 min,Stand-Up Comedy,"Inspired by the variety shows of the 1970s, ""A Russell Peters Christmas"" is a sweet, silly, sentimental and, most of all, funny Christmas special."
s225,Movie,A Separation,Asghar Farhadi,"Leila Hatami, Peyman Moaadi, Shahab Hosseini, Sareh Bayat, Sarina Farhadi, Babak Karimi, Ali-Asghar Shahbazi, Shirin Yazdanbakhsh, Kimia Hosseini, Merila Zare'i, Sahabanu Zolghadr","Iran, France","March 16, 2019",2011,PG-13,123 min,"Dramas, International Movies","Amid an impasse in his marriage, a father in Tehran is beset by a bitter feud involving the family of a pious caretaker he hired for his aging dad."
s264,Movie,Aşk Tesadüfleri Sever,Ömer Faruk Sorak,"Mehmet Günsür, Belçim Bilgin, Ayda Aksel, Altan Erkekli, Sebnem Sönmez, Hüseyin Avni Danyal, Berna Konur, Ümit Bülent Dinçer",Turkey,"April 4, 2018",2011,TV-MA,122 min,"Dramas, International Movies, Romantic Movies","A series of coincidences brings two star-crossed lovers together, but fate pulls them apart until they encounter each other again in Istanbul."
s272,Movie,Aarakshan,Prakash Jha,"Amitabh Bachchan, Saif Ali Khan, Manoj Bajpayee, Deepika Padukone, Prateik, Tanvi Azmi, Saurabh Shukla, Darshan Jariwala, Yashpal Sharma, Mukesh Tiwari",India,"December 31, 2019",2011,TV-14,164 min,"Dramas, International Movies",The decision by India's supreme court to establish caste-based reservations for jobs in education causes conflict between a teacher and his mentor.
s448,Movie,Amar's Hands,Khaled Youssef,"Ghadah Abdulrazeq, Wafaa Amer, Hassan El Raddad, Houria Farghally, Sabry Fawwaz",Egypt,"April 26, 2019",2011,TV-14,125 min,"Dramas, International Movies","To fulfill her husband’s dream to build a home, a widow sends her five children to earn money in Cairo, where their poverty tests them at every turn."
s541,TV Show,Anohana: The Flower We Saw That Day,,"Miyu Irino, Ai Kayano, Haruka Tomatsu, Takahiro Sakurai, Saori Hayami, Takayuki Kondo, Mitsuru Ogata, Mutsumi Tamura, Asami Seto, Aki Toyosaki, Kaoru Mizuhara, Yui Makino",Japan,"July 15, 2019",2011,TV-14,1 Season,"Anime Series, International TV Shows, Teen TV Shows",A teen haunted by the spirit of an old friend summons the other members of their childhood club to help fulfill the girl's final wish.
s563,Movie,Apollo 18,Gonzalo López-Gallego,"Warren Christie, Lloyd Owen, Ryan Robbins, Michael Kopsa, Andrew Airlie","United States, Canada","March 9, 2019",2011,PG-13,87 min,"Horror Movies, Sci-Fi & Fantasy, Thrillers","This sci-fi thriller suggests that Apollo 17, despite official statements to the contrary, wasn't NASA's last manned mission to the moon."
s581,Movie,Arisan 2,Nia Dinata,"Surya Saputra, Cut Mini Theo, Tora Sudiro",Indonesia,"September 15, 2018",2011,TV-14,113 min,"Comedies, Dramas, International Movies","A group of friends reunites for a vacation amid nature, where they laugh about their shared history and bond over difficult truths."
s582,Movie,Arjun: The Warrior Prince,Arnab Chaudhuri,"Yudhveer Bakoliya, Ashok Banthia, Ravi Khanwilkar, Vijay Kashyap, Ila Arun, Sachin Khedekar, Rajeshwari Sachdev, Hemanth Mahaur",India,"November 1, 2018",2011,TV-14,91 min,"Action & Adventure, Dramas, International Movies",This animated retelling of the classic Indian tale of Prince Arjun – part of the Sanskrit epic Mahabharata – begins during the prince's youth.
s588,Movie,Arthur,Jason Winer,"Russell Brand, Helen Mirren, Greta Gerwig, Jennifer Garner, Geraldine James, Luis Guzmán, Nick Nolte, Christina Jacquelyn Calph, Murphy Guyer, José Ramón Rosario",United States,"April 1, 2019",2011,PG-13,110 min,"Comedies, Romantic Movies",Russell Brand stars in this remake as a philanderer who must decide whether to give up an inheritance of millions for the sake of romance.
s589,Movie,Arthur Christmas,Sarah Smith,"James McAvoy, Hugh Laurie, Bill Nighy, Jim Broadbent, Imelda Staunton, Ashley Jensen, Ramona Marquez, Marc Wootton, Laura Linney, Eva Longoria, Michael Palin, Joan Cusack, Deborah Findlay, Rich Fulcher, Sarah Smith, Clint Dyer, Kerry Shale, Stewart Lee, Bronagh Gallagher, Kevin Cecil, Alistair McGowan, David Menkin, Kris Pearn, Ian Ashpitel, Rich Hall, Seeta Indrani, Jane Horrocks, Peter Baynham, Emma Kennedy, Dominic West, Jerry Lambert, Julia Davis, Robbie Coltrane, Iain McKee, Sanjeev Bhaskar, Andy Serkis, Tamsin Greig, Rhys Darby, Seamus Malone, Cody Cameron, David Schneider, Kevin Eldon, Danny John-Jules, Brian Cummings","United Kingdom, United States","January 1, 2020",2011,PG,98 min,"Children & Family Movies, Comedies","At Santa Claus's super-secret toy-making facility, Mr. Claus entrusts his son, Arthur, to carry out an ultra-important Christmas mission."
s745,Movie,Barbie: Princess Charm School,Ezekiel Norton,"Diana Kaarina, Morwenna Banks, Nicole Oliver, Brittney Wilson, Ali Liebert, Shannon Chan-Kent, Madeleine Peters, Cathy Weseluck, Ellen Kennedy, Vincent Tong, Derek Waters, Brian Drummond, Tabitha St. Germain, Bethany Brown, Miranda Nolte, Kelly Metzger, Kazumi Evans, Anna Cummer","United States, Canada","October 1, 2017",2011,TV-Y,80 min,Children & Family Movies,"Blair Willows is excited when she gets to go to Princess Charm School, where she meets princesses Delancy and Hadley, and searches for a magic crown."
s775,Movie,Bbuddah Hoga Terra Baap,Puri Jagannadh,"Amitabh Bachchan, Hema Malini, Raveena Tandon, Sonu Sood, Sonal Chauhan, Charmy Kaur, Prakash Raj, Makrand Deshpande, Subbaraju, Shawar Ali, Rajeev Verma",India,"July 5, 2020",2011,TV-14,116 min,"Action & Adventure, Comedies, Dramas","A cooly confident aging hit man returns from exile in Paris to his old city, Mumbai, to revisit his past and perform one last job."
s819,Movie,Being Elmo: A Puppeteer's Journey,Constance Marks,"Kevin Clash, Whoopi Goldberg",United States,"February 21, 2012",2011,PG,76 min,Documentaries,"Whoopi Goldberg narrates Elmo creator Kevin Clash's remarkable journey from a working-class Baltimore neighborhood to Jim Henson's ""Sesame Street."""
s1023,Movie,Bodyguard,Siddique,"Salman Khan, Kareena Kapoor, Raj Babbar, Asrani, Vidya Sinha, Hazel Keech, Chetan Hansraj, Salim Baig",India,"November 19, 2020",2011,TV-14,130 min,"Action & Adventure, Comedies, International Movies","Irked by her bodyguard, an heiress invents a secret admirer to throw him off his duties, but the plan may backfire when she falls for him."
s1065,TV Show,Bountiful Blessings,,"Jessica Hsuan, Tay Ping Hui, Thomas Ong, Jeffrey Xu, Ya Hui, Ann Kok, Zhu Houren, Yao Wenlong",Singapore,"August 1, 2017",2011,TV-14,1 Season,"International TV Shows, TV Dramas, TV Sci-Fi & Fantasy","A former mortal who is now the Kitchen God cooks up celestial turmoil when he impregnates and opens a restaurant with his beloved, reincarnated wife."
s1338,Movie,Chillar Party,"Vikas Bahl, Nitesh Tiwari","Irfan Khan, Raju, Sanath Menon, Rohan Grover, Naman Jain, Aarav Khanna, Vishesh Tiwari, Chinmai Chandranshuh, Vedant Desai, Shriya Sharma, Divji Handa",India,"August 2, 2018",2011,TV-PG,127 min,"Children & Family Movies, Comedies, Dramas","Eight feisty boys befriend young drifter Fatka. When a mean politician threatens Fatka's way of life, the boys band together in honor of their pal."
s1389,Movie,Cinar Agaci,Handan İpekçi,"Nurgül Yeşilçay, Celile Toyon Uysal, Deniz Deha Lostar, Settar Tanrıöğen, Suzan Aksoy, Hüseyin Avni Danyal, Jülide Kural, Ragıp Savaş",Turkey,"April 28, 2020",2011,TV-14,115 min,"Comedies, Dramas, International Movies","A matriarch and her grandson forge a special bond during family picnics every two months, until her health causes a conflict among the relatives."
s1666,Movie,Dear Santa,Jason Priestley,"Amy Acker, David Haydn-Jones, Patrick Creery, Gina Holden, James Dugan, Margherita Donato, Brooklynn Proulx, James D. Hopkin, Bob Irvine",Canada,"November 4, 2019",2011,TV-PG,92 min,"Comedies, Romantic Movies","Finding a letter mailed to Santa by a girl asking for a new wife for her daddy, twentysomething Crystal sets out to make the girl's wishes come true."
s1691,Movie,Delhi Belly,Abhinay Deo,"Imran Khan, Vir Das, Kunaal Roy Kapur, Poorna Jagannathan, Shenaz Treasury, Vijay Raaz, Paresh Ganatra, Rahul Singh",India,"January 10, 2021",2011,TV-MA,101 min,"Action & Adventure, Comedies, International Movies","Three flatmates get involved in the shady business belonging to one roomie's fiancé, and discover that a global crime syndicate is gunning for them."
s1809,Movie,Don 2,Farhan Akhtar,"Shah Rukh Khan, Priyanka Chopra, Boman Irani, Lara Dutta, Kunal Kapoor, Om Puri, Alyy Khan, Nawab Shah","India, Germany","December 15, 2019",2011,TV-14,148 min,"Action & Adventure, International Movies, Music & Musicals","With Asia under his complete control, criminal mastermind Don turns to Europe, battling the mob bosses of each nation along the way."
s1817,Movie,Don't Go Breaking My Heart,Johnnie To,"Louis Koo, Gao Yuanyuan, Daniel Wu",Hong Kong,"December 1, 2018",2011,TV-PG,115 min,"Comedies, International Movies, Romantic Movies","A financial analyst succumbs to a love triangle with a hard-drinking architect and a promiscuous investment bro, who soon becomes her boss."
s1868,TV Show,DreamWorks Holiday Classics,,"Ben Stiller, David Schwimmer, Chris Rock, Jada Pinkett Smith, Jay Baruchel, Gerard Butler, Craig Ferguson, America Ferrera, Eddie Murphy, Mike Myers, Antonio Banderas, Cameron Diaz",United States,"December 16, 2018",2011,TV-PG,1 Season,"Kids' TV, TV Comedies","Join your DreamWorks friends for these four holiday specials, featuring Shrek and Donkey, Hiccup and Toothless, and the wacky animals from Madagascar."
s1870,TV Show,DreamWorks How to Train Your Dragon Legends,,"Jay Baruchel, Craig Ferguson, America Ferrera, Gerard Butler",United States,"January 20, 2020",2011,TV-PG,1 Season,"Kids' TV, TV Action & Adventure, TV Sci-Fi & Fantasy","In this set of shorts, Hiccup and the gang learn about different species of dragons. Then, Gobber goes in search of the Boneknapper Dragon."
s1874,TV Show,DreamWorks Spooky Stories: Volume 2,,"Seth Rogen, Will Arnett, Hugh Laurie, Will Ferrell, David Cross, Sean Bishop, Kiefer Sutherland, Cody Cameron, Aron Warner",,"April 24, 2020",2011,TV-PG,1 Season,"Kids' TV, TV Comedies","The Shrek characters parody the music video ""Thriller""; B.O.B. and pals battle zombie carrots; and Megamind faces the effects of the Button of Doom."
s2057,TV Show,Ex-Boyfriend,,"Tony Yang, Nana Lee, Jerry Huang, Liao Yi Chiao",China,"January 1, 2017",2011,TV-14,1 Season,"International TV Shows, Romantic TV Shows, TV Comedies","Still haunted by the traumatic event that ended her high school romance, a young professional gets a new subordinate: her former sweetheart."
s2080,Movie,Eyyvah Eyyvah 2,Hakan Algül,"Demet Akbağ, Ata Demirer, Özge Borak, Salih Kalyon, Tanju Tuncel, Meray Ülgen, Bican Günalan, Tarık Ünlüoğlu, Ayşenil Şamlıoğlu",Turkey,"March 10, 2017",2011,TV-PG,106 min,"Comedies, International Movies, Romantic Movies","Hüseyin has found his father, and now has one more mission – to get together with the girl of his dreams, with a little help from his new friend."
s2095,Movie,Fakta Ladh Mhana,Sanjay Jadhav,"Sachin Khedekar, Bharat Jadhav, Aniket Vishwasrao, Siddarth Jadhav, Sanjay Narvekar, Vaibhav Mangale, Santosh Juvekar, Sanjay Khapre, Mahesh Manjrekar",India,"February 15, 2018",2011,TV-14,150 min,"Action & Adventure, Dramas, International Movies","A young man enlists the help of his friends to avenge his uncle's death by taking on a powerful, unscrupulous politician."
s2220,TV Show,Footprints in the Sand,,"Yenn Teoh, Leslie Chai, Elvis Chin, Candy Ice, Jacky Kam, Jordan Voon, Alvin Wong",United States,"October 16, 2017",2011,TV-14,1 Season,"International TV Shows, TV Dramas","Familial bonds strain as dramas concerning love, greed, business and generosity simmer across generations."
s2238,TV Show,Forensic Files,,Peter Thomas,United States,"September 1, 2016",2011,TV-MA,9 Seasons,"Crime TV Shows, Docuseries, Science & Nature TV",Detectives and crime lab technicians use the latest and most fascinating procedures to solve crimes in this documentary-style show.
s2243,TV Show,Forget Me Not,,,United Kingdom,"September 18, 2017",2011,TV-MA,1 Season,"International TV Shows, TV Dramas","Teenage Xue Ming was forced to marry the man who raped her. Years after abandoning her young sons to find a better life, can she escape the guilt?"
s2246,Movie,Forks Over Knives,Lee Fulkerson,,United States,"October 3, 2019",2011,PG,96 min,Documentaries,"According to the research of two food scientists, the popularity of processed foods has led to epidemic rates of obesity, diabetes and other diseases."
s2300,TV Show,Frozen Planet,Alastair Fothergill,David Attenborough,"United Kingdom, United States, Spain, Germany, Greece, Canada","January 28, 2016",2011,TV-PG,1 Season,"British TV Shows, Docuseries, International TV Shows",Go on a journey through the Arctic and Antarctic with this visually stunning program that explores these wildernesses and their inhabitants.
s2301,Movie,Frozen Planet: On Thin Ice,,David Attenborough,"United Kingdom, United States, Spain, Germany, Greece, Canada","January 28, 2016",2011,TV-PG,47 min,Movies,David Attenborough journeys to both polar regions to investigate what rising temperatures will mean for the people and wildlife that live there.
s2302,Movie,Frozen Planet: The Epic Journey,,David Attenborough,"United Kingdom, United States, Spain, Germany, Greece, Canada","January 28, 2016",2011,TV-PG,52 min,Movies,"Collecting highlights from the epic documentary series that explores the entire polar year and the inhabitants, from the north to the south."
s2340,Movie,Game,Abhinay Deo,"Abhishek Bachchan, Kangana Ranaut, Anupam Kher, Boman Irani, Jimmy Shergill, Shahana Goswami, Gauhar Khan, Sarah-Jane Dias",India,"December 15, 2019",2011,TV-14,135 min,"International Movies, Thrillers","A tycoon accuses three strangers of killing his daughter but mysteriously dies before he can expose them, sparking a tangled hunt for the real culprit."
s2363,Movie,Garuda in My Heart 2,Rudy Soedjarwo,"Emir Mahira, Aldo Tansani, Maudy Koesnaedi, Ramzi, Rio Dewanto, Monica Sayangbati, Rendy Khrisna",Indonesia,"November 30, 2018",2011,TV-PG,95 min,"Children & Family Movies, Dramas, Sports Movies",A young soccer player sets out to prove he can lead his team to a championship – but being a winner is about more than just talent.
s2381,TV Show,Geronimo Stilton,Guy Vasilovich,"Brian Drummond, Erin Mathews, Richard Ian Cox, Sarah Edmondson, Moneca Stori","Italy, Canada, France","December 31, 2017",2011,TV-Y,1 Season,"Kids' TV, TV Comedies","With the help of brainy and adventurous sidekicks, New Mouse City's favorite journalist investigates mysteries that take him around the world,"
s2497,Movie,Goon,Michael Dowse,"Seann William Scott, Jay Baruchel, Liev Schreiber, Alison Pill, Marc-André Grondin, Kim Coates, Eugene Levy, Nicholas Campbell, Richard Clarkin, Jonathan Cherry","United States, Canada","August 15, 2017",2011,R,92 min,"Comedies, Sports Movies","When he's seen dispatching a rude opposing hockey player in the stands, Doug Glatt is hired by a rival team ... for his fighting skills."
s2663,Movie,Haywire,Steven Soderbergh,"Gina Carano, Michael Fassbender, Ewan McGregor, Bill Paxton, Channing Tatum, Antonio Banderas, Mathieu Kassovitz, Michael Angarano, Michael Douglas, Anthony Brandon Wong","Ireland, United States","March 1, 2020",2011,R,93 min,Action & Adventure,A last-minute mission in Dublin turns deadly for stunning secret operative Mallory Kane when she realizes she's been betrayed.
s2674,Movie,Headwinds,Jalil Lespert,"Benoît Magimel, Isabelle Carré, Antoine Duléry, Ramzy Bédia, Bouli Lanners, Marie-Ange Casta, Daniel Duval, Lubna Azabal, Aurore Clément, Audrey Tautou","France, Belgium","January 1, 2017",2011,TV-MA,92 min,"Dramas, Independent Movies, International Movies","After his wife inexplicably disappears, a man takes their two children and relocates to his hometown in an attempt to end their grief and move on."
s2682,TV Show,Heaven's Garden,,"Bul-am Choi, Ho-Jeong Yoo, Sae-ron Kim, Chan-hee Kang, Woo-Sung Hyun, An Seo Hyun, Ho-Jin Kim",South Korea,"December 15, 2016",2011,TV-MA,1 Season,"International TV Shows, Korean TV Shows, TV Dramas","When her husband goes to jail for bankruptcy, a woman takes her two daughters to live with her father, who severed ties with her years ago."
s2794,Movie,Honey 2,Bille Woodruff,"Kat Graham, Mario Lopez, Audrina Patridge, Seychelle Gabriel, Randy Wayne, Brandon Molale, Melissa Molinaro, Jossara Jinaro, Lonette McKee, Laurieann Gibson, Christopher Shazar",United States,"October 1, 2019",2011,PG-13,111 min,"Dramas, Romantic Movies","Determined to prove herself as a street dancer, Maria heads from juvie to a Bronx rec center where she's introduced to her dance idol, Honey Daniels."
s2799,Movie,Hoodwinked Too! Hood vs. Evil,Mike Disa,"Hayden Panettiere, Glenn Close, Patrick Warburton, Joan Cusack, David Ogden Stiers, Bill Hader, Amy Poehler, Andy Dick, Martin Short, Brad Garrett, Cheech Marin, Tommy Chong, Heidi Klum, Wayne Newton",United States,"November 3, 2018",2011,PG,86 min,"Children & Family Movies, Comedies","Fresh off a top-secret training, feisty heroine Little Red teams up with intrepid reporter Wolf to investigate the disappearance of Hansel and Gretel."
s2802,Movie,Hop,Tim Hill,"James Marsden, Russell Brand, Kaley Cuoco, Hank Azaria, Gary Cole, Elizabeth Perkins, Hugh Laurie, Tiffany Espensen, David Hasselhoff, Chelsea Handler",United States,"January 16, 2020",2011,PG,95 min,"Children & Family Movies, Comedies",A jobless slacker finds himself beyond busy after he runs over the Easter Bunny and has to take over the rabbit's duties so the holiday can continue.
s2858,Movie,Hugo,Martin Scorsese,"Ben Kingsley, Sacha Baron Cohen, Asa Butterfield, Chloë Grace Moretz, Ray Winstone, Emily Mortimer, Christopher Lee, Helen McCrory, Michael Stuhlbarg, Frances de la Tour, Jude Law, Johnny Depp, Edmund Kingsley, Richard Griffiths, Angus Barnett, Michael Pitt, Gulliver McGrath, Eric Moreau, Chloe Grace Moretz","United Kingdom, United States, France","March 1, 2020",2011,PG,127 min,"Children & Family Movies, Dramas","Living inside a Paris train station, an orphan eludes the rigid stationmaster, meets a legendary filmmaker and finds the key to unlocking his destiny."
s2865,TV Show,Humsafar,,"Fawad Khan, Mahira Khan, Atiqa Odho, Naveen Waqar, Sara Kashif",Pakistan,"December 15, 2016",2011,TV-PG,1 Season,"International TV Shows, Romantic TV Shows, TV Dramas","To fulfill her mother's dying wish, middle-class Khirad marries elite Ashar. But those who disapprove plot to turn Ashar against his wife."
s2874,TV Show,Huntik: Secrets and Seekers,,"Yuri Lowenthal, Drew Aaron, Karen Strassman, Marc Thompson, Rebecca Soler, Mike Pollock","United States, Italy"," January 1, 2018",2011,TV-Y7,2 Seasons,Kids' TV,"A high school student searching for his missing father joins a secret group known as the Seekers, who ally with aliens to protect the world from evil."
s2910,Movie,I Don't Know How She Does It,Douglas McGrath,"Sarah Jessica Parker, Pierce Brosnan, Greg Kinnear, Christina Hendricks, Kelsey Grammer, Seth Meyers, Olivia Munn, Jane Curtin, Mark Blum, Busy Philipps, Sarah Shahi, Jessica Szohr",United States,"March 23, 2019",2011,PG-13,89 min,Comedies,"In this affable yuppie comedy, Kate Reddy is a successful executive, wife and mom whose personal and professional lives hang in precarious balance."
s2978,TV Show,Inborn Pair,,"Annie Chen, Chris Wang, Hsieh Kun Da, Puff Kuo, Jennifer Hong",Taiwan,"November 1, 2016",2011,TV-14,1 Season,"International TV Shows, Romantic TV Shows, TV Comedies","Betrothed while in utero, a resort group president enters into an arranged marriage with a legal assistant. Despite their bickering, love blooms."
s3059,TV Show,Iron Man: Armored Adventures,,"Adrian Petriw, Daniel Bacon, Anna Cummer, Vincent Tong, Kristie Marsden, Mackenzie Gray, Lisa Ann Beley, Alistair Abell, Catherine Lough Haggquist, Fred Henderson","Canada, United States, United Kingdom, France, Luxembourg","August 1, 2020",2011,TV-Y7,2 Seasons,Kids' TV,Teen phenom Tony Stark takes to the skies with an ingeniously engineered suit of armor to learn the truth about his father's mysterious death.
s3137,Movie,Jeff Dunham: Controlled Chaos,"Michael Simon, Matthew McNeil",Jeff Dunham,United States,"March 15, 2019",2011,TV-MA,97 min,Stand-Up Comedy,"Politically incorrect and often raunchy humor pepper ventriloquist Dunham's live concert performance featuring characters Walter, Achmed and Peanut."
s3187,Movie,Jiro Dreams of Sushi,David Gelb,Jiro Ono,United States,"June 5, 2019",2011,PG,79 min,Documentaries,"This documentary profiles sushi chef Jiro Ono, an 85-year-old master whose 10-seat, $300-a-plate restaurant is legendary among Tokyo foodies."
s3236,Movie,Judy Moody and the Not Bummer Summer,John Schultz,"Jordana Beatty, Heather Graham, Parris Mosteller, Preston Bailey, Kristoffer Ryan Winters, Garrett Ryan, Jaleel White, Ashley Boettcher, Taylar Hender, Cameron Boyce, Jenica Bergere, Janet Varney",United States,"August 8, 2019",2011,PG,91 min,"Children & Family Movies, Comedies","In this family film, never-dull third-grader Judy Moody embarks on a summer adventure with her brother, Stink, and always-up-for-fun Aunt Opal."
s3244,Movie,Jumping the Broom,Salim Akil,"Angela Bassett, Paula Patton, Laz Alonso, Loretta Devine, Meagan Good, Tasha Smith, Julie Bowen, DeRay Davis, Valarie Pettiford, Pooch Hall, Tenika Davis, T.D. Jakes, Mike Epps, Romeo Miller, Marguerite McNeil, El DeBarge, Brian Stokes Mitchell, Gary Dourdan",United States,"November 1, 2020",2011,PG-13,113 min,"Comedies, Romantic Movies","After a whirlwind romance, a couple rushes to say ""I do"" at the bride's family estate on Martha's Vineyard, where their relations meet — and clash."
s3257,Movie,Justin Bieber: Never Say Never,Jon M. Chu,"Justin Bieber, Ludacris, Usher Raymond, Jaden Smith, Miley Cyrus, Sean Kingston, Boyz II Men",United States,"January 1, 2018",2011,G,106 min,"Documentaries, Music & Musicals","Teen idol Justin Bieber provides personal snapshots from throughout his career, culminating with scenes from his triumphant 2010 concert tour."
s3265,Movie,K-on! the movie,Naoko Yamada,"Aki Toyosaki, Yoko Hikasa, Satomi Sato, Minako Kotobuki, Ayana Taketatsu, Asami Sanada, Madoka Yonezawa, Chika Fujito, Yoriko Nagata",Japan,"November 15, 2019",2011,TV-PG,110 min,"Anime Features, Music & Musicals",The seniors in Sakuragaoka High School's music club live out the graduation trip of their dreams when they celebrate by performing in London.
s3344,Movie,Kevin Hart: Laugh at My Pain,"Leslie Small, Tim Story",Kevin Hart,United States,"October 1, 2018",2011,R,89 min,Stand-Up Comedy,"Sometimes edgy and always hilarious, comedian Kevin Hart shines in this theatrical version of his record-breaking 2011 live tour."
s3361,TV Show,Khotey Sikkey,,"Vikas Kumar, Hassan Zaidi, Sukhmani Sadana, Puru Chibber, Dilkhush, Mark Farokh Parakh",India,"March 15, 2018",2011,TV-14,1 Season,"Crime TV Shows, International TV Shows, TV Dramas",Five affluent youths find a new sense of purpose as they team up with a Mumbai police officer on crime-busting missions around the city.
s3383,Movie,Kill the Irishman,Jonathan Hensleigh,"Ray Stevenson, Vincent D'Onofrio, Val Kilmer, Christopher Walken, Linda Cardellini, Fionnula Flanagan, Jason Butler Harner, Vinnie Jones, Paul Sorvino, Marcus Thomas, Tony Darrow",United States,"August 21, 2020",2011,R,106 min,"Action & Adventure, Dramas, Independent Movies","This true crime tale charts the rise and fall of mobster Danny Greene, who faced down the Mafia to gain control of organized crime in 1970s Cleveland."
s3510,Movie,Laddaland,Sopon Sukdapisit,"Saharat Sangkapreecha, Pok Piyatida Woramusik, Sutatta Udomsilp, Athipich Chutiwatkajornchai, Deuntem Salitul, Sahajak Boonthanakit",Thailand,"September 7, 2018",2011,TV-MA,112 min,"Horror Movies, International Movies","When a family moves into an upscale housing development, they encounter a series of paranormal events that drive them to the edge of insanity."
s3528,TV Show,Land Girls,,"Becci Gemmell, Susan Cookson, Mark Benton, Mykola Allen, Sophie Ward, Jo Woodcock, Seline Hizli, Liam Boyle, Danny Webb, Nicholas Shaw, Carolyn Pickles, David Schofield, Summer Strallen, Christine Bottomley",United Kingdom,"August 1, 2017",2011,TV-14,3 Seasons,"British TV Shows, International TV Shows, TV Dramas","Follow the lives, loves, highs and lows of four members of the Women's Land Army who are working at the Hoxley Estate during WWII."
s3548,Movie,Lavell Crawford: Can a Brother Get Some Love?,Michael Drumm,Lavell Crawford,United States,"August 2, 2016",2011,TV-MA,81 min,Stand-Up Comedy,"""Last Comic Standing"" runner-up Lavell Crawford lords over a hometown crowd at St. Louis's Orpheum Theatre, raking in the love – and the laughs."
s3561,Movie,LeapFrog: Numberland,Ron Myrick,"Jeannie Elias, Kat Feller, Sandy Fox, Cindy Robinson, Richard Rosenblatt",United States,"April 15, 2020",2011,TV-Y,33 min,Movies,"With transport support from their magic car, Axel, the LeapFrog pets make a new friend named Max, who helps them learn counting skills in Numberland."
s3562,Movie,LeapFrog: Phonics Farm,Ron Myrick,"Jeannie Elias, Kat Feller, Sandy Fox, Cindy Robinson, Richard Rosenblatt",United States,"April 15, 2020",2011,TV-Y,35 min,Movies,Scout takes a magical trip to a farm where an alligator and other friendly critters teach him all about sounding out the letters of the alphabet.
s3563,Movie,"LeapFrog: Sing-along, Read-along",Ron Myrick,"Julie Maddalena, Cindy Robinson",,"April 15, 2020",2011,TV-Y,32 min,Children & Family Movies,"Using rhythm and rhymes, a funky band and a colorful cast of characters help make reading, sounding out vowels and building words easy and fun!"
s3778,Movie,Love Station,Ahmad Samir Farag,"Menna Shalaby, Sherif Salama, Yousra El Lozy, Mona Hala, Edward Fouad, Lotfy Labib, Ashraf Hamdy",Egypt,"April 25, 2019",2011,TV-14,97 min,"Comedies, International Movies, Romantic Movies","Single coworkers at a radio station are brought together by mutual friends, but their starry-eyed notions about love may scuttle their romance."
s3960,TV Show,Marvel Anime: Wolverine,,"Rikiya Koyama, Romi Park, Fumiko Orikasa, Hidekatsu Shibata, Kazuki Yao, Masato Hagiwara","United States, Japan","December 16, 2020",2011,TV-14,1 Season,"Anime Series, International TV Shows","Logan, aka mutant X-Man Wolverine, is on a quest to reclaim the love of his life – whose crime lord father is planning an arranged marriage for her."
s3961,TV Show,Marvel Anime: X-Men,,"Toshiyuki Morikawa, Rikiya Koyama, Katsunosuke Hori, Aya Hisakawa, Kaori Yamagata, Yoshiko Sakakibara, Yurika Hino, Yukari Tamura, Hideyuki Tanaka",Japan,"December 16, 2020",2011,TV-14,1 Season,"Anime Series, International TV Shows","A year after their dissolution, the X-Men are re-assembled by Professor Charles Xavier to investigate the kidnapping of young mutants in Japan."
s4008,Movie,Mean Girls 2,Melanie Mayron,"Meaghan Martin, Maiara Walsh, Jennifer Stone, Nicole Gale Anderson, Claire Holt, Diego Boneta, Linden Ashby, Rhoda Griffis, Mike Pniewski, Patrick Johnson, Tim Meadows",United States,"January 1, 2021",2011,PG-13,98 min,Comedies,The father of a high school pariah offers to pay another student's way through college if she makes friends with his outcast daughter.
s4067,Movie,Michael,Ribhu Dasgupta,"Naseeruddin Shah, Mahie Gill, Sabyasachi Chakraborty, Rudranil Ghosh, Iravati Harshe, Churni Ganguly, June Maliah, Purav Bhandare, Shridhar Watsar",India,"July 5, 2020",2011,TV-MA,86 min,"Dramas, Independent Movies, International Movies","After a dedicated cop accidentally kills a 12-year-old boy, he's fired, harassed and forced to take menial work as he tries to keep his life together."
s4143,Movie,Miss Representation,Jennifer Siebel Newsom,,United States,"October 20, 2017",2011,NR,90 min,Documentaries,Explore how the mainstream media's often disparaging portrayals of women contribute to the under-representation of females in positions of leadership.
s4192,Movie,Monster High: Fright On!,"Victor Dal Chele, Alfred Gimeno","Kate Higgins, Debi Derryberry, Salli Saffioti, Laura Bailey, Yuri Lowenthal, Audu Paden, Cindy Robinson, Erin Fitzgerald, America Young, Ogie Banks",United States,"January 1, 2018",2011,TV-Y7,46 min,Children & Family Movies,"Big changes are afoot at Monster High when administrators announce a merger with two other schools, designed to bring all monsters together."
s4207,TV Show,Monty Don's Italian Gardens,,Monty Don,United Kingdom,"July 26, 2019",2011,TV-G,1 Season,"British TV Shows, Docuseries, International TV Shows","From horticultural hideaways to luxurious botanical displays, TV personality Monty Don explores the history behind Italy’s most extraordinary gardens."
s4231,Movie,Morya,Avadhoot Gupte,"Santosh Juvekar, Chinmay Mandlekar, Pari Telang, S. Joshi, Dilip Prabhavalkar, Ganesh Yadav, Pushkar Shrotri",India,"February 15, 2018",2011,TV-14,121 min,"Dramas, International Movies",Two communities in Mumbai get a final chance to compete with each other in the celebration of the iconic Ganesh Chaturthi festival.
s4287,Movie,Muran,Rajan Madhav,"Prasanna, Cheran, Haripriya, Nikhita, Suma Bhattacharya, Jayaprakash",India,"October 1, 2018",2011,TV-14,134 min,"Action & Adventure, International Movies","When jingle composer Nanda's car breaks down on his way to Chennai, he hitchhikes there with Arjun, who tries to rope Nanda into a shady deal."
s4319,Movie,My Friend Pinto,Raaghav Dar,"Prateik, Kalki Koechlin, Arjun Mathur, Shruti Seth, Makrand Deshpande, Divya Dutta, Rajendranath Zutshi, Amin Hajee, Karim Hajee, Shakeel Khan",India,"October 1, 2018",2011,TV-14,100 min,"Comedies, International Movies, Sci-Fi & Fantasy",A bright-eyed villager comes face-to-face with the gritty realities of modern-day Mumbai when he sets out to find his childhood friend.
s4367,Movie,My Week with Marilyn,Simon Curtis,"Michelle Williams, Kenneth Branagh, Eddie Redmayne, Dominic Cooper, Philip Jackson, Derek Jacobi, Toby Jones, Michael Kitchen, Julia Ormond, Simon Russell Beale, Dougray Scott, Zoë Wanamaker, Emma Watson, Judi Dench","United Kingdom, United States","May 30, 2019",2011,R,99 min,"Dramas, Romantic Movies","While filming a movie in England, Hollywood icon Marilyn Monroe slips away with a young Brit for a week of self-discovery and frivolity."
s4408,Movie,Naruto Shippuden : Blood Prison,Masahiko Murata,"Junko Takeuchi, Chie Nakamura, Rikiya Koyama, Kazuhiko Inoue, Masaki Terasoma, Mie Sonozaki, Yuichi Nakamura, Kengo Kawanishi, Kosei Hirota, Masako Katsuki",Japan,"September 1, 2017",2011,TV-14,102 min,"Action & Adventure, Anime Features, International Movies","Mistakenly accused of an attack on the Fourth Raikage, ninja Naruto is imprisoned in the impenetrable Hozuki Castle and his powers are sealed."
s4492,Movie,No One Killed Jessica,Raj Kumar Gupta,"Rani Mukerji, Vidya Balan, Myra Karn, Neil Bhoopalam, Rajesh Sharma, Mohammed Zeeshan Ayyub, Bubbles Sabharwal, Satyadeep Misra, Yogendra Tikku, Geeta Sudan",India,"November 1, 2018",2011,TV-MA,131 min,"Dramas, International Movies",This thriller tells the true story of model Jessica Lall – who was shot dead in a restaurant – and the campaign to bring her killer to justice.
s4494,Movie,No Other Woman,Ruel S. Bayani,"Anne Curtis, Derek Ramsay, Cristine Reyes, Tirso Cruz III, Carmi Martin, John Arcilla, Marlann Flores, Ron Morales, Kat Alano",Philippines,"March 4, 2019",2011,TV-MA,103 min,"Dramas, International Movies, Romantic Movies","A happily married man gives in to temptation when a wealthy client pursues him, setting off a torrid love triangle."
s4552,TV Show,Nura: Rise of the Yokai Clan: Demon Capital,,"Jun Fukuyama, Darrel Guilbeau, Eri Kitamura, Grant George, Yui Horie, Cassandra Lee, Hiroki Yasumoto, Kyle Hebert",Japan,"December 1, 2016",2011,TV-MA,1 Season,"Anime Series, Crime TV Shows","By night, teenage Rikuo becomes a form of demon called yokai, preparing to fulfill his destiny as the head of his legendary yokai clan."
s4579,TV Show,Office Girls,,"Roy Chiu, Alice Ko, Tia Lee, Patrick Lee, Kuo Shu-yao, James Wen, Janel Tsai",Taiwan,"August 1, 2016",2011,TV-14,1 Season,"International TV Shows, Romantic TV Shows, TV Comedies","A department store mogul has his son work incognito in a menial job to prove his worthiness, while female co-workers teach him how normal people live."
s4586,Movie,Oh My Ghost 2,Poj Arnon,"Kohtee Aramboy, Yingsak Chonglertjetsadawong, Jaturong Mokjok, Apaporn Nakornsawan, Pharanyu Rojanawuthitham, Wiradit Srimalai, Ekkachai Srivichai, Chaiwat Thongsaeng, Kachapa Toncharoen",Thailand,"July 25, 2018",2011,TV-MA,103 min,"Comedies, Horror Movies, International Movies","The spirited trio are back to take on a new ghost-busting adventure at a mens' residence, where spooky secrets lurk around every corner."
s4686,TV Show,Oscar's Oasis,,,France,"March 15, 2015",2011,TV-Y,1 Season,Kids' TV,"Plucky lizard Oscar spends his time trying to avoid the hazards of the desert, including marauding chickens and bumbling adversaries."
s4695,Movie,Our Idiot Brother,Jesse Peretz,"Paul Rudd, Elizabeth Banks, Zooey Deschanel, Emily Mortimer, Kathryn Hahn, Steve Coogan, Rashida Jones, Hugh Dancy, Shirley Knight, Adam Scott, T.J. Miller",United States,"February 26, 2019",2011,R,90 min,"Comedies, Dramas, Independent Movies",A seemingly clueless idealist relies on his exasperated sisters for shelter and support after his girlfriend dumps him and his dog is taken away.
s4745,TV Show,Pajanimals,,"John Kennedy, Victor Yerrid, Donna Kimball, Alice Dinnean, Paul Currie, Michael Winsor, Josh Elwell, Sarah Lyle",United States,"March 31, 2020",2011,TV-Y,1 Season,Kids' TV,"From the comfort of their bedroom, the Pajanimals puppets explore a larger world through imaginary adventures, accompanied by friendships and songs."
s4790,Movie,Patiala House,Nikhil Advani,"Rishi Kapoor, Dimple Kapadia, Akshay Kumar, Anushka Sharma, Tinnu Anand, Soni Razdan, Prem Chopra, Masood Akhtar, Jeneva Talwar, Suparna Marwah",India,"October 22, 2017",2011,TV-PG,140 min,"Dramas, International Movies, Sports Movies","A talented young Indian cricket player must defy his father's wishes to play for the side of England, a rebellion his siblings quietly cheer."
s4942,TV Show,Power Rangers Samurai,,"Alex Heartman, Erika Fong, Hector David Jr., Najee De-Tiege, Brittany Anne Pirtle, Rene Naufahu, Jeff Szusterman, Felix Ryan, Paul Schrier",United States,"January 1, 2016",2011,TV-Y7,1 Season,Kids' TV,"A new generation of Power Rangers must master the Symbols of Samurai Power, which give them control over the Earth's elements to battle dark forces."
s4943,Movie,"Power Rangers Samurai: Christmas Together, Friends Forever (Christmas Special)",,"Alex Heartman, Erika Fong, Hector David Jr., Najee De-Tiege, Brittany Anne Pirtle, Steven Skyler, Rene Naufahu, Felix Ryan, Paul Schrier",United States,"January 1, 2016",2011,TV-Y7,24 min,Movies,"On Christmas Eve, as the teens at Shiba House reflect on their first year together, they get an unexpected lesson on the true spirit of the holidays."
s4944,Movie,Power Rangers Samurai: Clash of the Red Rangers,,"Alex Heartman, Erika Fong, Hector David Jr., Najee De-Tiege, Brittany Anne Pirtle, Rene Naufahu",United States,"January 1, 2016",2011,TV-Y7,46 min,Children & Family Movies,The Samurai Rangers team up with the RPM Ranger Red to fight off Master Xandred's Mooger army and a robotic villain from the RPM Ranger's dimension.
s4945,Movie,Power Rangers Samurai: Party Monsters (Halloween Special),,"Alex Heartman, Erika Fong, Hector David Jr., Najee De-Tiege, Brittany Anne Pirtle, Steven Skyler, Rene Naufahu, Felix Ryan, Paul Schrier, Ricardo Medina Jr.",United States,"January 1, 2016",2011,TV-Y7,24 min,Movies,"On Halloween night, the creepiest creatures from the Netherworld trade war stories about their battles with the Samurai Power Rangers."
s4984,TV Show,Prohibition: A Film by Ken Burns and Lynn Novick,,Peter Coyote,United States,"February 22, 2017",2011,TV-PG,1 Season,"Crime TV Shows, Docuseries","Ken Burns's documentary traces the passage of the 18th Amendment, the social and legal effects of prohibiting alcohol, and the repeal of Prohibition."
s4997,TV Show,Puella Magi Madoka Magica,,"Aoi Yuki, Chiwa Saito, Kaori Mizuhashi, Eri Kitamura, Emiri Kato, Ai Nonaka",Japan,"June 15, 2019",2011,TV-14,1 Season,"Anime Series, International TV Shows","One day, Madoka Kaname has a very magical encounter, one that can change her destiny. This is the beginning of the new story of magical witch girls."
s5013,Movie,Puss in Boots,Chris Miller,"Antonio Banderas, Salma Hayek, Zach Galifianakis, Billy Bob Thornton, Amy Sedaris, Constance Marie, Guillermo del Toro, Mike Mitchell",United States,"September 1, 2020",2011,PG,92 min,"Children & Family Movies, Comedies",The fabled feline heads to the Land of Giants with friends Humpty Dumpty and Kitty Softpaws on a quest to nab its greatest treasure: the Golden Goose.
s5015,Movie,Pyaar Ka Punchnama,Luv Ranjan,"Kartik Aaryan, Divyendu Sharma, Raayo S. Bakhirta, Nushrat Bharucha, Sonalli Sehgall, Ishita Raj",India,"May 1, 2017",2011,TV-14,149 min,"Comedies, Dramas, International Movies",Matters of the heart introduce chaos into the once-idyllic bachelor existence of three young men who share an apartment.
s5065,Movie,Ragini MMS,Pawan Kripalani,"Kainaz Motivala, Rajkummar Rao, Rajat Kaul, Janice, Shernaza, Mangala Ahire, Vinod Rawat",India,"May 31, 2019",2011,TV-MA,93 min,"Horror Movies, International Movies",A couple out to have a sensuous weekend at a house outside of Mumbai finds it rigged with surveillance cameras and occupied by an evil entity.
s5099,Movie,Rango,Gore Verbinski,"Johnny Depp, Isla Fisher, Abigail Breslin, Ned Beatty, Alfred Molina, Bill Nighy, Stephen Root, Harry Dean Stanton, Timothy Olyphant, Ray Winstone",United States,"December 28, 2020",2011,PG,110 min,"Children & Family Movies, Comedies","When he becomes lost in the desert, pet chameleon Rango pretends he's a tough guy and ends up sheriff of a corrupt and violent frontier town."
s5113,Movie,Reaction,Husam El-Gohari,"Mahmoud Abdel Moghny, Amr Youssef, Horeya Farghaly, Mahmoud El Gendy, Entessar, Donia El Masry, Sabry Abdel Moniem, Raouf Mustafa, Alaa Zenhom",Egypt,"June 20, 2019",2011,TV-14,99 min,"Dramas, International Movies","When a series of seemingly random people are murdered, baffled police search for a killer who may have a connection to them all."
s5114,Movie,Ready,Anees Bazmee,"Salman Khan, Asin, Paresh Rawal, Mahesh Manjrekar, Anuradha Patel, Manoj Pahwa, Manoj Joshi, Puneet Issar, Sharat Saxena, Akhilendra Mishra, Zarine Khan, Arya Babbar",India,"October 22, 2017",2011,TV-PG,144 min,"Comedies, International Movies, Romantic Movies","Bollywood superstar Salman Khan plays Prem, an heir to a perfume fortune who falls in love with the wrong woman in this romantic comedy."
s5119,Movie,Real Steel,Shawn Levy,"Hugh Jackman, Dakota Goyo, Evangeline Lilly, Anthony Mackie, Kevin Durand, Hope Davis, James Rebhorn, Karl Yune, Olga Fonda, John Gatins","United States, India","September 24, 2020",2011,PG-13,127 min,"Action & Adventure, Sci-Fi & Fantasy, Sports Movies",A struggling fighter-turned-promoter reconnects with his estranged son to convert an old-generation robot into a mighty World Robot Boxing contender.
s5224,Movie,Rivaaz,Ashok Nanda,"Deepti Naval, Vijay Raaz, Meghna Naidu, Saadhika Randhawa, Ritisha Vijayvargya, Manoj Biddvai, Sayaji Shinde, Reema Lagoo",India,"November 1, 2017",2011,TV-MA,107 min,"Dramas, Independent Movies, International Movies","In a village where girls are auctioned off rather than married, a man falls in love with a girl who is about to face the bidders."
s5427,TV Show,Scare Tactics,,"Tracy Morgan, Lauren Ash",United States,"June 30, 2019",2011,TV-MA,2 Seasons,"Reality TV, TV Comedies, TV Horror",This ghoulish but hilarious hidden-camera show from Syfy finds mischievous friends and family members setting up unsuspecting victims for elaborate pranks that use high-quality makeup and special effects to unleash their worst fears upon them.
s5452,Movie,Season of the Witch,Dominic Sena,"Nicolas Cage, Ron Perlman, Christopher Lee, Stephen Campbell Moore, Stephen Graham, Ulrich Thomsen, Claire Foy, Robert Sheehan, Kevin Rees, Andrew Hefler",United States,"April 26, 2019",2011,PG-13,95 min,"Action & Adventure, Sci-Fi & Fantasy",A group of weary warriors transport a suspected witch believed to be responsible for spreading the devastating Black Plague.
s5506,Movie,Set Up,Mike Gunther,"50 Cent, Ryan Phillippe, Bruce Willis, Rory Markham, Jenna Dewan, Brett Granstaff, Randy Couture, Susie Abromeit, Ron Turner, James Remar",United States,"January 10, 2020",2011,R,85 min,Action & Adventure,"A diamond heist goes horribly wrong, and the group of friends who sought to make a fortune must instead fight for their very survival."
s5535,Movie,Shahanpan Dega Deva,Sudesh Manjrekar,"Bharat Jadhav, Ankush Chaudhari, Siddarth Jadhav, Santosh Juvekar, Vaibhav Mangale, Kranti Redkar, Manava Naik",India,"January 1, 2018",2011,TV-14,115 min,"Comedies, International Movies","At large in the city, five inmates of a mental asylum run up against the insanity of the outside world while trying to prevent a terrorist plot."
s5536,Movie,Shaitan,Bejoy Nambiar,"Rajeev Khandelwal, Kalki Koechlin, Gulshan Devaiah, Shiv Pandit, Kirti Kulhari, Neil Bhoopalam, Nikhil Chinappa, Rajit Kapoor, Rajkummar Rao, Pavan Malhotra",India,"July 5, 2020",2011,TV-MA,126 min,"Action & Adventure, Dramas, Independent Movies","When they're blackmailed after a hit-and-run, a troubled rich girl and her wild friends stage a fake kidnapping with a plan to collect the ransom."
s5544,Movie,Shark Night,David R. Ellis,"Sara Paxton, Dustin Milligan, Chris Carmack, Katharine McPhee, Donal Logue, Joshua Leonard, Sinqua Walls, Chris Zylka, Alyssa Diaz, Joel David Moore",United States,"November 2, 2019",2011,PG-13,91 min,Horror Movies,A weekend of beach-house debauchery turns into a nightmare for a group of friends when they discover that the waters are infested with vicious sharks.
s5579,Movie,Shor In the City,"Raj Nidimoru, Krishna D.K.","Sendhil Ramamurthy, Tusshar Kapoor, Nikhil Dwivedi, Preeti Desai, Sundeep Kishan, Radhika Apte, Pitobash, Girija Oak, Alok Chaturvedi, Sudhir Chowdhary",India,"May 31, 2019",2011,TV-MA,106 min,"Comedies, Dramas, Independent Movies","When three small-time Mumbai crooks steal a bag on a train, they find that it's filled with weapons and realize that their lives may be in danger."
s5628,Movie,Singham,Rohit Shetty,"Ajay Devgn, Kajal Aggarwal, Prakash Raj, Sonali Kulkarni, Sachin Khedekar, Sudhanshu Pandey, Anant Jog",India,"November 19, 2020",2011,TV-14,142 min,"Action & Adventure, Dramas, International Movies",A police inspector kills himself after a powerful gangster frames him for corruption – but soon the thug faces the full force of cop Bajirao Singham.
s5728,Movie,Soul Surfer,Sean McNamara,"AnnaSophia Robb, Helen Hunt, Dennis Quaid, Carrie Underwood, Kevin Sorbo, Ross Thomas, Chris Brochu, Lorraine Nicholson, Jeremy Sumpter, Sonya Balmores, Craig T. Nelson, Mark Kubr, Kim Morgan Greene, Titus Kinimaka, Branscombe Richmond, Sonya Balmores Chung, Kimberly-Rose Wolter, John Philbin, David Chokachi, Wesley Mann",United States,"May 17, 2020",2011,PG,106 min,"Dramas, Faith & Spirituality, Sports Movies",Hawaiian teen Bethany Hamilton bravely returns to competitive surfing after losing her left arm in a vicious shark attack.
s5777,Movie,Spy Kids: All the Time in the World,Robert Rodriguez,"Jessica Alba, Joel McHale, Rowan Blanchard, Mason Cook, Jeremy Piven, Alexa PenaVega, Daryl Sabara, Ricky Gervais, Danny Trejo",United States,"February 19, 2019",2011,PG,88 min,"Children & Family Movies, Comedies",Former Spy Kids Carmen and Juni return to help twin siblings Rebecca and Cecil Wilson save the world with their retired secret-agent stepmother.
s5869,Movie,Suckseed,Chayanop Boonprakob,"Jirayu La-ongmanee, Pachara Chirathivat, Nattasha Nauljam, Thawat Pornrattanaprasert",Thailand,"September 5, 2018",2011,TV-MA,130 min,"Comedies, International Movies, Music & Musicals","When his boyhood crush Ern returns, Ped forms a band with his friend to impress her. Romantic rivalries bloom after the talented Ern joins the group."
s5961,Movie,Take Me Home Tonight,Michael Dowse,"Topher Grace, Anna Faris, Dan Fogler, Teresa Palmer, Chris Pratt, Michael Biehn, Jeanie Hackett, Lucy Punch, Michelle Trachtenberg, Demetri Martin","United States, Germany","May 16, 2019",2011,R,97 min,"Comedies, Romantic Movies","Set in the financial boom of the late 1980s, this tale centers on a recent college grad trying to figure out what to do with his life."
s5980,Movie,Tanda Tanya,Hanung Bramantyo,"Reza Rahadian, Revalina S. Temat, Rio Dewanto, Agus Kuncoro Adi, Endhita, Hengky Solaiman, Edmay Solaiman, Dedi Soetomo, M Ibrahim",,"January 14, 2021",2011,TV-MA,102 min,"Dramas, International Movies","In a story of interconnected lives, three families of different religious faiths navigate conflicting beliefs, hardships and other struggles."
s5983,Movie,Tanu Weds Manu,Aanand Rai,"Madhavan, Kangana Ranaut, Jimmy Shergill, Deepak Dobriyal, Swara Bhaskar, Eijaz Khan, K.K. Raina, Rajendra Gupta, Ravi Kishan, Navni Parihar",India,"July 5, 2020",2011,TV-14,114 min,"Comedies, Dramas, International Movies","When London-based doctor Manu reluctantly returns to India to find a bride, he meets the girl of his dreams – only to discover she loves another man."
s6010,TV Show,Teen Mom 2,,"Jenelle Evans, Chelsea Houska, Kailyn Lowry, Leah Messer",United States,"December 15, 2020",2011,TV-14,2 Seasons,Reality TV,"The highs and lows of new parenting and adulting create drama and heartbreak as life moves on for the cast of ""16 and Pregnant"" Season 2."
s6043,Movie,Thank You,Anees Bazmee,"Akshay Kumar, Bobby Deol, Sonam Kapoor, Irrfan Khan, Sunil Shetty, Rimi Sen, Celina Jaitly",India,"August 2, 2018",2011,TV-14,131 min,"Comedies, International Movies, Romantic Movies",Three cheating husbands end up paying the price for their infidelities when their spouses hire a private detective – who falls for one of the wives.
s6070,Movie,The Adventures of Tintin,Steven Spielberg,"Jamie Bell, Andy Serkis, Daniel Craig, Nick Frost, Simon Pegg, Daniel Mays, Gad Elmaleh, Toby Jones, Joe Starr","United States, New Zealand, United Kingdom","November 20, 2019",2011,PG,107 min,Children & Family Movies,"This 3-D motion capture adapts Georges Remi's classic comic strip about the adventures of fearless young journalist Tintin and his trusty dog, Snowy."
s6096,Movie,The Artist,Michel Hazanavicius,"Jean Dujardin, Bérénice Bejo, John Goodman, James Cromwell, Penelope Ann Miller, Missi Pyle, Beth Grant, Ed Lauter, Joel Murray, Elizabeth Tulloch, Ken Davitian, Malcolm McDowell","France, Belgium, United States","April 25, 2020",2011,PG-13,101 min,"Comedies, Dramas, Independent Movies","Winner of five Oscars, this black-and-white silent film follows the romance between a silent-era legend on a downward spiral and a rising starlet."
s6127,TV Show,The Bible's Buried Secrets,,Francesca Stavrakopoulou,United Kingdom,"February 1, 2019",2011,TV-14,1 Season,"British TV Shows, Docuseries, Science & Nature TV","Host Francesca Stavrakopoulou travels across the Middle East, offering extraordinary insights into the stories of the Old Testament."
s6154,TV Show,The Bomb Squad,,Christopher Eccleston,United Kingdom,"February 1, 2019",2011,TV-MA,1 Season,"British TV Shows, Docuseries",This documentary follows British bomb disposal teams in Afghanistan and the dangers they face in their methodical lives on the front lines of war.
s6231,TV Show,The Code,,Marcus du Sautoy,United Kingdom,"February 1, 2018",2011,TV-PG,1 Season,"British TV Shows, Docuseries, International TV Shows","In this three-part documentary series, host Marcus du Sautoy examines the mathematical code underlying all of life on Earth and the universe itself."
s6244,Movie,The Consul's Son,Amr Arafa,"Khaled Saleh, Ghada Adel, Ahmed el-Sakka, Khaled Sarhan, Sawsan Badr, Mustafa Haridi",Egypt,"April 25, 2019",2011,TV-14,114 min,"Comedies, International Movies, Thrillers",A notorious forger known for his ability to create fake passports and visas finds himself the target of a con man's ruse.
s6265,Movie,The Dancer,Ifa Isfansyah,"Prisia Nasution, Oka Antara, Slamet Rahardjo, Dewi Irawan, Lukman Sardi, Tio Pakusadewo",Indonesia,"December 8, 2018",2011,TV-MA,105 min,"Dramas, International Movies, Romantic Movies","Orphaned by a tragedy that took the lives of her parents, Srintil grows up in a poor Indonesian village aspiring to be a sacred dancer."
s6317,TV Show,The Drunk and on Drugs Happy Funtime Hour,,"John Paul Tremblay, Robb Wells, Maury Chaykin, Luke Gordon, Amy Sedaris, Jay Baruchel",Canada,"August 24, 2018",2011,TV-MA,1 Season,"International TV Shows, TV Comedies","A variety-show production trips up big time when the cast members take their roles to new heights, and the line between fact and fiction blurs."
s6397,Movie,The Girl with the Dragon Tattoo,David Fincher,"Daniel Craig, Rooney Mara, Christopher Plummer, Stellan Skarsgård, Steven Berkoff, Robin Wright, Yorick van Wageningen, Joely Richardson, Geraldine James, Goran Visnjic","United States, Sweden, Norway","January 5, 2021",2011,R,158 min,"Dramas, Thrillers","When a young computer hacker is tasked with investigating a prying journalist, their separate missions become entangled amid a decades-old conspiracy."
s6423,Movie,The Great Magician,Yee Tung-Shing,"Tony Leung Chiu Wai, Lau Ching Wan, Zhou Xun, Wu Gang, Ni Yan, Paul Chun, Kenya Sawada, Lam Suet","Hong Kong, China","May 11, 2019",2011,TV-14,128 min,"Action & Adventure, Comedies, Dramas","In 1920s Beijing, a host of talented performers gather to show off their skills. The challenge: reproduce a magic trick called the Eight Immortals."
s6426,Movie,The Green Hornet,Michel Gondry,"Seth Rogen, Jay Chou, Cameron Diaz, Tom Wilkinson, Christoph Waltz, David Harbour, Edward James Olmos, Jamie Harris, Chad L. Coleman, Edward Furlong",United States,"April 18, 2020",2011,PG-13,119 min,"Action & Adventure, Comedies","A hard-partying heir dons a disguise to fight crime after hours. But with no talents or skills, he relies on his friend, a martial-arts genius."
s6448,Movie,The Help,Tate Taylor,"Emma Stone, Viola Davis, Bryce Dallas Howard, Octavia Spencer, Jessica Chastain, Ahna O'Reilly, Allison Janney, Anna Camp, Cicely Tyson, Mike Vogel, Sissy Spacek, Mary Steenburgen, Carol Sutton, Dana Ivey, Amy Beckwith, Aunjanue Ellis, Kelsey Scott, Lauren Miller, Tarra Riggs, Wes Chatham, Ashley Johnson, Roslyn Ruff, Brian Kerwin, Shane McRae, Chris Lowell, Charles Cooper, Leslie Jordan, La Chanze, Elizabeth Smith, Nelsan Ellis, Ritchie Montgomery, Ted Welch, David Oyelowo, Tiffany Brouwer",United States,"June 1, 2020",2011,PG-13,147 min,Dramas,"A young, white writer stirs up the status quo in 1960s Mississippi by interviewing Black housemaids and bringing their stories to the masses."
s6482,TV Show,The In-Laws,,"Louise Lee, Rui En, Pierre Png, Darren Lim, Cynthia Koh, Belinda Lee",Singapore,"August 1, 2017",2011,TV-14,1 Season,"International TV Shows, TV Dramas","She swore not to meddle in her kids' lives like her mother-in-law meddled in hers. But when her sons get married, that vow proves not so easy to keep."
s6501,Movie,The Intouchables,"Olivier Nakache, Éric Toledano","François Cluzet, Omar Sy, Anne Le Ny, Audrey Fleurot, Joséphine de Meaux, Clotilde Mollet, Alba Gaïa Kraghede Bellugi, Cyril Mendy",France,"January 11, 2021",2011,R,112 min,"Comedies, Dramas, International Movies","In need of a caregiver, a wealthy aristocrat with quadriplegia hires the last person anyone expects: an ex-con with no experience. Based on a true story."
s6510,Movie,The Iron Lady,Phyllida Lloyd,"Meryl Streep, Jim Broadbent, Alexandra Roach, Harry Lloyd, Olivia Colman, Iain Glen, Victoria Bewick, Nicholas Farrell, John Sessions, Anthony Head, David Westhead, Julian Wadham, Richard E. Grant, Angus Wright, Roger Allam, Michael Pennington, Susan Brown, Phoebe Waller-Bridge","United Kingdom, France","July 7, 2019",2011,PG-13,105 min,"Dramas, International Movies","Margaret Thatcher, the first female prime minister of Britain, navigates a career destined to change the rules of leadership and politics."
s6677,Movie,The Mirror Boy,Obi Emelonye,"Edward Kagutuzi, Genevieve Nnaji, Osita Iheme, Fatima Jabbe, Victor Carvalho, Felix Ceesay, John Charles Njie, Momodu Musa Ceesay","United Kingdom, Nigeria","June 30, 2020",2011,TV-14,86 min,"Action & Adventure, Dramas, International Movies","A young boy is taken to his mother's birth home in Africa, where a mystical adventure in an ominous forest turns into a journey of self-discovery."
s6693,Movie,The Muppets,James Bobin,"Jason Segel, Amy Adams, Chris Cooper, Rashida Jones, Kermit the Frog, Miss Piggy, Fozzie Bear, Gonzo, Muppets, Steve Whitmire, Eric Jacobson, Dave Goelz, Bill Barretta, David Rudman, Matt Vogel, Peter Linz",United States,"September 1, 2020",2011,PG,104 min,"Children & Family Movies, Comedies","When the Muppets learn that their beloved theater is slated for demolition, the gang reunite to raise the $10 million they need to save it."
s6717,TV Show,The Oath,,"Christopher Lee, Jesseca Liu, Ann Kok, Kate Pang, Zhang Zhenhuan, Richard Low",Singapore,"July 1, 2017",2011,TV-14,1 Season,"International TV Shows, Romantic TV Shows, TV Dramas","Two doctors with opposite approaches to treating patients clash on the job and must learn to trust each other's expertise, allowing love to bloom."
s6822,Movie,The Right One,Hadi El Bagoury,"Hani Salama, Basma Ahmad, Rania Yousef, Kinda Allouch, Yasmin Raeis, Amr Youssef, Zizi El-Badrawy",Egypt,"June 13, 2019",2011,TV-14,93 min,"Dramas, International Movies, Romantic Movies","Under pressure to marry, a rich playboy is conflicted between four women who each possess a different quality he desires in his ideal wife."
s6834,Movie,The Roommate,Christian E. Christiansen,"Leighton Meester, Minka Kelly, Cam Gigandet, Aly Michalka, Danneel Ackles, Frances Fisher, Tomas Arana, Billy Zane, Nina Dobrev, Matt Lanter, Kat Graham",United States,"April 1, 2020",2011,PG-13,91 min,Thrillers,"While acclimating to campus life, college freshman Sara begins to realize that her new roommate, Rebecca, is becoming obsessed with her."
s6841,Movie,THE RUM DIARY,Bruce Robinson,"Johnny Depp, Aaron Eckhart, Michael Rispoli, Amber Heard, Richard Jenkins, Giovanni Ribisi, Amaury Nolasco, Marshall Bell, Bill Smitrovich","United States, United Kingdom","December 6, 2019",2011,R,120 min,"Comedies, Dramas",Johnny Depp stars in this adaptation of Hunter S. Thompson's novel about a boozy journalist who moves to Puerto Rico and falls for a taken woman.
s6881,Movie,The Smurfs,Raja Gosnell,"Hank Azaria, Neil Patrick Harris, Jayma Mays, Sofía Vergara, Tim Gunn, Jonathan Winters, Katy Perry, Alan Cumming, Fred Armisen, George Lopez, Anton Yelchin, Kenan Thompson, Jeff Foxworthy, John Oliver, Wolfgang Puck, B.J. Novak, Paul Reubens","United States, Belgium, Canada","September 1, 2020",2011,PG,103 min,"Children & Family Movies, Comedies","When evil Gargamel tries to capture them, the Smurfs flee their woodland home, pass through a magic portal and find themselves stranded in New York."
s6960,Movie,The Unborn Child,Poj Arnon,"Somchai Kemglad, Pitchanart Sakakorn, Chinaradi Anupongphichart, Arisara Thongborisut, Peerawit Boonark, Chudapha Chanthakhet, Ganthida Chaang",Thailand,"July 30, 2018",2011,TV-MA,93 min,"Horror Movies, International Movies","A couple and their young daughter are haunted by a paranormal, malicious presence – which is soon linked to a temple and a series of abortions."
s7060,Movie,Thor: Tales of Asgard,Sam Liu,"Matthew Wolf, Rick Gomez, Tara Strong, Alistair Abell, Paul Dobson, Brent Chapman, Chris Britton, Ron Halder, Cathy Weseluck, Michael Dobson","United States, Canada","April 15, 2020",2011,TV-Y7,77 min,Children & Family Movies,"Thor, the Marvel comic book character, comes to life in this animated feature that explores his earliest adventures with his brother Loki."
s7092,Movie,Tim Minchin And The Heritage Orchestra Live,Matt Askem,"Tim Minchin, Jules Buckley",United Kingdom,"December 31, 2018",2011,TV-MA,146 min,"Music & Musicals, Stand-Up Comedy","Flanked by a full orchestra, Tim Minchin takes the Royal Albert Hall by storm with a wonderfully witty evening of satirical musical comedy."
s7136,Movie,Tom Papa Live in New York City,Rob Zombie,Tom Papa,United States,"December 31, 2018",2011,TV-14,57 min,Stand-Up Comedy,"Comedian Tom Papa riffs on the trials of married life, fatherhood in the 21st century, domestic pets and more in his stand-up show."
s7330,Movie,Undefeated,"Daniel Lindsay, T.J. Martin","Montrail 'Money' Brown, O.C. Brown, Bill Courtney, Chavis Daniels",United States,"August 18, 2017",2011,PG-13,113 min,"Documentaries, Sports Movies",An inspirational profile of an inner-city high school football team's valiant effort to reach the school's first-ever playoff game.
s7352,Movie,Unknown,Jaume Collet-Serra,"Liam Neeson, Diane Kruger, January Jones, Aidan Quinn, Bruno Ganz, Frank Langella, Sebastian Koch, Olivier Schneider, Stipe Erceg, Rainer Bock","United Kingdom, Germany, France, United States","January 1, 2021",2011,PG-13,113 min,"Action & Adventure, Thrillers","Liam Neeson stars as a man who regains consciousness after a car accident, only to discover that another man is impersonating him."
s7360,Movie,Unruly Friends,Sherif Mandour,"Kinda Allouch, Ahmed Salah Al-Saadany, Dina Fouad, Amr Youssef, Ahmed Safwat, Madlyn Tabar, Yasser Ali Maher, Nadia Fahmi, Menha Zaytoon, Tamim Abdou, Mostafa Abd Elsalam",Egypt,"June 20, 2019",2011,TV-14,83 min,"International Movies, Thrillers",A young woman discovers that familial and psychological traumas can be difficult to leave behind.
s7370,TV Show,Upin & Ipin,,Nurfathiah Diaz,Malaysia,"June 10, 2019",2011,TV-Y,1 Season,Kids' TV,Two mischievous yet lovable five-year-old twins and their friends enjoy daily life and new discoveries with the residents of their Malaysian village.
s7450,Movie,W.E.,Madonna,"Abbie Cornish, Andrea Riseborough, James D'Arcy, Oscar Isaac, Richard Coyle, David Harbour, James Fox, Judy Parfitt, Haluk Bilginer, Geoffrey Palmer, Natalie Dormer",United Kingdom,"March 3, 2020",2011,R,119 min,"Dramas, Romantic Movies","This glossy ensemble drama juxtaposes the lives of famous divorcée Wallis Simpson and Wally Winthrop, a young 1990s housewife."
s7479,Movie,War Horse,Steven Spielberg,"Emily Watson, David Thewlis, Peter Mullan, Niels Arestrup, Tom Hiddleston, Jeremy Irvine, Benedict Cumberbatch, Toby Kebbell, David Kross, Eddie Marsan, Nicolas Bro, Rainer Bock, Patrick Kennedy, Liam Cunningham","United States, India","May 6, 2019",2011,PG-13,147 min,Dramas,"During World War I, the bond between a young Englishman and his loyal horse, Joey, is tested when Joey is sold to the cavalry and sent to France."
s7494,TV Show,Way Back into Love,,"June Tsai, Ray Chang, Lung Shao-hua, Yi-Wen Yen, Ching-kuan Wang, Mai Sato",Taiwan,"December 24, 2018",2011,TV-14,1 Season,"International TV Shows, Romantic TV Shows, TV Comedies","After years in the U.S., a Taiwanese immigrant returns to her hometown with a young daughter in tow to assist her father with his bed-and-breakfast."
s7611,TV Show,Who's the One,,"Tien Hsin, Weber Yang, Pink Yang, Johnny Lu, Amanda Chou, Xiu Qin",Taiwan,"January 1, 2017",2011,TV-14,1 Season,"International TV Shows, Romantic TV Shows, TV Comedies","A doctor performs plastic surgery on a fat man who's been jilted, and continues his transformation by turning him into a handsome, desirable man."
s7648,Movie,Without Gorky,Cosima Spender,,United Kingdom,"May 31, 2017",2011,TV-14,80 min,Documentaries,"A filmmaker trains the camera on her own family as she examines the impact her grandfather, troubled artist Arshile Gorky, had on three generations."
s7684,Movie,X Large,Sherif Arafa,"Ahmed Helmy, Donia Samir Ghanim, Ibrahim Nasr, Yasmin Raeis, Saeed Tarabeek",Egypt,"June 2, 2020",2011,TV-14,135 min,"Comedies, International Movies, Romantic Movies","After he is rejected by the woman he loves and obesity-related issues kill his uncle, a lonely, overweight artist undergoes a major transformation."
s7696,Movie,Yaara O Dildaara,Ksshitij Chaudhary,"Harbhajan Mann, Tulip Joshi, Kabir Bedi, Gulzar Chahal, Jonita, Gurpreet Ghuggi, Gurpreet Grewal, Neena Cheema, Sunita Dhir",India,"November 1, 2017",2011,TV-14,132 min,"Dramas, International Movies, Music & Musicals",The patriarch of a wealthy family with one industrious son and one who's a playboy arranges for the marriage of one to the woman the other loves.
s7737,Movie,Young Adult,Jason Reitman,"Charlize Theron, Patton Oswalt, Patrick Wilson, Elizabeth Reaser, Jill Eikenberry, Mary Beth Hurt, Collette Wolfe, Richard Bekins, Kate Nowlin",United States,"November 20, 2019",2011,R,94 min,"Comedies, Dramas, Independent Movies","When a divorced writer gets a letter from an old boyfriend announcing his wife's had a baby, she returns to her hometown to reconnect with her ex."
s7770,Movie,Zindagi Na Milegi Dobara,Zoya Akhtar,"Hrithik Roshan, Abhay Deol, Farhan Akhtar, Katrina Kaif, Kalki Koechlin, Deepti Naval, Naseeruddin Shah, Ariadna Cabrol",India,"December 15, 2019",2011,TV-14,154 min,"Comedies, Dramas, International Movies",Three friends on an adventurous road trip/bachelor party in Spain learn some lessons about themselves and each other that will change them forever.
s7777,Movie,Zokkomon,Satyajit Bhatkal,"Darsheel Safary, Anupam Kher, Manjari Fadnis, Tinnu Anand, Sheeba Chaddha, S.M. Zaheer, Aayam Mehta, Gargi Datar, Jai Vyas",India,"November 1, 2018",2011,PG,104 min,"Children & Family Movies, Dramas","When his cruel uncle abandons him, a young orphan learns to access the untapped superpowers that have been waiting within him all along."
