show_id,type,title,director,cast,country,date_added,release_year,rating,duration,listed_in,description
s154,Movie,A Bridge Too Far,Richard Attenborough,"Dirk Bogarde, James Caan, Michael Caine, Sean Connery, Edward Fox, Elliott Gould, Gene Hackman, Anthony Hopkins, Hardy Krüger, Laurence Olivier, Ryan O'Neal, Robert Redford, Maximilian Schell, Liv Ullmann","United States, United Kingdom","July 1, 2020",1977,PG,176 min,"Action & Adventure, Classic Movies, Dramas",This wartime drama details a pivotal day in 1944 when an Allied task force tried to win World War II by seizing control of key bridges in Holland.
s447,Movie,Amar Akbar Anthony,Manmohan Desai,"Vinod Khanna, Rishi Kapoor, Amitabh Bachchan, Neetu Singh, Parveen Babi, Shabana Azmi, Nirupa Roy, Pran",India,"December 31, 2019",1977,TV-14,172 min,"Action & Adventure, Classic Movies, Comedies","Abandoned in a park by their father, Amar, Akbar and Anthony grow up independently and have no knowledge of one another. They're reunited as adults when, by coincidence, they all give blood at the same hospital."
s1578,TV Show,Dad's Army,,"Arthur Lowe, John Le Mesurier, Clive Dunn, John Laurie, Arnold Ridley, Ian Lavender, James Beck, Bill Pertwee",United Kingdom," March 31, 2018",1977,TV-PG,10 Seasons,"British TV Shows, Classic & Cult TV, TV Comedies",This beloved sitcom follows the unlikely heroes of the volunteer British Home Guard as they prepare for German invasion in World War II.
s2229,Movie,For the Love of Benji,Joe Camp,"Patsy Garrett, Cynthia Smith, Allen Fiuzat, Ed Nelson, Art Vasil, Peter Bowles, Bridget Armstrong, Mihalis Lambrinos, Dean Goss, Tony Alatis",United States,"March 6, 2018",1977,G,84 min,Children & Family Movies,"Benji and his owner get separated in Greece. On his quest to find them, he's targeted by various bad guys who want to get their hands on him."
s2758,Movie,Hitler - A Career,"Joachim Fest, Christian Herrendoerfer",,West Germany,"February 10, 2017",1977,TV-MA,150 min,"Documentaries, International Movies","This documentary examines how Adolf Hitler's talent for manipulation, psychology and image-making led him from humble origins to near-world conquest."
s5934,Movie,Swami,Basu Chatterjee,"Shabana Azmi, Girish Karnad, Vikram, Dheeraj Kumar, Shashikala, Utpal Dutt, Preeti Ganguli, Sudha Shivpuri",India,"December 31, 2019",1977,TV-PG,123 min,"Dramas, Independent Movies, International Movies","After she enters into an arranged marriage, a spirited and intellectual young woman tries to adjust to life with a man who was not her choice."
s6199,Movie,The Car,Elliot Silverstein,"James Brolin, Kathleen Lloyd, John Marley, R.G. Armstrong, John Rubinstein, Elizabeth Thompson, Roy Jenson, Kim Richards, Kyle Richards",United States,"June 1, 2020",1977,PG,96 min,"Cult Movies, Horror Movies","In his small Southwestern town, sheriff Wade Parent must find out who — or what — is running people down via a mysterious, driverless black sedan."
