show_id,type,title,director,cast,country,date_added,release_year,rating,duration,listed_in,description
s45,Movie,Æon Flux,Karyn Kusama,"Charlize Theron, Marton Csokas, Jonny Lee Miller, Sophie Okonedo, Frances McDormand, Pete Postlethwaite, Amelia Warner, Caroline Chikezie, Nikolai Kinski, Paterson Joseph, Yangzom Brauen",United States,"February 1, 2018",2005,PG-13,93 min,"Action & Adventure, Sci-Fi & Fantasy","Aiming to hasten an uprising, the leader of an underground rebellion dispatches acrobatic assassin Aeon Flux to eliminate the government's top leader."
s561,Movie,Apaharan,Prakash Jha,"Ajay Devgn, Nana Patekar, Bipasha Basu, Ayub Khan, Mohan Agashe, Mukesh Tiwari, Yashpal Sharma, Anoop Soni, Chetan Pandit",India,"January 8, 2021",2005,TV-14,161 min,"Dramas, International Movies","Raised under the condescending eye of his activist father, an underachieving loafer is lured into the local kingpin’s web of corruption and kidnapping."
s665,Movie,Babam ve Oğlum,Çagan Irmak,"Çetin Tekindor, Fikret Kuşkan, Hümeyra, Ege Tanman, Şerif Sezer, Yetkin Dikinciler, Binnur Kaya, Mahmut Gökgöz, Nergis Çorakçi, Bilge Sen",Turkey,"April 30, 2018",2005,TV-14,112 min,"Dramas, International Movies","Following Turkey's bloody coup of 1980, a widowed reporter returns to his Aegean hometown, bringing his son and a last wish for his estranged father."
s867,Movie,Bewafaa,Dharmesh Darshan,"Anil Kapoor, Akshay Kumar, Kareena Kapoor, Sushmita Sen, Shamita Shetty, Manoj Bajpayee, Kabir Bedi, Nafisa Ali, Supriya Pathak, Raj Premi, Supriya Karnik",India,"July 21, 2019",2005,TV-PG,149 min,"Dramas, International Movies, Romantic Movies","A young woman faces pressure to marry her brother-in-law, after her sister dies while giving birth. But she's secretly in love with someone else."
s1005,Movie,BluffMaster!,Rohan Sippy,"Abhishek Bachchan, Priyanka Chopra, Riteish Deshmukh, Boman Irani, Nana Patekar, Sanjay Mishra, Tinnu Anand, Hussain Shaikh",India,"January 8, 2021",2005,TV-14,129 min,"Comedies, International Movies, Romantic Movies","When his girlfriend learns the truth about his murky past, a con artist is forced to examine his choices and get to the root of his real identity."
s1061,Movie,Bosta,Philippe Aractingi,"Rodney El Haddad, Nadine Labaky, Nada Abou Farhat, Liliane Nemri, Omar Rajeh, Mounir Malaeb, Bshara Atallah, Rana Alamuddin, Joelle Rizk, Mahfouz Barakat, Mahmoud Mabsout, Bader Haddad, Youssef Emalhoub",Lebanon,"October 19, 2020",2005,TV-14,112 min,"Dramas, International Movies, Music & Musicals","After 15 years in France, Kamal returns to his native Beirut and reassembles his dance crew, striving to modernize traditional Dabke routines."
s1098,Movie,Brick,Rian Johnson,"Joseph Gordon-Levitt, Nora Zehetner, Lukas Haas, Noah Fleiss, Matt O'Leary, Emilie de Ravin, Noah Segan, Richard Roundtree, Meagan Good, Brian White",United States,"September 1, 2018",2005,R,110 min,"Independent Movies, Thrillers",Teenage loner Brendan Fry navigates his high school's intense social network to discover a killer's identity after his secret crush is murdered.
s1145,TV Show,Burned Cocoon,,"Yavuz Bingöl, Basak Köklükaya, Çolpan Ilhan, Mustafa Alabora, Sedef Avcı, Ayça İnci, Tuncer Necmioğlu, Serdar Özer",Turkey,"April 1, 2017",2005,TV-MA,1 Season,"International TV Shows, TV Dramas","A secret marriage unites two families – one wealthy and traditional, the other bankrupt and modern – and is threatened by the resulting conflicts."
s1280,Movie,Charlie and the Chocolate Factory,Tim Burton,"Johnny Depp, Freddie Highmore, David Kelly, Helena Bonham Carter, Noah Taylor, Missi Pyle, James Fox, Deep Roy, Christopher Lee, Adam Godley, AnnaSophia Robb, Julia Winter, Jordan Fry, Philip Wiegratz","United Kingdom, United States","January 1, 2020",2005,PG,115 min,"Children & Family Movies, Comedies",The eccentric Willy Wonka opens the doors of his candy factory to five lucky kids who learn the secrets behind his amazing confections.
s1326,Movie,Chicken Little,Mark Dindal,"Zach Braff, Joan Cusack, Patrick Stewart, Steve Zahn, Catherine O'Hara, Harry Shearer, Adam West, Don Knotts, Amy Sedaris, Garry Marshall, Patrick Warburton, Fred Willard, Wallace Shawn",United States,"March 16, 2016",2005,G,82 min,"Children & Family Movies, Comedies",No one believes Chicken Little when he tries to warn of an alien invasion – so it's up to him and his misfit friends to save the world!
s1439,Movie,Coach Carter,Thomas Carter,"Samuel L. Jackson, Rob Brown, Robert Ri'chard, Rick Gonzalez, Nana Gbewonyo, Antwon Tanner, Channing Tatum, Ashanti, Texas Battle, Denise Dowse, Debbi Morgan","United States, Germany","January 1, 2020",2005,PG-13,137 min,"Dramas, Sports Movies",Controversial basketball coach Ken Carter puts school before sports and benches his undefeated high school team for poor academic performance.
s1442,TV Show,Cocaine,,,United Kingdom,"August 1, 2016",2005,TV-14,1 Season,"British TV Shows, Crime TV Shows, Docuseries","Three films chronicle the cocaine trade's sweeping impact on the citizens of Peru, Brazil and Colombia, from poor farmers to powerful drug lords."
s1571,Movie,Da Kath & Kim Code,Ted Emery,"Jane Turner, Gina Riley, Glenn Robbins, Peter Rowsthorn, Magda Szubanski",Australia,"July 28, 2018",2005,TV-PG,82 min,Movies,"Kath and Kel's union is tested by Michael Bublé, daughter Kim tries pole dancing, pal Sharon finds love online, and a stalker lurks amid Yuletide cheer."
s1825,Movie,Doom,Andrzej Bartkowiak,"Karl Urban, Rosamund Pike, Dwayne Johnson, Deobia Oparei, Ben Daniels, Razaaq Adoti, Richard Brake, Dexter Fletcher, Al Weaver, Brian Steele","United Kingdom, Czech Republic, Germany, United States","November 1, 2020",2005,R,105 min,"Action & Adventure, Horror Movies, Sci-Fi & Fantasy",A special ops squad investigating a distress signal from a distant planet discovers that mutant aliens have already wiped out most of the population.
s1867,TV Show,DreamWorks Happy Holidays from Madagascar,,"Tom McGrath, Chris Miller, Christopher Knights, John DiMaggio, Ben Stiller, Chris Rock, David Schwimmer, Jada Pinkett Smith, Cedric the Entertainer, Andy Richter, Carl Reiner",United States,"October 2, 2020",2005,TV-PG,1 Season,"Kids' TV, TV Comedies",Madagascar goes wild with holiday spirit in this set of Valentine's Day and Christmas-themed tales featuring everyone's favorite animal characters.
s1939,Movie,Ek Khiladi Ek Haseena,Suparn Verma,"Koena Mitra, Fardeen Khan, Kay Kay Menon, Mumait Khan, Rakhi Sawant, Feroz Khan, Zabyn Khan, Rohit Roy, Gulshan Grover, Amin Hajee",India,"April 15, 2019",2005,TV-14,141 min,"International Movies, Music & Musicals, Thrillers","Indebted to a gangster, a grifter assembles a band of fellow swindlers to attempt his biggest scam yet, but it's soon clear that no one can be trusted."
s2391,Movie,Getting Played,David Silberg,"Carmen Electra, Stacey Dash, Vivica A. Fox, Bill Bellamy, Kathy Najimy, Joe Torry, Dorian Gregory, Mindy Sterling, Joseph C. Phillips, Larry B. Scott, Michael Jai White, Sheryl Underwood, Earthquake",United States,"November 1, 2019",2005,PG-13,85 min,"Comedies, Romantic Movies","Tired of dealing with boyfriends who wrong them, gal pals Lauren, Emily and Andrea decide to turn the tables and become the players themselves."
s2409,Movie,Gie,Riri Riza,"Nicholas Saputra, Sita Nursanti, Lukman Sardi, Indra Birowo, Wulan Guritno, Thomas Nawilis, Tutie Kirana, Robby Tumewu, Jonathan Mulia",Indonesia,"September 15, 2018",2005,TV-14,141 min,"Dramas, International Movies",Indonesian activist Soe Hok Gie experiences a political awakening during the tumultuous regimes of Suharto and Sukarno. Inspired by true events.
s2488,Movie,"Good Night, and Good Luck",George Clooney,"David Strathairn, Patricia Clarkson, George Clooney, Jeff Daniels, Robert Downey Jr., Frank Langella, Ray Wise, Robert John Burke, Tate Donovan, Alex Borstein, Matt Ross, Grant Heslov","United States, France, United Kingdom, Japan","June 2, 2019",2005,PG,93 min,Dramas,Veteran television newsman Edward R. Murrow faces off against Sen. Joseph McCarthy and his crusade to quell the threat of communism in America.
s2583,TV Show,Half & Half,,"Rachel True, Essence Atkins, Telma Hopkins, Chico Benymon, Valarie Pettiford, Alec Mapa",United States,"October 15, 2020",2005,TV-14,4 Seasons,TV Comedies,"After two estranged half-sisters in their twenties find their lives suddenly entwined, they grow closer as they get to know more about each other."
s2630,Movie,Harlem Globetrotters: The Team That Changed the World,,"Chuck D., Harlem Globetrotters",,"November 1, 2019",2005,TV-14,55 min,"Documentaries, Sports Movies",Relive the greatest moments of the Harlem Globetrotters with this documentary that chronicles the team's legendary 1948 defeat over the Minneapolis Lakers and their historic 1951 Berlin trip.
s2757,Movie,Hitch,Andy Tennant,"Will Smith, Eva Mendes, Kevin James, Amber Valletta, Julie Ann Emery, Adam Arkin, Robinne Lee, Nathan Lee Graham, Michael Rapaport, Jeffrey Donovan",United States,"January 1, 2020",2005,PG-13,118 min,"Comedies, Romantic Movies","Smooth and sexy Hitch helps clients make a great first impression on a date, but he's thrown when a lovely reporter starts nosing around his business."
s2879,Movie,Hustle & Flow,Craig Brewer,"Terrence Howard, Anthony Anderson, Taryn Manning, Taraji P. Henson, DJ Qualls, Ludacris, Paula Jai Parker, Elise Neal, Isaac Hayes",United States,"December 1, 2019",2005,R,117 min,"Dramas, Independent Movies, Music & Musicals",A pimp with aspirations of grandeur wants to make it as a rapper but discovers that fame isn't all it's cracked up to be in this indie drama.
s3004,Movie,Initial D,"Andrew Lau Wai-Keung, Alan Mak","Jay Chou, Anne Suzuki, Edison Chen, Anthony Wong Chau-Sang, Shawn Yue, Chapman To, Jordan Chan, Kenny Bee","China, Hong Kong","August 1, 2018",2005,TV-14,109 min,"Action & Adventure, International Movies","By day, an 18-year-old delivers tofu for his father, a retired race car driver; but by night, it's the teen's turn to take the wheel."
s3010,Movie,Insan,K. Subhash,"Akshay Kumar, Ajay Devgn, Tusshar Kapoor, Esha Deol, Lara Dutta, Laila, Rahul Dev, Koena Mitra, Archana Puran Singh, Sharat Saxena",India,"March 1, 2018",2005,TV-14,141 min,"Action & Adventure, Dramas, International Movies","A grieving policeman and a rickshaw driver are brought together by a dark, tragic secret that will change their lives forever."
s3167,Movie,Jim Gaffigan: Beyond the Pale,Michael Drumm,Jim Gaffigan,United States,"August 11, 2016",2005,TV-14,72 min,Stand-Up Comedy,"Comedian Jim Gaffigan cuts loose on a variety of topics, including Hot Pockets, holidays, Catholicism and his favorite activity: doing nothing."
s3201,Movie,John & Jane,Ashim Ahluwalia,,India,"August 15, 2016",2005,TV-14,79 min,"Documentaries, International Movies",Truth and fiction blend in this quasi-documentary about six exhausted workers at a Mumbai call center servicing U.S. customers.
s3245,Movie,Junebug,Phil Morrison,"Amy Adams, Embeth Davidtz, Ben McKenzie, Alessandro Nivola, Frank Hoyt Taylor, Celia Weston, Scott Wilson, Jill Wagner, Victoria Jackson, Chuck Russell, Jerry Minor, Matt Besser",United States,"March 1, 2019",2005,R,107 min,"Comedies, Dramas, Independent Movies","When a big-city art dealer travels to North Carolina to meet her new husband's small-town family, their trip gives rise to a multitude of problems."
s3250,Movie,Just Friends,Roger Kumble,"Anna Faris, Ty Olsson, Julie Hagerty, Amy Smart, Chris Marquette, Fred Ewanuick, Amy Matysio, Chris Klein, Ryan Reynolds, Stephen Root","Germany, United States, Canada","September 1, 2019",2005,PG-13,94 min,"Comedies, Romantic Movies","Years after high school, a once-portly nice guy comes home for the holidays and reunites with a former crush he still has feelings for."
s3275,Movie,Kaal,Soham Shah,"Ajay Devgn, Vivek Oberoi, John Abraham, Lara Dutta, Esha Deol, Vishal Malhotra, Kushal Punjabi, Vineet Sharma",India,"April 1, 2020",2005,TV-14,126 min,"Horror Movies, International Movies, Thrillers","Trapped in a national park, a tiger expert and a group of hunters turn to an enigmatic local for help when they mysteriously begin to die one by one."
s3330,Movie,Kay Dyache Bola,Chandrakant Kulkarni,"Makarand Anaspure, Akshay Pendse, Umesh Kamat, Sharvari Jamenis, Sachin Khedekar, Arun Nalawade, Mohan Agashe, Nirmiti Sawant, Sanjay Mone, Amita Khopkar, Pushkar Shrotri, Ganesh Yadav",India,"January 1, 2018",2005,TV-14,133 min,"Comedies, Dramas, International Movies","Wrongfully accused of murder, two students' last hope lies with their defense attorney, an inexperienced bumbler who's never even tried a case."
s3400,Movie,King's Ransom,Jeffrey W. Byrd,"Anthony Anderson, Jay Mohr, Kellita Smith, Nicole Ari Parker, Regina Hall, Loretta Devine, Donald Faison, Leila Arcieri, Charlie Murphy, Brooke D'Orsay","United States, Canada","November 1, 2019",2005,PG-13,98 min,"Action & Adventure, Comedies","A wealthy, despicable businessman comes to the realization that he may lose half his fortune to the obnoxious wife he's trying to divorce. So, he decides to arrange his own kidnapping in order to wipe himself out and claim poverty."
s3428,TV Show,KO One,,"Aaron Yan, Jiro Wang, Calvin Ka-Sing Chen, Danson Tang, Tsai Yi-chen, Alien Huang",Taiwan,"April 19, 2019",2005,TV-MA,1 Season,"International TV Shows, TV Action & Adventure, TV Comedies","Gifted with special powers, fighting skills and slick hair, the rowdy KO One navigates tough friendships and high school romance."
s3479,Movie,Kyaa Kool Hai Hum,Sangeeth Sivan,"Tusshar Kapoor, Riteish Deshmukh, Isha Koppikar, Neha Dhupia, Anupam Kher, Jay Sean",India,"May 15, 2019",2005,TV-14,165 min,"Comedies, International Movies, Music & Musicals","Longtime friends Rahul and Karan head to Mumbai intent on making their dreams come true, but both men are suddenly saddled with bad luck."
s3813,Movie,Lucky: No Time for Love,"Radhika Rao, Vinay Sapru","Salman Khan, Sneha Ullal, Mithun Chakraborty, Kader Khan, Navni Parihar, Ravi Baswani, Vikram Gokhale, Mumait Khan",India,"November 15, 2017",2005,TV-14,131 min,"Dramas, International Movies, Romantic Movies","During an uprising in Russia's St. Petersburg, teen girl Lucky meets handsome Aditya, the Indian ambassador's son, and together they flee the chaos."
s3874,Movie,"Main, Meri Patni Aur Woh",Chandan Arora,"Rajpal Yadav, Rituparna Sengupta, Kay Kay Menon, Varun Bandola, Vinod Nagpal, Naseeruddin Shah",India,"October 1, 2018",2005,TV-PG,129 min,"Comedies, Dramas, International Movies","An ordinary-looking guy weds the woman of his dreams, but his jealousy threatens to destroy their union in this lighthearted tale of marital mismatch."
s3875,Movie,Maine Pyaar Kyun Kiya,David Dhawan,"Salman Khan, Sushmita Sen, Sohail Khan, Katrina Kaif, Arshad Warsi, Isha Koppikar, Rajpal Yadav, Beena Kak",India,"December 31, 2019",2005,TV-14,137 min,"Comedies, International Movies, Music & Musicals","After lying to his girlfriend, orthopedic surgeon Samir must conjure up a pretend wife in this musical comedy."
s4203,Movie,Monster-in-Law,Robert Luketic,"Jennifer Lopez, Jane Fonda, Michael Vartan, Wanda Sykes, Adam Scott, Monet Mazur, Annie Parisse, Will Arnett, Elaine Stritch, Stephen Dunham","United States, Germany","January 1, 2020",2005,PG-13,101 min,"Comedies, Romantic Movies",An office temp thinks she's found Mr. Right when she starts dating a handsome surgeon. But there's a problem standing in the way of everlasting bliss.
s4220,TV Show,Monty Python's Personal Best,,"John Cleese, Terry Gilliam, Terry Jones, Graham Chapman, Michael Palin, Eric Idle","United States, United Kingdom","October 2, 2018",2005,TV-MA,1 Season,"British TV Shows, TV Comedies",Original members of the iconic Monty Python comedy troupe pick their all-time favorite sketches from their groundbreaking television series.
s4309,Movie,My Brother ... Nikhil,Onir,"Juhi Chawla, Sanjay Suri, Victor Banerjee, Lillete Dubey, Purab Kohli, Dipannita Sharma, Gautam Kapoor",India,"October 30, 2018",2005,TV-PG,116 min,"Dramas, Independent Movies, International Movies","After being diagnosed HIV-positive, a champion swimmer is disowned and harassed by all except his loving sister and loyal boyfriend."
s4411,Movie,Naruto the Movie 2: Legend of the Stone of Gelel,Hirotsugu Kawasaki,"Junko Takeuchi, Showtaro Morikubo, Chie Nakamura, Gaamon Kai, Takako Honda, Akira Ishida, Yasuyuki Kase, Noriaki Sugiyama, Kazuhiko Inoue",Japan,"September 1, 2017",2005,TV-PG,97 min,"Action & Adventure, Anime Features, International Movies","While on a mission to return a missing pet, Naruto and two fellow ninjas are ambushed by brutal knights led by the enigmatic Temujin."
s4485,Movie,No Direction Home: Bob Dylan,Martin Scorsese,"Bob Dylan, Joan Baez, Dave Van Ronk, Peter Yarrow, Allen Ginsberg, Pete Seeger, Maria Muldaur, Mavis Staples, Al Kooper, Tony Glover","United Kingdom, United States, Japan","April 25, 2020",2005,TV-MA,208 min,"Documentaries, Music & Musicals","Featuring rare concert footage and interviews with legendary musicians, this documentary traces Bob Dylan's life story and extraordinary career."
s4486,Movie,No Entry,Anees Bazmee,"Anil Kapoor, Salman Khan, Fardeen Khan, Bipasha Basu, Lara Dutta, Esha Deol, Celina Jaitly, Boman Irani",India,"March 1, 2018",2005,TV-PG,161 min,"Comedies, International Movies","After a prank goes sideways, three buddies find their relationships  – with women and each other – tested in unexpected ways."
s4683,Movie,Organize Isler,Yılmaz Erdoğan,"Yılmaz Erdoğan, Tolga Çevik, Demet Akbağ, Altan Erkekli, Özgü Namal, Erdal Tosun, Tuncer Salman, Öner Erkan, Ebru Akel, Başak Köklükaya, Cem Yılmaz",Turkey,"April 28, 2020",2005,TV-14,104 min,"Action & Adventure, Comedies, International Movies","A gang leader recruits a suicidal Superman impersonator, while a woman driving a hot car linked to the gang plots revenge against them and their hero."
s4739,Movie,Paheli,Amol Palekar,"Shah Rukh Khan, Rani Mukerji, Anupam Kher, Dilip Prabhavalkar, Amitabh Bachchan, Juhi Chawla, Nina Kulkarni, Rajpal Yadav",India,"April 1, 2018",2005,TV-PG,134 min,"Dramas, International Movies, Romantic Movies",Traditional Indian folklore comes alive in this charming film based on a story by Statwart Vijaydan Detha.
s4941,TV Show,Power Rangers S.P.D.,,"Brandon Jay McLaren, Chris Violette, Matt Austin, Monica May, Alycia Purrott, John Tui, Rene Naufahu, Michelle Langstone, Barnie Duncan, Kelson Henderson, Jim McLarty, Olivia James-Baird, Josephine Davison, Derek Judge, James Gaylyn","United States, New Zealand","January 1, 2016",2005,TV-Y7,1 Season,Kids' TV,"When the Troobian Empire attacks Earth, the B-Squad Power Rangers Space Patrol Delta morphs into action to squash the alien threat and save the world."
s5094,Movie,Ramji Londonwaley,Sanjay Dayma,"Madhavan, Samita Bangargi, Harsh Chhaya, Rajendranath Zutshi, Shikha Shalu Varma, Satish Shah, Akhilendra Mishra",India,"December 31, 2019",2005,TV-14,154 min,"Comedies, Dramas, International Movies","A small-town cook moves to London to earn a living, but from his employer’s sudden death to the immigration officials on his trail, plans soon go sour."
s5228,Movie,Rize,David LaChapelle,"Tommy the Clown, Tight Eyez","United States, United Kingdom","October 1, 2020",2005,PG-13,87 min,Documentaries,"This documentary explores ""krumping,"" a fast-paced urban dance, and follows the man that originated the phenomenon in South Central Los Angeles."
s5300,Movie,Rumor Has It,Rob Reiner,"Jennifer Aniston, Kevin Costner, Shirley MacLaine, Mark Ruffalo, Richard Jenkins, Christopher McDonald, Steve Sandvoss, Mena Suvari, Mike Vogel","United States, Germany, Australia","August 1, 2019",2005,PG-13,97 min,"Comedies, Romantic Movies","When Sarah travels to California for her sister's wedding, she hears a rumor that her family was the real-life inspiration for ""The Graduate."""
s5395,Movie,Sarivar Sari,Gajendra Ahire,"Madhura Velankar, Mohan Joshi, Nina Kulkarni, Manasi Salvi, Milind Gunaji, Shreyas Talpade, Bharat Jadhav",India,"February 15, 2018",2005,TV-14,126 min,"Dramas, International Movies","Raised in working-class Mumbai, Manisha has an independent spirit that angers her father, who favors Manisha's medical student sister, Mini. Things reach a breaking point when Manisha's father beats her for accepting a modeling contract."
s5532,Movie,Shabd,Leena Yadav,"Sanjay Dutt, Aishwarya Rai Bachchan, Zayed Khan, Brijendra Kala, Sadiya Siddiqui, Kamini Khanna",India,"April 15, 2019",2005,TV-14,146 min,"Dramas, International Movies, Romantic Movies","When a novelist seeks inspiration by urging his wife to have an affair, the line between his story and his real life grows disconcertingly blurry."
s5687,Movie,Socha Na Tha,Imtiaz Ali,"Abhay Deol, Ayesha Takia, Apoorva Jha, Ayesha Jhulka, Rati Agnihotri, Sandhya Mridul, Suresh Oberoi, Manish Chaudhary",India,"July 1, 2018",2005,TV-14,137 min,"Comedies, International Movies, Romantic Movies","An arranged marriage becomes a friendship for Viren and Aditi, who aren't in love – until they begin having unexpected feelings for each other."
s5990,Movie,Tarzan 2,Brian Smith,"Harrison Chad, George Carlin, Brad Garrett, Ron Perlman, Estelle Harris, Glenn Close, Lance Henriksen, Brenda Grate, Harrison Fahn",United States,"June 23, 2017",2005,G,72 min,Children & Family Movies,How did the King of the Jungle ascend to the throne? Find out in this charming prequel to the hit animated movie that catches Tarzan as a young child.
s6044,TV Show,That '70s Show,,"Topher Grace, Mila Kunis, Ashton Kutcher, Danny Masterson, Laura Prepon, Wilmer Valderrama, Debra Jo Rupp, Kurtwood Smith, Don Stark, Tanya Roberts, Tommy Chong, Lisa Robin Kelly",United States," November 1, 2017",2005,TV-14,8 Seasons,TV Comedies,"Feel groovy in 1970s suburbia, where a teen and his pals hang in the basement, listening to rock and indulging other hazy benefits of '70s culture."
s6068,Movie,The Adventures of Sharkboy and Lavagirl,Robert Rodriguez,"Taylor Lautner, Taylor Dooley, Cayden Boyd, George Lopez, David Arquette, Kristin Davis, Jacob Davich, Sasha Pieterse, Rico Torres",United States,"December 2, 2020",2005,PG,93 min,Children & Family Movies,A 10-year-old dreamer's imaginary friends – mighty Sharkboy and fire-producing Lavagirl – come to life to seek his help battling a nefarious baddie.
s6082,Movie,The Amityville Horror,Andrew Douglas,"Ryan Reynolds, Melissa George, Chloë Grace Moretz, Jesse James, Jimmy Bennett, Rachel Nichols, Philip Baker Hall, Isabel Conner, Brendan Donaldson, Annabel Armour",United States,"January 1, 2020",2005,R,89 min,Horror Movies,"This hair-raising remake of the 1979 horror hit depicts the ordeal of the Lutz family, whose new home has a gory past and a legacy of demons."
s6150,Movie,The Blue Umbrella,Vishal Bhardwaj,"Pankaj Kapur, Shreya Sharma, Dolly Ahluwalia, Deepak Dobriyal, Rahul Kumar, Paramjit Singh Kakran, Piu Dutt, Samrat Mukherjee",India,"August 2, 2018",2005,TV-PG,90 min,"Children & Family Movies, Dramas, Independent Movies","A charming allegory based on a novella by Ruskin Bond, this visually stunning film from India explores themes of greed, loneliness, longing and loss."
s6184,Movie,The Brothers Grimm,Terry Gilliam,"Matt Damon, Heath Ledger, Monica Bellucci, Lena Headey, Peter Stormare, Jonathan Pryce, Roger Ashton-Griffiths, Richard Ridings, Mackenzie Crook, Julian Bleach, Tomás Hanák, Laura Greenwood","United States, Czech Republic, United Kingdom","July 1, 2019",2005,PG-13,119 min,"Action & Adventure, Sci-Fi & Fantasy","Brothers Jake and Will Grimm travel from village to village, posing as exterminators of magical creatures. But in reality, they're expert con artists."
s6280,Movie,The Death of Mr. Lazarescu,Cristi Puiu,"Monica Bârlădeanu, Ion Fiscuteanu, Doru Ana, Dragos Bucur, Gabriel Spahiu, Dan Chiriac, Luminita Gheorghiu, Alina Berzunteanu, Dana Dogaru, Mimi Brănescu",Romania,"March 4, 2020",2005,R,154 min,"Dramas, International Movies","The plot of Romanian director Cristi Puiu's real-time drama is simple, following the travails of an ailing old man who waits for his illness to overtake him as a weary paramedic shuttles him between hospitals."
s6320,Movie,The Dukes of Hazzard,Jay Chandrasekhar,"Johnny Knoxville, Seann William Scott, Jessica Simpson, Burt Reynolds, M.C. Gainey, David Koechner, Kevin Heffernan, James Roday, Michael Roof, Joe Don Baker",United States,"January 1, 2020",2005,PG-13,104 min,"Action & Adventure, Comedies","The Duke boys are back in this comedy based on the TV series, following Bo and Luke as they tear around Hazzard County in their trusty Dodge Charger."
s6424,Movie,The Great Raid,John Dahl,"Benjamin Bratt, James Franco, Connie Nielsen, Marton Csokas, Joseph Fiennes, Motoki Kobayashi, Robert Mammone, Natalie Mendoza, Cesar Montano, James Carpinello, Mark Consuelos, Sam Worthington, Craig McLachlan, Max Martini, Clayne Crawford","United States, Australia","November 1, 2019",2005,R,133 min,"Action & Adventure, Dramas","In World War II, a battalion goes on a daring rescue mission to liberate the Americans and Filipinos who've been captured by the Japanese."
s6460,Movie,The Holy Man,Note Chern-Yim,"Pongsak Pongsuwan, Note Chern-Yim, Sarawut Phumthong, Savika Chaiyadej, Somlek Sakdikul, Petchtai Wongkamlao",Thailand,"July 25, 2018",2005,TV-14,92 min,"Comedies, Faith & Spirituality, International Movies","Formerly a troubled youth, a monk is given charge of a Buddhist temple neglected by superstitious villagers under the spell of a fake psychic."
s6779,TV Show,The Prince Who Turns into a Frog,,"Joe Chen, Ming Dao, Sam Wang, Joyce Chao, Gino, Su Li-hsin, Wang Chuan, Ehlo Huang",Taiwan,"August 1, 2016",2005,TV-14,1 Season,"International TV Shows, Romantic TV Shows, TV Comedies","Before his wedding, a cold CEO is hit by a car and awakens a changed man. As he and the driver fall in love, more changes appear on the road ahead."
s6900,Movie,The Squid and the Whale,Noah Baumbach,"Jeff Daniels, Laura Linney, Jesse Eisenberg, Owen Kline, William Baldwin, Halley Feiffer, Anna Paquin, Ken Leung, David Benger, Adam Rose",United States,"October 1, 2019",2005,R,81 min,"Comedies, Dramas, Independent Movies",This insightful drama looks at the crumbling marriage between a self-centered novelist – whose career is waning – and his up-and-coming writer wife.
s6997,TV Show,The West Wing,,"Martin Sheen, Rob Lowe, Allison Janney, John Spencer, Bradley Whitford, Janel Moloney, Richard Schiff, Dulé Hill, NiCole Robinson, Melissa Fitzgerald, Joshua Malina, Stockard Channing, Kim Webster, Kris Murphy, Timothy Davis-Reed",United States," December 25, 2015",2005,TV-14,7 Seasons,TV Dramas,This powerful political epic chronicles the triumphs and travails of White House senior staff under the administration of President Josiah Bartlet.
s7380,Movie,V for Vendetta,James McTeigue,"Natalie Portman, Hugo Weaving, Stephen Rea, Stephen Fry, John Hurt, Tim Pigott-Smith, Rupert Graves, Roger Allam, Ben Miles, Sinéad Cusack, Natasha Wightman","United States, United Kingdom, Germany","October 1, 2018",2005,R,132 min,"Action & Adventure, Dramas, Sci-Fi & Fantasy","A masked freedom fighter known as ""V"" takes up arms against a totalitarian government and finds an unlikely ally in a young woman."
s7461,Movie,Waiting...,Rob McKittrick,"Ryan Reynolds, Anna Faris, Justin Long, David Koechner, Luis Guzmán, Chi McBride, John Francis Daley, Kaitlin Doubleday, Rob Benedict, Alanna Ubach, Vanessa Lengies, Dane Cook",United States,"September 23, 2020",2005,R,94 min,"Comedies, Independent Movies",Employees turn up the antics during an eight-hour shift at the restaurant Shenaniganz when new opportunities call and boredom gets the best of them.
s7572,TV Show,What's New Scooby-Doo?,,"Frank Welker, Casey Kasem, Mindy Cohn, Grey DeLisle",United States,"December 15, 2019",2005,TV-Y7,3 Seasons,"Kids' TV, TV Comedies",Scooby-Doo and the gang enter the 21st century with this updated edition of the original series with more ghoulish mysteries to solve.
s7690,Movie,XXX: State of the Union,Lee Tamahori,"Ice Cube, Samuel L. Jackson, Willem Dafoe, Scott Speedman, Peter Strauss, Xzibit, Michael Roof, Sunny Mabrey, Nona Gaye, John Gleeson Connolly",United States,"January 1, 2019",2005,PG-13,101 min,Action & Adventure,"In this action-packed follow-up to XXX, U.S. intelligence officer Augustus Gibbons must thwart a massive conspiracy to overthrow the government."
s7746,Movie,"Yours, Mine and Ours",Raja Gosnell,"Dennis Quaid, Rene Russo, Sean Faris, Katija Pevec, Dean Collins, Tyler Patrick Jones, Haley Ramm, Brecken Palmer, Bridger Palmer, Ty Panitz",United States,"November 20, 2019",2005,PG,88 min,"Children & Family Movies, Comedies","When a father of eight and a mother of 10 prepare to wed, the couple's children attempt to sabotage the union in this remake of a 1968 comedy."
s7750,TV Show,Yu-Gi-Oh!,,"Dan Green, Eric Stuart, Amy Birnbaum, Darren Dunstan, Wayne Grayson, Tara Sands, Lisa Ortiz, Megan Hollingshead, Madeleine Blaustein, Sam Riegel, Ted Lewis, Gregory Abbey, Jimmy Zoppi",Japan,"July 8, 2020",2005,TV-Y7,2 Seasons,"Anime Series, Kids' TV","The lives of young Yugi Moto and his friends Joey, Tristan, and Téa are forever changed when a fantasy card game becomes their reality."
s7761,Movie,Zaki Chan,Wael Ihsan,"Ahmed Helmy, Yasmin Abdulaziz, Hassan Hosny, Hasan Kami",Egypt,"May 19, 2020",2005,TV-PG,109 min,"Comedies, International Movies, Romantic Movies",An unqualified young man has his work cut out for him when he is hired as a rich girl’s bodyguard to keep her from the boyfriend her dad disapproves of.
s7783,Movie,Zozo,Josef Fares,"Imad Creidi, Antoinette Turk, Elias Gergi, Carmen Lebbos, Viktor Axelsson, Charbel Iskandar, Yasmine Awad","Sweden, Czech Republic, United Kingdom, Denmark, Netherlands","October 19, 2020",2005,TV-MA,99 min,"Dramas, International Movies","When Lebanon's Civil War deprives Zozo of his family, he's left with grief and little means as he escapes to Sweden in search of his grandparents."
