show_id,type,title,director,cast,country,date_added,release_year,rating,duration,listed_in,description
s456,Movie,American Beauty,Sam Mendes,"Kevin Spacey, Annette Bening, Thora Birch, Wes Bentley, Mena Suvari, Chris Cooper, Peter Gallagher, Allison Janney, Scott Bakula, Sam Robards",United States,"January 1, 2020",1999,R,122 min,Dramas,"While struggling to endure his tightly wound wife, an unfulfilling job and a surly teen, a man becomes obsessed with one of his daughter's friends."
s488,Movie,An American Tail: The Mystery of the Night Monster,Larry Latham,"Thomas Dekker, Lacey Chabert, Jane Singer, Nehemiah Persoff, Susan Boyd, Robert Hays, Pat Musick, Dom DeLuise, Candi Milo, Jeff Bennett",United States,"April 1, 2018",1999,G,75 min,Children & Family Movies,"When a monster goes on a mouse-napping spree in New York, Fievel and his friends help a reporter get to the bottom of the mystery."
s628,Movie,Austin Powers: The Spy Who Shagged Me,Jay Roach,"Mike Myers, Heather Graham, Michael York, Robert Wagner, Rob Lowe, Seth Green, Mindy Sterling, Verne Troyer, Elizabeth Hurley, Will Ferrell",United States,"December 1, 2019",1999,PG-13,95 min,"Action & Adventure, Comedies, Sci-Fi & Fantasy","When diabolical genius Dr. Evil travels back in time to steal superspy Austin Powers's ""mojo,"" Austin must return to the swingin' '60s himself."
s902,Movie,Big Daddy,Dennis Dugan,"Adam Sandler, Joey Lauren Adams, Jon Stewart, Cole Sprouse, Dylan Sprouse, Josh Mostel, Leslie Mann, Allen Covert, Rob Schneider, Kristy Swanson",United States,"October 1, 2020",1999,PG-13,93 min,Comedies,"Dumped by his girlfriend because he refuses to accept responsibility, overgrown adolescent Sonny Koufax adopts a 5-year-old to prove he's a grownup."
s1003,Movie,Blue Streak,Les Mayfield,"Martin Lawrence, Luke Wilson, Peter Greene, Dave Chappelle, Nicole Ari Parker, Graham Beckel, Robert Miranda, Olek Krupa, Saverio Guerra, Richard C. Sarafian, William Forsythe","Germany, United States","January 1, 2021",1999,PG-13,94 min,"Action & Adventure, Comedies",A jewel thief returns to his hiding place after a stint in jail — only to find that his diamond is buried under a newly constructed police station.
s1213,TV Show,Cardcaptor Sakura,,"Miwa Matsumoto, Motoko Kumai, Nozomu Sasaki, Hideyuki Tanaka, Junko Iwao, Emi Motoi, Yukana, Aya Hisakawa, Katsuyuki Konishi, Emi Shinohara, Sakura Tange, Ryoka Yuzuki, Minako Kotobuki, Yumi Toma, Natsuki Hanae, Issei Miyazaki, Tomokazu Seki, Kazuo Hayashi, Masaya Onosaka, Minori Suzuki, Megumi Ogata",Japan,"June 1, 2020",1999,TV-Y7,2 Seasons,"Anime Series, International TV Shows","After a young girl breaks the seal of a magical book, releasing the spirits of the cards inside, she must become a ""Cardcaptor"" and retrieve them."
s1315,TV Show,Chewin' the Fat,,"Ford Kiernan, Greg Hemphill, Karen Dunbar, Mark Cox, Paul Riley",United Kingdom,"October 1, 2016",1999,TV-14,1 Season,"British TV Shows, TV Comedies","Petty criminals, dodgy decorators, full-bore Glaswegians and oddball documentary presenters converge in this sketch show that parodies Scottish life."
s1456,TV Show,Cold Case Files Classic,,Bill Kurtis,United States,"September 15, 2020",1999,TV-MA,1 Season,"Crime TV Shows, Docuseries","Through forensic science and criminal psychology, an elite breed of detectives reexamine long-unsolved crimes to deliver justice and the truth."
s1834,Movie,Double Jeopardy,Bruce Beresford,"Tommy Lee Jones, Ashley Judd, Bruce Greenwood, Annabeth Gish, Roma Maffia, Jay Brazeau, Michael Gaston, Daniel Lapaine","United States, Germany, Canada","July 1, 2020",1999,R,105 min,Thrillers,"After being framed and serving time for her husband's supposed murder, Libby decides to kill her ""late"" husband for good."
s2644,Movie,Haseena Maan Jaayegi,David Dhawan,"Sanjay Dutt, Govinda, Karisma Kapoor, Pooja Batra, Kader Khan, Paresh Rawal, Satish Kaushik, Aruna Irani, Anupam Kher, Ashish Vidyarthi, Aashif Sheikh, Asrani, Razak Khan, Shakti Kapoor, Bindu, Mahavir Shah, Mohan Joshi, Anil Dhawan",India,"March 1, 2018",1999,TV-PG,151 min,"Action & Adventure, Comedies, Dramas","A millionaire opens the door to comic complications when he punishes his spoiled sons for trying to make money through shady, get-rich-quick schemes."
s2677,TV Show,Heartbreak High,,"Callan Mulvey, Lara Cox, Emma Roche, Ada Nicodemou, Rel Hunt, Putu Winchester, Salvatore Coco, Barbara Gouskos, Ivar Kants, Stephen O'Rourke, Abi Tucker, Scott Major, Corey Page, Despina Caldis, Deni Gordon, Jon Pollard, Vince Poletto, Andrea Moor, Jeremy Lindsay Taylor, Doris Younane, Tony Martin, Sebastian Goldspink, Katherine Halliday, Marcel Bracks, Nina Liu, Morna Seres, Nathalie Roy, Rebecca Smart, Fleur Beaupert, Alex Dimitriades, Tina Bursill, Peter Sumner, Mario Gamma, Tai Nguyen, Inge Hornstra, Rupert Reid, John Walton, Nick Lathouris, Hugh Baldwin, Sarah Lambert, Jan Adele, Diane Craig, Ian Bliss, Alexandra Brunning, Kym Wilson, Isabella Gutierrez, Simon Baker",Australia,"November 27, 2020",1999,TV-14,7 Seasons,"International TV Shows, TV Dramas, Teen TV Shows",A crash course on the turbulence of being a teen is always on the schedule for the students at Hartley High School in this 1990s series set in Sydney.
s2693,Movie,Hello Brother,Sohail Khan,"Salman Khan, Arbaaz Khan, Rani Mukerji, Johny Lever, Neeraj Vora, Shakti Kapoor, Razak Khan, Sulabha Arya",India,"January 4, 2021",1999,TV-14,126 min,"Action & Adventure, Comedies, International Movies","After receiving a heart transplant from a murdered man, a cop is followed around by the victim’s ghost, who won’t rest until his death has been avenged."
s2861,Movie,Hum Saath-Saath Hain,Sooraj R. Barjatya,"Salman Khan, Karisma Kapoor, Saif Ali Khan, Tabu, Sonali Bendre, Mohnish Bahl, Mahesh Thakur, Neelam, Alok Nath, Satish Shah",India,"January 1, 2018",1999,TV-G,176 min,"Dramas, International Movies, Music & Musicals","A scheming matriarch plots to cut off her disabled stepson and his wife from the family fortune, creating a division within the clan."
s3861,Movie,Magnolia,Paul Thomas Anderson,"Jeremy Blackman, Tom Cruise, Melinda Dillon, April Grace, Luis Guzmán, Philip Baker Hall, Philip Seymour Hoffman, Ricky Jay, William H. Macy, Alfred Molina, Julianne Moore, Michael Murphy, John C. Reilly, Jason Robards, Melora Walters",United States,"January 1, 2020",1999,R,189 min,"Dramas, Independent Movies","Through chance, human action, past history and divine intervention, an eclectic cast of characters weaves and warps through each other's lives."
s3913,Movie,Mann,Indra Kumar,"Aamir Khan, Manisha Koirala, Sharmila Tagore, Dipti Bhatnagar, Dalip Tahil, Anil Kapoor",India,"September 28, 2020",1999,TV-14,173 min,"Dramas, International Movies, Romantic Movies","A smooth talker falls for a music teacher aboard a cruise, but a cruel twist of fate hinders their plans to meet again months later."
s3917,Movie,Mansfield Park,Patricia Rozema,"Frances O'Connor, Embeth Davidtz, Jonny Lee Miller, Alessandro Nivola, Harold Pinter, Lindsay Duncan, Sheila Gish, James Purefoy, Victoria Hamilton, Hugh Bonneville",United Kingdom,"January 1, 2020",1999,PG-13,112 min,"Comedies, Dramas, International Movies","A poor heroine is sent to live with wealthy relatives in 1800s England, where her wit and writing talent find the room, and circumstance, to grow."
s4371,TV Show,Mystery Science Theater 3000,,"Joel Hodgson, Michael J. Nelson, Kevin Murphy, Trace Beaulieu, Jim Mallon, Frank Conniff, Mary Jo Pehl, Bill Corbett, Patrick Brantseg, J. Elvis Weinstein",United States,"March 15, 2018",1999,TV-14,1 Season,"TV Comedies, TV Sci-Fi & Fantasy",Hosts Joel and Mike and their robot companions offer hilarious running commentary on B movies they're forced to watch in these classic MST3K episodes.
s4399,Movie,Nang Nak,Nonzee Nimibutr,"Inthira Charoenpura, Winai Kraibutr",Thailand,"January 5, 2019",1999,TV-MA,101 min,"Horror Movies, International Movies, Romantic Movies","In this adaptation of a Thai folk tale, a man returns from war to his family, unaware of a sad secret about what happened to them while he was away."
s4935,TV Show,Power Rangers Lost Galaxy,,"Archie Kao, Reggie Rolle, Danny Slavin, Valerie Vernon, Cerina Vincent, Russell Lawrence, Amy Miller, Melody Perkins, Kazuki Maehara, Eri Tanaka, Terence J. Rotolo, Hiroshi Tsuchida, Tom Whyte, Bob Papenbrook, Mari Maruta","United States, France, Japan","January 1, 2016",1999,TV-Y7,1 Season,Kids' TV,"Five teenagers, transformed by the mystical powers of the Quasar Sabers into the Galaxy Power Rangers, battle the evil Scorpius and Captain Mutiny."
s5303,Movie,Runaway Bride,Garry Marshall,"Julia Roberts, Richard Gere, Joan Cusack, Hector Elizondo, Rita Wilson, Paul Dooley, Christopher Meloni, Donal Logue, Reg Rogers, Yul Vazquez, Jane Morris, Lisa Roberts, Kathleen Marshall, Jean Schertler, Tom Hines",United States,"December 1, 2020",1999,PG,116 min,"Comedies, Romantic Movies","Sparks fly when a newspaper columnist writes a one-sided, sexist story about a commitment-phobic bride who abandoned three men at the altar."
s5527,Movie,"Sexo, Pudor y Lagrimas",Antonio Serrano,"Demián Bichir, Susana Zabaleta, Jorge Salinas, Cecilia Suárez, Victor Huggo Martin, Mónica Dionne, Angélica Aragón, Laura Almela",Mexico,"December 15, 2017",1999,R,111 min,"Comedies, Dramas, International Movies","Passions flare and alliances form when neighbors Ana and Miguel each start an affair with former lovers, right under their spouses' noses."
s5787,TV Show,Star Trek: Deep Space Nine,,"Avery Brooks, Nana Visitor, Rene Auberjonois, Cirroc Lofton, Alexander Siddig, Colm Meaney, Armin Shimerman, Terry Farrell, Michael Dorn",United States,"January 1, 2017",1999,TV-14,7 Seasons,"TV Action & Adventure, TV Sci-Fi & Fantasy","In this ""Star Trek"" spin-off, Commander Sisko leads the multi-species crew of Deep Space Nine, a Federation space station with a complex mission."
s5858,Movie,Stuart Little,Rob Minkoff,"Michael J. Fox, Jonathan Lipnicki, Geena Davis, Hugh Laurie, Nathan Lane","Germany, United States","January 1, 2020",1999,PG,85 min,"Children & Family Movies, Comedies",Mr. and Mrs. Little want to adopt a brother for their only child but get more than they bargained for when they take in a mouse with an attitude.
s5915,Movie,Superstar,Bruce McCulloch,"Molly Shannon, Will Ferrell, Elaine Hendrix, Harland Williams, Mark McKinney, Glynis Johns, Jason Blicker, Gerry Bamman, Emmy Laybourne, Jennifer Irwin, Tom Green",United States,"November 20, 2019",1999,PG-13,82 min,Comedies,A socially awkward Catholic schoolgirl vows to win a dreamy classmate’s affections by taking first prize at an upcoming talent show.
s5954,Movie,Taal,Subhash Ghai,"Anil Kapoor, Aishwarya Rai Bachchan, Akshaye Khanna, Amrish Puri, Alok Nath, Mita Vasisht, Saurabh Shukla, Supriya Karnik",India,"March 1, 2018",1999,TV-PG,177 min,"Dramas, International Movies, Music & Musicals","Businessman Manav falls for aspiring singer Mansi, but their romance faces an uphill climb when Manav must depart and Mansi's suave manager moves in."
s5989,Movie,Tarzan,"Chris Buck, Kevin Lima","Tony Goldwyn, Minnie Driver, Glenn Close, Brian Blessed, Nigel Hawthorne, Rosie O'Donnell, Lance Henriksen, Wayne Knight, Alex D. Linz",United States,"June 23, 2018",1999,G,89 min,Children & Family Movies,"After being shipwrecked off the African coast, a lone child grows up in the wild, and is destined to become lord of the jungle."
s6649,Movie,The Matrix,"Lilly Wachowski, Lana Wachowski","Keanu Reeves, Laurence Fishburne, Carrie-Anne Moss, Hugo Weaving, Gloria Foster, Joe Pantoliano, Marcus Chong, Julian Arahanga, Matt Doran, Belinda McClory",United States,"November 1, 2019",1999,R,136 min,"Action & Adventure, Sci-Fi & Fantasy","A computer hacker learns that what most people perceive as reality is actually a simulation created by machines, and joins a rebellion to break free."
s6729,Movie,The Other,Youssef Chahine,"Nabila Ebeid, Mahmoud Hemeida, Hanan Turk, Hani Salama, Lebleba, Hassan Abdel Hamid, Ezzat Abou Aouf, Ahmed Fouad Selim, Amr Saad, Ahmad Wafiq","France, Egypt","May 29, 2020",1999,TV-MA,106 min,"Dramas, International Movies, Romantic Movies","When a graduate student elopes with a plucky reporter, his wealthy, possessive mother connives with his militant brother-in-law to wreck the union."
s6921,Movie,The Talented Mr. Ripley,Anthony Minghella,"Matt Damon, Gwyneth Paltrow, Jude Law, Cate Blanchett, Philip Seymour Hoffman, Jack Davenport, James Rebhorn, Sergio Rubini, Philip Baker Hall, Celia Weston",United States,"January 1, 2020",1999,R,139 min,"Dramas, Thrillers","A charming sociopath maneuvers into the lush life of a young heir. But as he embraces the posh lifestyle, he'll stop at nothing to hold onto it."
s7016,Movie,The World Is Not Enough,Michael Apted,"Pierce Brosnan, Sophie Marceau, Robert Carlyle, Denise Richards, Robbie Coltrane, Judi Dench, Desmond Llewelyn, John Cleese, Maria Grazia Cucinotta","United Kingdom, United States","December 31, 2019",1999,PG-13,128 min,Action & Adventure,"Greed, revenge, world domination: It's all in a day's work for James Bond, who's on a mission to protect an oil heiress from a notorious terrorist."
s7130,Movie,Together For Eternity,Sooraj R. Barjatya,"Salman Khan, Karisma Kapoor, Saif Ali Khan, Tabu, Sonali Bendre, Mohnish Bahl, Reema Lagoo, Mahesh Thakur, Neelam, Alok Nath",India,"February 1, 2020",1999,TV-G,176 min,"Dramas, International Movies, Music & Musicals","A scheming matriarch plots to cut off her disabled stepson and his wife from the family fortune, creating a division within the clan."
s7536,Movie,West Beirut,Ziad Doueiri,"Rami Doueiri, Mohamad Chamas, Rola Al Amin, Carmen Lebbos, Joseph Bou Nassar, Liliane Nemri","France, Norway, Lebanon, Belgium","October 19, 2020",1999,TV-MA,106 min,"Dramas, International Movies","Three intrepid teens roam the streets of Beirut in the midst of civil war, filming on a Super 8 camera and reckoning with the pains of growing up."
s7624,Movie,Wild Wild West,Barry Sonnenfeld,"Will Smith, Kevin Kline, Kenneth Branagh, Salma Hayek, M. Emmet Walsh, Ted Levine, Frederique Van Der Wal, Musetta Vander, Sofia Eng, Bai Ling",United States,"January 1, 2020",1999,PG-13,106 min,"Action & Adventure, Comedies, Sci-Fi & Fantasy","Armed with an ingenious arsenal, two top-notch government agents are tasked with tracking down a diabolical scientist in this futuristic Western."
