show_id,type,title,director,cast,country,date_added,release_year,rating,duration,listed_in,description
s122,Movie,50 First Dates,Peter Segal,"Adam Sandler, Drew Barrymore, Rob Schneider, Sean Astin, Lusia Strus, Dan Aykroyd, Amy Hill, Allen Covert, Blake Clark, Maya Rudolph",United States,"December 1, 2020",2004,PG-13,99 min,"Comedies, Romantic Movies","After falling for a pretty art teacher who has no short-term memory, a marine veterinarian has to win her over again every single day."
s164,Movie,A Cinderella Story,Mark Rosman,"Hilary Duff, Chad Michael Murray, Jennifer Coolidge, Dan Byrd, Regina King, Julie Gonzalo, Lin Shaye, Madeline Zima, Andrea Avery, Mary Pat Gleason, Paul Rodriguez, Whip Hubley, Kevin Kilner, Erica Hubbard, Simon Helberg","United States, Canada","January 1, 2020",2004,PG,95 min,"Children & Family Movies, Comedies",Teen Sam meets the boy of her dreams at a dance before returning to toil in her stepmother's diner. Can her lost cell phone bring them together?
s355,Movie,Aitraaz,"Abbas Alibhai Burmawalla, Mastan Alibhai Burmawalla","Akshay Kumar, Kareena Kapoor, Priyanka Chopra, Amrish Puri, Paresh Rawal, Annu Kapoor",India,"March 1, 2018",2004,TV-14,153 min,"International Movies, Music & Musicals, Romantic Movies",A happily married business executive is forced to deal with an episode from his past that he had long thought was put behind him.
s711,Movie,Balto 3: Wings of Change,Phil Weinstein,"Maurice LaMarche, Sean Astin, Keith Carradine, Charles Fleischer, Jodi Benson, Bill Fagerbakke, Charity James, Kathy Najimy, David Paymer, Jean Smart",United States,"April 1, 2018",2004,G,78 min,Children & Family Movies,"A pilot challenges Balto's son Kodi and his sled team to see who can deliver the mail faster, but the dogs race to the rescue when the plane vanishes."
s836,Movie,Benji: Off the Leash,Joe Camp,"Nick Whitaker, Chris Kendrick, Randall Newsome, Duane Stephens, Lincoln Hoppe, Christy Summerhays, Scott Wilkinson",United States,"March 6, 2018",2004,PG,100 min,"Children & Family Movies, Dramas","Benji is back in this charming story that's told from the pooch's point of view, tracking his early days as a pup to his current life in showbiz."
s951,Movie,Black Friday,Anurag Kashyap,"Pavan Malhotra, Kay Kay Menon, Aditya Srivastava, Dibyendu Bhattacharya, Kishore Kadam, Gajraj Rao, Zakir Hussain, Imtiaz Ali, Pratima Kazmi, Raj Arjun",India,"November 19, 2020",2004,TV-MA,162 min,"Dramas, International Movies",This docudrama based on the same-titled book tracks the aftermath of a 1993 bombing in Bombay through the eyes of a journalist covering the story.
s1270,Movie,Chameli,Sudhir Mishra,"Kareena Kapoor, Rahul Bose, Rinke Khanna, Yashpal Sharma, Makrand Deshpande, Kabir Sadanand, Pankaj Jha",India,"February 15, 2019",2004,TV-14,102 min,"Dramas, International Movies","While taking shelter from a Mumbai monsoon, an investment banker forms an unlikely connection with a naïve prostitute over the course of the night."
s1373,Movie,Christmas with the Kranks,Joe Roth,"Tim Allen, Jamie Lee Curtis, Dan Aykroyd, Erik Per Sullivan, Cheech Marin, Jake Busey, M. Emmet Walsh, Kevin Chamberlin, Elizabeth Franz, René Lavan",United States,"January 1, 2019",2004,PG,99 min,"Children & Family Movies, Comedies",When Luther Krank and his wife opt to skip Christmas – no tree and no rooftop Frosty – can they handle the fallout from their family and neighbors?
s1518,Movie,Crash,Paul Haggis,"Sandra Bullock, Don Cheadle, Matt Dillon, Jennifer Esposito, William Fichtner, Brendan Fraser, Terrence Howard, Ludacris, Thandie Newton, Ryan Phillippe, Larenz Tate, Nona Gaye, Michael Peña","United States, Germany","October 1, 2019",2004,R,112 min,"Dramas, Independent Movies","In post-Sept. 11 Los Angeles, tensions erupt when the lives of people from all walks of life converge during a 36-hour period."
s1731,Movie,Devrai,"Sumitra Bhave, Sunil Sukthankar","Atul Kulkarni, Sonali Kulkarni, Tushar Dalvi, Devika Daftardar, Amruta Subhash, Mohan Agashe, Ashwin Chitale, Jyoti Subhash",India,"January 1, 2018",2004,TV-PG,123 min,"Dramas, International Movies","After science student Shesh Shahi – a shy eccentric with a strange connection to nature – is examined by a team of mental hospital doctors, a gripping portrait of schizophrenia emerges."
s1937,Movie,Ek Hasina Thi,Sriram Raghavan,"Saif Ali Khan, Urmila Matondkar, Seema Biswas, Pratima Kazmi, Aditya Srivastava, Rasika Joshi, Madan Joshi, Seema Adhikari",India,"August 1, 2019",2004,TV-MA,134 min,"Dramas, International Movies, Thrillers","Imprisoned for underworld crimes she didn’t commit, a vengeful woman breaks free and goes scorched earth on the smooth-talking suitor who framed her."
s2152,Movie,Fida,Ken Ghosh,"Fardeen Khan, Kareena Kapoor, Shahid Kapoor, Kim Sharma, Akhilendra Mishra",India,"October 13, 2020",2004,TV-14,117 min,"International Movies, Romantic Movies, Thrillers",An all-around nice guy finds himself in a dangerous situation after he makes the ultimate sacrifice for the woman he loves in this drama.
s2325,Movie,G.O.R.A,Ömer Faruk Sorak,"Cem Yılmaz, Rasim Öztekin, Özkan Uğur, İdil Fırat, Şafak Sezer, Özge Özberk, Erdal Tosun, Cezmi Baskın, Ozan Güven, Engin Günaydın",Turkey,"March 10, 2017",2004,TV-MA,123 min,"Action & Adventure, Comedies, International Movies","Carpet dealer and UFO photo forger Arif is abducted by aliens. On the planet Gora, he helps friends escape from a meteorite strike and find freedom."
s2632,Movie,Harold & Kumar Go to White Castle,Danny Leiner,"John Cho, Kal Penn, Paula Garcés, Neil Patrick Harris, David Krumholtz, Eddie Kaye Thomas, Christopher Meloni, Ryan Reynolds, Fred Willard","United States, Canada, Germany","January 1, 2020",2004,R,88 min,"Comedies, Cult Movies",Buddies Harold and Kumar set out to satisfy a stoner craving for hamburgers but end up on an epic journey when they can't find White Castle.
s2692,Movie,Hellboy,Guillermo del Toro,"Ron Perlman, John Hurt, Selma Blair, Rupert Evans, Karel Roden, Jeffrey Tambor, Doug Jones, Brian Steele, Ladislav Beran, Biddy Hodson, Corey Johnson, Kevin Trainor",United States,"December 1, 2018",2004,PG-13,122 min,"Action & Adventure, Cult Movies, Sci-Fi & Fantasy","This fast-paced action flick tells the dark story of Hellboy, a charismatic demon who's put on Earth by the Nazis to terrorize the rest of the world."
s3038,Movie,Inuyasha the Movie - L'isola del fuoco scarlatto,Toshiya Shinohara,"Kappei Yamaguchi, Satsuki Yukino, Koji Tsujitani, Houko Kuwashima, Kumiko Watanabe, Noriko Hidaka, Ken Narita, Cho, Mamiko Noto, Nobutoshi Canna, Fumiko Orikasa, Richard Ian Cox, Moneca Stori",Japan,"September 1, 2017",2004,TV-PG,88 min,"Action & Adventure, Anime Features, International Movies","Ai, a young half-demon who has escaped from Horai Island to try to help his people, returns with potential saviors InuYasha, Sesshomaru and Kikyo."
s3377,Movie,Kill Bill: Vol. 2,Quentin Tarantino,"Uma Thurman, David Carradine, Michael Madsen, Daryl Hannah, Gordon Liu, Michael Parks, Perla Haney-Jardine, Helen Kim, Claire Smithies, Clark Middleton",United States,"January 1, 2020",2004,R,137 min,Action & Adventure,"The Bride has three left on her rampage list: Budd, Elle Driver and Bill himself. But when she arrives at Bill's house, she's in for a surprise."
s3456,Movie,Krishna Cottage,Santram Varma,"Sohail Khan, Isha Koppikar, Natasha, Rati Agnihotri",India,"May 31, 2019",2004,TV-MA,124 min,"Action & Adventure, Horror Movies, International Movies",True love is put to the test when another woman comes between a pair of star-crossed young lovers in this thriller.
s3465,Movie,Kung Fu Hustle,Stephen Chow,"Stephen Chow, Yuen Wah, Yuen Qiu, Lam Chi-chung, Dong Zhihua, Chiu Chi-ling, Xing Yu, Danny Chan Kwok-kwan, Leung Siu-lung","Hong Kong, China, United States","April 1, 2020",2004,R,99 min,"Action & Adventure, Comedies, Cult Movies","Sing, a mobster in 1940s China, longs to be as cool as the formally clad Axe Gang, a band of killers who rule Hong Kong, but can only pretend."
s3483,Movie,Kyun! Ho Gaya Na,Samir Karnik,"Aishwarya Rai Bachchan, Vivek Oberoi, Amitabh Bachchan, Om Puri, Rati Agnihotri, Sunil Shetty, Tinnu Anand, Rahul Singh",India,"March 1, 2018",2004,TV-PG,165 min,"International Movies, Romantic Movies","Cinematic lovebirds Aishwarya Rai and Vivek Oberoi star in this love story about a sweet young girl, Diya, brought up by her widowed father on a coffee plantation in the village of Coorg."
s3505,TV Show,La Robe De Mariee Des Cieux,,"Cyndi Wang, Leon Jay Williams, Chu Chung-heng, Michael Tao, Ming Dao, Jacky Chu, Ehlo Huang, Terri Kwan",Taiwan,"November 15, 2019",2004,TV-MA,1 Season,"International TV Shows, Romantic TV Shows","After a chance encounter that ends on bad terms, two clashing strangers soon cross paths again as their fates become inevitably intertwined."
s3525,Movie,Lakshya,Farhan Akhtar,"Amitabh Bachchan, Hrithik Roshan, Preity Zinta, Om Puri, Sharad Kapoor, Rajendranath Zutshi, Sushant Singh, Prashant Chainani, Shakeel Khan, Ranvir Shorey",India,"December 15, 2019",2004,TV-PG,185 min,"Action & Adventure, Dramas, International Movies","After dropping out of the army, a spoiled teenager reenlists and proves his mettle by becoming an officer just as war breaks out."
s3552,Movie,Layer Cake,Matthew Vaughn,"Daniel Craig, Colm Meaney, Kenneth Cranham, Sienna Miller, Tom Hardy, Michael Gambon, George Harris, Jamie Foreman, Marcel Iures, Ben Whishaw, Tamer Hassan",United Kingdom,"March 1, 2019",2004,R,105 min,"Independent Movies, International Movies, Thrillers",A seasoned British drug dealer longs to ditch his illegal trade. But he can't do that without wrapping up just one more job.
s3849,Movie,Madness in the Desert,Satyajit Bhatkal,"Aamir Khan, Ashutosh Gowariker",India,"January 10, 2021",2004,TV-14,141 min,"Documentaries, International Movies","The story of making ""Lagaan,"" one of the millennium's seminal Indian films, is told from the point of view of production team member Satyajit Bhatkal."
s3873,Movie,Main Hoon Na,Farah Khan,"Shah Rukh Khan, Sunil Shetty, Sushmita Sen, Zayed Khan, Amrita Rao, Kiron Kher, Boman Irani, Bindu, Naseeruddin Shah, Kabir Bedi",India,"April 1, 2018",2004,TV-14,171 min,"Action & Adventure, Comedies, Dramas",Major Ram Prasad Sharma yearns to see project Mission Milaap come to fruition and usher in an era of peace between two warring countries. But the evil Raghavan will do anything to stop the peace process.
s4120,Movie,Miracle,Gavin O'Connor,"Kurt Russell, Patricia Clarkson, Noah Emmerich, Sean McCann, Kenneth Welsh, Eddie Cahill, Patrick O'Brien Demsey, Michael Mantenuto, Nathan West, Kenneth Mitchell, Sam Skoryna, Billy Schneider, Michael Kopsa, Beverley Breuer, Lisa Marie Caruk, Ryan Walter, Nate Miller, Joseph Cure, Scott Johnson, Eric Peter-Kaiser, Bobby Hanson","Canada, United States","June 1, 2018",2004,PG,136 min,"Children & Family Movies, Dramas, Sports Movies",U.S. hockey coach Herb Brooks unites a motley crew of college athletes and turns them into a force to be reckoned with at the 1980 Winter Olympics.
s4274,Movie,Mujhse Shaadi Karogi,David Dhawan,"Rajpal Yadav, Amrish Puri, Kader Khan, Shashi Kala, Priyanka Chopra, Salman Khan, Akshay Kumar, Satish Shah",India,"December 31, 2019",2004,TV-PG,158 min,"Comedies, International Movies, Romantic Movies","Samir must overcome a hostile horoscope, a hot temper and a determined rival to win the heart of Rani, the love of his life."
s4413,Movie,Naruto the Movie: Ninja Clash in the Land of Snow,Tensai Okamura,"Yuri Lowenthal, Maile Flanagan, Sam Regal, Cam Clarke, Lex Lang, Kari Wahlgren, Crispin Freeman",Japan,"September 1, 2017",2004,TV-PG,83 min,"Action & Adventure, Anime Features, International Movies","Naruto, Sasuke and Sakura learn they'll be protecting an actress from being hurt while making her next film, but it turns out she's a princess."
s4425,Movie,National Treasure,Jon Turteltaub,"Nicolas Cage, Diane Kruger, Justin Bartha, Sean Bean, Jon Voight, Harvey Keitel, Christopher Plummer",United States,"June 1, 2018",2004,PG,131 min,"Action & Adventure, Children & Family Movies","Modern treasure hunters search for a chest of riches rumored to have been stashed away by George Washington, Thomas Jefferson and Benjamin Franklin."
s4454,Movie,New York Minute,Dennie Gordon,"Mary-Kate Olsen, Ashley Olsen, Eugene Levy, Andy Richter, Riley Smith, Jared Padalecki, Drew Pinsky, Darrell Hammond, Andrea Martin, Alannah Ong, Mary Bond Davis, Bob Saget, Jack Osbourne",United States,"January 1, 2020",2004,PG,91 min,"Children & Family Movies, Comedies","When bickering teenage twins accidentally land in the middle of a criminal operation, they'll have to work together to get themselves out of trouble."
s4513,TV Show,North & South,,"Daniela Denby-Ashe, Richard Armitage, Tim Pigott-Smith, Sinéad Cusack, Lesley Manville, Brendan Coyle, Anna Maxwell Martin, Jo Joyner, Pauline Quirke, Kay Lyon",United Kingdom,"March 31, 2017",2004,NR,1 Season,"British TV Shows, Romantic TV Shows, TV Dramas","When her father moves his family to an industrial mill town, the parson's daughter, Margaret Hale, struggles to adapt to her harsh new surroundings."
s4566,Movie,Ocean's Twelve,Steven Soderbergh,"George Clooney, Brad Pitt, Matt Damon, Catherine Zeta-Jones, Andy Garcia, Don Cheadle, Bernie Mac, Julia Roberts, Casey Affleck, Scott Caan",United States,"October 1, 2019",2004,PG-13,125 min,"Action & Adventure, Comedies","Danny Ocean reunites with his old flame and the rest of his merry band of thieves in a caper covering three huge heists in Rome, Paris and Amsterdam."
s4747,Movie,Palermo Hollywood,Eduardo Pinto,"Brian Maya, Matías Desiderio, Manuela Pal, Azul Lombardía",Argentina,"October 8, 2020",2004,TV-MA,106 min,"Dramas, International Movies",A pair of petty criminals from different backgrounds get tangled up in a gangster's kidnapping scheme that goes awry.
s4931,TV Show,Power Rangers Dino Thunder,,"James Napier, Kevin Duhaney, Emma Lahana, Jason David Frank, Jeffrey Parazzo, Katrina Devine, Tom Hern, Miriama Smith, Latham Gaines, James Gaylyn",United States,"January 1, 2016",2004,TV-Y7,1 Season,Kids' TV,"Dr. Tommy Oliver returns when his students discover the Dino Gems that morph them into the Dino Power Rangers, enabling them to stop the evil Mesogog."
s5052,Movie,Rabun,Yasmin Ahmad,"M. Rajoli, Kartina Aziz, Rozie Rashid, Irwan Iskandar, Noor Khiriah, Hafiz Ibrahim",Malaysia,"December 18, 2020",2004,TV-PG,85 min,"Dramas, Independent Movies, International Movies","A free-spirited couple leave the city to retire in the country. But when they're swindled by a relative, life in the countryside loses its luster."
s5124,TV Show,Rebelde,,"Anahí, Dulce María, Alfonso Herrera, Christopher Von Uckermann, Maite Perroni, Christian Chávez, Juan Ferrara, Ninel Conde, Leticia Perdigón, Enrique Rocha",Mexico,"December 31, 2017",2004,TV-14,1 Season,"International TV Shows, Romantic TV Shows, Spanish-Language TV Shows","Six students at an exclusive prep school, some on scholarship, discover that music can close the class divide."
s5293,TV Show,Rubi,,"Bárbara Mori, Eduardo Santamarina, Sebastián Rulli, Jacqueline Bracamontes, Ana Martín, Yadhira Carrillo, Miguel Pizarro, Manuel Landeta, Antonio Medellin, Ana Bertha Espín, José Elías Moreno, Olivia Bucio",Mexico,"December 31, 2017",2004,TV-PG,1 Season,"International TV Shows, Romantic TV Shows, Spanish-Language TV Shows","Ruby, jealous of her wealthy best friend Maribel, cooks up a scheme to marry a millionaire. Hector, Maribel's boyfriend, is her target."
s5301,Movie,Run,Jeeva,"Abhishek Bachchan, Bhoomika Chawla, Mahesh Manjrekar, Vijay Raaz, Mukesh Rishi, Ayesha Jhulka, Anjan Srivastav, Goga Kapoor, Mukul Agarwal, Shweta Menon",India,"March 1, 2018",2004,TV-14,134 min,"Action & Adventure, International Movies, Music & Musicals",Siddharth falls in love with beautiful Jhanvi. But Jhanvi's brother Ganpat is overly possessive – and determined to destroy their relationship.
s5587,TV Show,Show Me the Money,,"Afdlin Shauki, Patrick Teoh, Mano Maniam, Rashid Salleh, Soefira Jaafar, Nell Ng, Juliana Ibrahim, Wandy She",,"September 9, 2018",2004,TV-14,2 Seasons,"International TV Shows, TV Comedies",Four ordinary family members find their lives turned upside down when they become overnight millionaires thanks to an unlikely benefactor.
s5592,Movie,Shutter,"Banjong Pisanthanakun, Parkpoom Wongpoom","Ananda Everingham, Natthaweeranuch Thongmee, Achita Sikamana, Unnop Chanpaibool, Titikarn Tongprasearth, Sivagorn Muttamara, Chachchaya Chalemphol, Kachormsak Naruepatr",Thailand,"September 5, 2018",2004,TV-MA,96 min,"Horror Movies, International Movies","After killing a young girl in a hit-and-run accident, a couple is haunted by more than just the memory of their deadly choice."
s5667,Movie,Sleepover,Joe Nussbaum,"Alexa PenaVega, Mika Boorem, Jane Lynch, Sam Huntington, Sara Paxton, Brie Larson, Scout Taylor-Compton, Douglas Smith, Katija Pevec, Steve Carell, Jeff Garlin",United States,"March 1, 2020",2004,PG,89 min,"Comedies, Romantic Movies","As high school approaches, four best friends have a summer sleepover and participate in a scavenger hunt against their popular archrivals."
s5768,Movie,Spookley the Square Pumpkin,Bernie Denk,"Sonja Ball, Craig Francis, Rick Jones, Michel Perron, Holly Gauthier-Frankel, Norman Groulx, Terrence Scammell, Bruce Dinsmore, Jennifer Seguin",United States,"September 1, 2019",2004,G,47 min,Children & Family Movies,"When a storm terrorizes his patch, a pumpkin cast out for his shape must step up to use his smarts to save the day – and to prove himself."
s5788,TV Show,Star Trek: Enterprise,,"Scott Bakula, John Billingsley, Jolene Blalock, Dominic Keating, Anthony Montgomery, Linda Park, Connor Trinneer",United States,"October 1, 2017",2004,TV-14,4 Seasons,"Classic & Cult TV, TV Action & Adventure, TV Sci-Fi & Fantasy","Capt. Archer and his crew explore space and discover human innovation-expanding technologies as they meet new alien races in this ""Star Trek"" prequel."
s5799,Movie,Starsky & Hutch,Todd Phillips,"Ben Stiller, Owen Wilson, Vince Vaughn, Juliette Lewis, Snoop Dogg, Fred Williamson, Jason Bateman, Amy Smart, Carmen Electra, George Cheung",United States,"July 1, 2019",2004,PG-13,101 min,"Action & Adventure, Comedies",New undercover cop partners Starsky and Hutch must overcome their differences to solve an important case with help from street informant Huggy Bear.
s5933,Movie,Swades,Ashutosh Gowariker,"Shah Rukh Khan, Gayatri Joshi, Kishori Balal, Smith Seth, Lekh Tandon, Rajesh Vivek, Daya Shankar Pandey, Farrukh Jaffar",India,"March 1, 2018",2004,TV-PG,185 min,"Dramas, International Movies",An Americanized NASA scientist returns to his native India on a business trip and searches for the nanny who helped raise him.
s6119,Movie,The Beach Loafer,Ali Ragab,"Ahmed Helmy, Yasmin Abdulaziz, Mahmoud Abdel Moghny, Lotfy Labib, Soad Nasr, Rico, Ahmed Rateb, Youssef Eid",Egypt,"May 19, 2020",2004,TV-14,112 min,"Comedies, International Movies","A wedding singer and his friends try to prove his innocence after he's accused of murder, a situation threatening his own marriage plans."
s6737,TV Show,The Outsiders,,"Dylan Kuo, Ady An, Lan Cheng-Lung, Michael Chang, Joelle Lu",Taiwan,"April 30, 2019",2004,TV-MA,1 Season,"Crime TV Shows, International TV Shows, Romantic TV Shows",A trio of delinquent brothers fends off neighborhood rivals until one joins a gang to gain protection for the upper-class girl he loves.
s6754,Movie,The Phantom of the Opera,Joel Schumacher,"Gerard Butler, Emmy Rossum, Patrick Wilson, Miranda Richardson, Minnie Driver, Ciarán Hinds, Simon Callow, Victor McGuire, Jennifer Ellison","United Kingdom, United States","June 1, 2019",2004,PG-13,141 min,"Dramas, Music & Musicals, Romantic Movies","In 1870, a disfigured recluse roams beneath a Parisian opera house and takes under his wing a young soprano, with whom a love triangle develops."
s6770,Movie,The Polar Express,Robert Zemeckis,"Tom Hanks, Leslie Zemeckis, Eddie Deezen, Nona Gaye, Peter Scolari, Brendan King, Andy Pellick, Michael Jeter, Chris Coppola, Julene Renee",United States,"January 1, 2021",2004,G,100 min,Children & Family Movies,"In this warm-hearted tale, a young boy's faith in the holiday spirit is revived after he makes his way by train to the North Pole on Christmas Eve."
s6774,Movie,The President's Barber,Chan-sang Lim,"Kang-ho Song, So-ri Moon, Jae-eung Lee, Yeong-jin Jo, Byung-ho Son, Yong-soo park, Seung-soo Ryu, Ju-sang Yun, Gyu-su Jeong, Dal-su Oh",South Korea,"October 1, 2017",2004,TV-MA,116 min,"Comedies, Dramas, International Movies","The personal barber to the president, as well as his wife and only son, get tangled in the political chaos that gripped South Korea in the late 1900s."
s6777,Movie,The Prince & Me,Martha Coolidge,"Julia Stiles, Luke Mably, Ben Miller, Miranda Richardson, James Fox, Alberta Watson, John Bourgeois, Zachary Knighton, Eliza Bennett","United States, Czech Republic","October 1, 2020",2004,PG,111 min,"Comedies, Romantic Movies","A hardworking Wisconsin college student falls for her arrogant yet charming classmate, unaware that he's a Danish prince attending school incognito."
s6911,Movie,The Student Cop,Wael Ihsan,"Karim Abdel Aziz, Hassan Hosny, Ghada Adel, Maha Ahmed, Ramez Galal, Mohamed Ragab, Mohamed El Dafrawy",Egypt,"June 2, 2020",2004,TV-14,111 min,"Action & Adventure, Comedies, International Movies","Sent undercover to investigate suspicious activity among a group of college students, a police officer gets more invested in his role than expected."
s6955,Movie,The Twins Effect II,"Corey Yuen, Patrick Leung","Donnie Yen, Jaycee Chan, Charlene Choi, Gillian Chung, Wilson Chen Bo-Lin, Tony Leung Ka Fai, Qu Ying, Fan Bingbing, Xie Jing-jing, Daniel Wu, Edison Chen, Jackie Chan","Hong Kong, China","July 21, 2019",2004,TV-14,106 min,"Action & Adventure, Comedies, International Movies",An empress rules over a land where men are subservient to women. But a prophecy reveals that a boy will become king and restore the male regime.
s7180,Movie,Trailer Park Boys: Xmas Special,Mike Clattenburg,"John Paul Tremblay, Robb Wells, John Dunsworth, Patrick Roach, Lucy Decoutere, Sarah Dunsworth, Cory Bowles, Barrie Dunn, Michael Jackson, Shelley Thompson",Canada,"March 1, 2018",2004,TV-MA,46 min,Movies,"See what Sunnyvale Trailer Park was like back in the day, featuring Randy as a prostitute, J-Roc before he rapped and Barb and Lahey still together."
s7211,Movie,Tremors 4: The Legend Begins,S.S. Wilson,"Michael Gross, Sara Botsford, Billy Drago, Brent Roam, August Schellenberg, J.E. Freeman, Ming Lo, Lydia Look, Sam Ly, Neil Kopit",United States,"January 1, 2020",2004,PG-13,101 min,"Comedies, Horror Movies, Sci-Fi & Fantasy","Residents of a abandoned mining town attempt to get to the bottom of a series of recent, mysterious deaths before their own fates are sealed."
s7237,TV Show,Trotro,,,France,"July 1, 2020",2004,TV-Y,1 Season,Kids' TV,"Trotro the donkey may be opinionated, but he's as sweet as can be in this animated series that's full of lessons for children."
s7440,Movie,Vizontele Tuuba,Yılmaz Erdoğan,"Yılmaz Erdoğan, Tarık Akan, Altan Erkekli, Cezmi Baskın, İclal Aydın, Demet Akbağ, Tuba Ünsal, Tolga Çevik",Turkey,"March 10, 2017",2004,NR,106 min,"Comedies, Dramas, International Movies","With civil war looming, a TV-obsessed Turkish town is bemused when a bureaucrat and his daughter arrive to modernize their library."
s7593,Movie,Whisky,"Pablo Stoll, Juan Pablo Rebella","Andrés Pazos, Mirella Pascual, Jorge Bolani, José Pedro Bujaruz, Verónica Perrotta","Uruguay, Argentina, Germany, Spain","January 22, 2020",2004,TV-MA,98 min,"Comedies, Dramas, International Movies","To impress family, a factory owner pretends to be married to one of his employees, and soon, the ""couple"" finds their lives radically altered."
s7755,Movie,Yuva,Mani Ratnam,"Ajay Devgn, Abhishek Bachchan, Vivek Oberoi, Esha Deol, Kareena Kapoor, Rani Mukerji, Loveleen Mishra, Anant Nag, Om Puri, Vijay Raaz, Sonu Sood",India,"March 1, 2018",2004,TV-14,160 min,"Dramas, International Movies","An accident on a bridge ties together three young men from different social classes, sparking a course of events that will forever alter their lives."
