show_id,type,title,director,cast,country,date_added,release_year,rating,duration,listed_in,description
s1227,Movie,Carrie,Brian De Palma,"Sissy Spacek, Piper Laurie, Amy Irving, William Katt, John Travolta, Nancy Allen, Betty Buckley, P.J. Soles, Priscilla Pointer, Sydney Lassick, Stefan Gierasch, Michael Talbott, Doug Cox, Harry Gold, Noelle North",United States,"June 1, 2019",1976,R,98 min,"Classic Movies, Cult Movies, Horror Movies","An outcast teen with telekinetic ability lashes out with her deadly power when the high school ""in crowd"" torments her with a sick joke at the prom."
s1260,Movie,Chadi Jawani Budhe Nu,,Anand,India,"September 1, 2017",1976,TV-PG,135 min,"Comedies, International Movies, Romantic Movies","After reaching his 40th birthday, an egotistical businessman kicks off his midlife crisis by deciding to secure a mistress."
s2704,Movie,Hera Pheri,Prakash Mehra,"Amitabh Bachchan, Vinod Khanna, Saira Banu, Sulakshana Pandit, Shreeram Lagoo, Pinchoo Kapoor, P. Jairaj, Yunus Parvez",India,"December 31, 2019",1976,TV-14,156 min,"Action & Adventure, Comedies, Dramas",The bond between two crooks and best friends is threatened when one learns that the other's father had a hand in his own tragic past.
s3705,Movie,Logan's Run,Michael Anderson,"Michael York, Richard Jordan, Farrah Fawcett, Jenny Agutter, Peter Ustinov, Roscoe Lee Browne, Randolph Roberts, Gary Morgan, Greg Lewis",United States,"November 1, 2019",1976,PG,118 min,"Action & Adventure, Classic Movies, Cult Movies","In the 23rd century, inhabitants of a domed city exist in a world filled with life's pleasures – but no one is allowed to live past the age of 30."
s5177,Movie,Return of the Prodigal Son,Youssef Chahine,"Majida El Roumi, Souheir El Morshidy, Shoukry Sarhan, Huda Sultan, Mahmoud El Meleigy, Ahmad Mehrez, Hesham Selim",Egypt,"June 19, 2020",1976,TV-MA,124 min,"Dramas, International Movies","Freed after spending 12 years in jail, a man's homecoming turns into a dark affair as his disillusion clashes with his family's expectations."
s5245,Movie,Rocky,John G. Avildsen,"Sylvester Stallone, Talia Shire, Burt Young, Carl Weathers, Burgess Meredith, Thayer David, Joe Spinell, Jimmy Gambina, Bill Baldwin",United States,"August 1, 2019",1976,PG,120 min,"Action & Adventure, Classic Movies, Dramas","Sylvester Stallone shot to fame as Rocky Balboa, an unknown fighter who's given a shot at fighting world champ Apollo Creed as a publicity stunt."
s5739,Movie,Sparkle,Sam O'Steen,"Tony King, Mary Alice, Irene Cara, Dorian Harewood, Paul Lambert, Beatrice Winde, Lonette McKee",United States,"November 1, 2019",1976,PG,98 min,"Dramas, Music & Musicals","In 1950s Harlem, three singing sisters hit the big time and end up losing one another in this musical melodrama inspired by the Supremes."
s5995,Movie,Taxi Driver,Martin Scorsese,"Robert De Niro, Jodie Foster, Cybill Shepherd, Peter Boyle, Albert Brooks, Leonard Harris, Harvey Keitel, Murray Moston, Richard Higgs, Victor Argo",United States,"April 1, 2020",1976,R,114 min,"Classic Movies, Dramas, Thrillers","Enraged by New York's moral rot and urban decay, an unhinged cab driver goes mad, plotting an assassination and saving a teen sex worker."
s7009,Movie,The Witness Who Didn't See Anything,"Muhammad Fadl, Hany Motawie","Adel Imam, Nahed Gabr, Omar El-Hariri, Nazim Sharawy, Badr Nofal, Saeed Tarabeek, Hala Fakher, Samir Waley Eldein, Sami Gawhar, Shawqi Shamekh, Nasr Seif",Egypt,"May 21, 2020",1976,TV-PG,157 min,"Comedies, International Movies","Pressured by cops into testifying as an eyewitness to a neighbor's murder, a children's TV host takes on a new persona after the trial."
