show_id,type,title,director,cast,country,date_added,release_year,rating,duration,listed_in,description
s72,Movie,16 Blocks,Richard Donner,"Bruce Willis, Mos Def, David Morse, Jenna Stern, Cylk Cozart, Casey Sander, David Zayas, Robert Racki, Patrick Garrow, Sasha Roiz","United States, Germany","November 1, 2019",2006,PG-13,102 min,Action & Adventure,"Tasked with escorting a prosecution witness to court, an aging cop gears up for the 16-block trek – but they'll be lucky to make it there alive."
s196,TV Show,A Lion in the House,"Steven Bognar, Julia Reichert",,United States,"November 10, 2020",2006,TV-14,1 Season,TV Shows,Five kids and their resilient families navigate the treatments and traumas of pediatric cancer in this documentary filmed over the course of six years.
s347,Movie,Ahista Ahista,Shivam Nair,"Abhay Deol, Soha Ali Khan, Shayan Munshi, Kamini Khanna, Sohrab Ardeshir, Murad Ali, Shakeel Khan, Natasha Sinha, Brijendra Kala",India,"December 31, 2019",2006,TV-14,122 min,"Dramas, International Movies, Romantic Movies","Stood up by her groom at the altar, a young woman finds help and healing from another man – until her ex-fiancé returns, hoping to win her back."
s418,Movie,All the Boys Love Mandy Lane,Jonathan Levine,"Anson Mount, Edwin Hodge, Michael Welch, Brooke Bloom, Amber Heard, Aaron Himelstein, Whitney Able, Luke Grimes, Melissa Price",United States,"July 3, 2018",2006,R,91 min,Horror Movies,"During a weekend excursion to a secluded ranch, an unwelcome visitor begins picking off the randy admirers of teenage temptress Mandy Lane."
s553,Movie,Anthony Kaun Hai?,Raj Kaushal,"Sanjay Dutt, Arshad Warsi, Minissha Lamba, Raghuvir Yadav, Anusha Dhandekar, Gulshan Grover, Ravi Baswani",India,"July 1, 2018",2006,TV-14,122 min,"Comedies, Dramas, International Movies","A forger uses a fake identity in trying to retrieve stolen diamonds buried in a penitentiary, unaware a mob assassin is on the trail of his phony alias."
s667,Movie,Babel,Alejandro G. Iñárritu,"Brad Pitt, Cate Blanchett, Gael García Bernal, Koji Yakusho, Adriana Barraza, Rinko Kikuchi, Said Tarchani, Boubker Ait El Caid, Elle Fanning, Nathan Gamble, Mohamed Akhzam","France, United States, Mexico","January 1, 2019",2006,R,143 min,"Dramas, Independent Movies","When an American couple vacationing in Morocco falls victim to a random act of violence, a series of events unfolds across four countries."
s700,Movie,Badha,"Sumitra Bhave, Sunil Sukthankar","Amruta Subhash, Rajesh More, Devika Daftardar, Renuka Daftardar, Uttara Baokar, Jyoti Subhash, Milind Shinde, Sachin Mondkar",India,"January 1, 2018",2006,TV-14,91 min,"Dramas, International Movies",A young woman who is suspected of practicing black magic and witchcraft is demonized and forced to live apart from her family.
s874,Movie,Beynelmilel,"Muharrem Gülmez, Sırrı Süreyya Önder","Cezmi Baskın, Özgü Namal, Umut Kurt, Nazmi Kırık, Bahri Beyat, Meral Okay, Dilber Ay, Şahin Irmak, Oktay Kaynarca, Burak Tamdoğan",Turkey,"April 28, 2020",2006,TV-MA,102 min,"Comedies, Dramas, International Movies","When a local musician and his band are forced to perform in honor of a right-wing coup, his daughter schemes to make their music subversive instead."
s883,Movie,Bhagam Bhag,Priyadarshan,"Akshay Kumar, Govinda, Lara Dutta, Paresh Rawal, Rajpal Yadav, Jackie Shroff, Arbaaz Khan, Tanushree Dutta, Asrani, Shakti Kapoor",India,"December 31, 2019",2006,TV-14,151 min,"Comedies, International Movies, Romantic Movies","A theater group lands in trouble when its new actress takes her own life, two of its members are framed for murder and no one is who they appear to be."
s974,TV Show,Bleach,,"Masakazu Morita, Fumiko Orikasa, Yuki Matsuoka, Noriaki Sugiyama, Hiroki Yasumoto, Kentaro Ito, Ryotaro Okiayu",Japan,"April 21, 2020",2006,TV-14,5 Seasons,"Anime Series, International TV Shows","After teenager Ichigo Kurosaki acquires superpowers from wounded soul reaper Rukia Kuchiki, the two of them join forces to round up lost souls."
s1039,Movie,"Bon Cop, Bad Cop",Erik Canuel,"Patrick Huard, Colm Feore, Sylvain Marcel, Lucie Laurier, Pierre Lebeau, Ron Lea, Sarain Boylan, Louis-José Houde",Canada,"March 15, 2017",2006,TV-MA,117 min,"Action & Adventure, Comedies, International Movies",An English-speaking officer from Toronto and a French-speaking cop from Montreal are forced to work together to solve a crime.
s1115,Movie,Brother's Shadow,Todd S. Yellin,"Scott Cohen, Judd Hirsch, Susan Floyd, Elliot Korte, Ruben Santiago-Hudson, James Murtaugh, Ato Essandoh, Toby Poser, Diane Kagan, John Di Benedetto, Jerry Matz, Lisa Emery",United States,"September 1, 2017",2006,TV-MA,90 min,"Dramas, Independent Movies","After serving time in jail, a disgraced son returns to the family business in New York, where he struggles to fill the shoes of his late twin brother."
s1235,Movie,Casino Royale,Martin Campbell,"Daniel Craig, Judi Dench, Eva Green, Jeffrey Wright, Mads Mikkelsen, Giancarlo Giannini","United Kingdom, Czech Republic, United States, Germany, Bahamas","August 31, 2020",2006,PG-13,145 min,Action & Adventure,"Daniel Craig makes his debut as the newly minted agent 007, who's pitted against an infamous financier of global terrorism – at the poker table."
s1376,Movie,Chronicle of an Escape,Israel Adrián Caetano,"Rodrigo de la Serna, Pablo Echarri, Nazareno Casero, Lautaro Delgado, Matías Marmorato, Martín Urruty, César Albarracín, Guillermo Fernandez, Daniel Di Biase",Argentina,"June 15, 2018",2006,R,104 min,"Dramas, International Movies, Thrillers","Soccer goalie Claudio Tamburrini is kidnapped by the Argentine military. Several months later, he joins other prisoners in planning a daring escape."
s1384,Movie,Chup Chup Ke,"Priyadarshan, Kookie V. Gulati","Shahid Kapoor, Kareena Kapoor, Om Puri, Neha Dhupia, Sunil Shetty, Paresh Rawal, Rajpal Yadav, Shakti Kapoor",India,"November 1, 2018",2006,TV-PG,158 min,"Comedies, Dramas, International Movies","Mistaking a broke, small-time hustler for a millionaire, two bumbling fishermen hatch a scheme to use him to help pay off their debts."
s1417,Movie,Click,Frank Coraci,"Adam Sandler, Kate Beckinsale, Christopher Walken, David Hasselhoff, Henry Winkler, Julie Kavner, Sean Astin, Joseph Castanon, Jonah Hill, Jake Hoffman, Jennifer Coolidge",United States,"January 1, 2020",2006,PG-13,108 min,"Comedies, Sci-Fi & Fantasy",Overworked Michael Newman stumbles on a universal remote control that gives him the power to pause or fast-forward through scenes in his life.
s1656,Movie,Deadline: Sirf 24 Ghante,Tanveer Khan,"Irrfan Khan, Konkona Sen Sharma, Rajit Kapoor, Sandhya Mridul, Zakir Hussain, Rajeev Verma, Princey Shukla",India,"December 31, 2019",2006,TV-14,97 min,"Independent Movies, International Movies, Thrillers",A surgeon’s perfect life is rattled when his daughter is taken hostage in their own home and he's given 24 hours to pay a hefty ransom.
s1808,Movie,Don,Farhan Akhtar,"Shah Rukh Khan, Priyanka Chopra, Arjun Rampal, Isha Koppikar, Kareena Kapoor, Boman Irani, Om Puri, Pavan Malhotra",India,"December 15, 2019",2006,TV-14,169 min,"Action & Adventure, International Movies","A ruthless crime boss and drug lord is nabbed and held captive by the authorities, who send his naïve look-alike to infiltrate the man's gang."
s1848,Movie,Dragon Tiger Gate,Wilson Yip,"Donnie Yen, Nicholas Tse, Shawn Yue, Dong Jie, Li Xiaoran, Yuen Wah, Chen Kuan Tai, Xing Yu, Vincent Sze, Tommy Yuen","Hong Kong, China","October 27, 2018",2006,TV-14,94 min,"Action & Adventure, International Movies",Dragon and his fellow students at Dragon Tiger Gate martial arts school team up to battle the ferocious villain Shibumi.
s1935,Movie,Either Me Or My Auntie,Saeed Hamed,"Mohamed Henedi, Donia Samir Ghanim, Hassan Hosny, Fadia Abdel Ghany, Alaa Morsy, Lotfy Labib, Nabil Issa, Hatem Jamel, Alaa Zinhom, Hala Sarhan",Egypt,"May 19, 2020",2006,TV-PG,105 min,"Comedies, International Movies","A musician's marriage proposal to his girlfriend is denied by her mother, whose affinity for magic begins to meddle in their relationship even more."
s1973,Movie,Elephants Dream 4 Hour,Bassam Kurdali,"Cas Jansen, Tygo Gernandt",Netherlands,"August 23, 2018",2006,TV-MA,196 min,"International Movies, Sci-Fi & Fantasy","Friends Proog and Emo live in a capricious, seemingly infinite machine with a sinister purpose in this experimental computer-animated short."
s1998,Movie,Employee of the Month,Greg Coolidge,"Dane Cook, Jessica Simpson, Dax Shepard, Andy Dick, Tim Bagley, Brian George, Efren Ramirez, Marcello Thedford, Danny Woodburn, Harland Williams",United States,"October 1, 2020",2006,PG-13,108 min,"Comedies, Romantic Movies",Warehouse workers Vince and Zack compete in a full-on war to be named Employee of the Month and win a date with their dream girl.
s2074,TV Show,Extras,,"Ricky Gervais, Stephen Merchant, Ashley Jensen, Shaun Williamson, Shaun Pye","United Kingdom, United States","March 31, 2017",2006,TV-MA,2 Seasons,"British TV Shows, TV Comedies","Grasping hungrily for stardom, bit actor Andy Millman and his pal Maggie spend their days chasing after work as film and TV extras."
s2166,Movie,Final Destination 3,James Wong,"Mary Elizabeth Winstead, Ryan Merriman, Kris Lemche, Alexz Johnson, Sam Easton, Jesse Moss, Gina Holden, Texas Battle, Chelan Simmons, Crystal Lowe, Amanda Crew","United States, Germany","January 1, 2020",2006,R,93 min,Horror Movies,"When a girl prevents her premonition of a deadly roller-coaster mishap from coming true, the survivors must face the consequences of cheating death."
s2412,TV Show,Gilmore Girls,,"Lauren Graham, Alexis Bledel, Scott Patterson, Keiko Agena, Yanic Truesdale, Kelly Bishop, Edward Herrmann, Melissa McCarthy, Sean Gunn, Liza Weil, Liz Torres, Jared Padalecki",United States,"October 1, 2017",2006,TV-14,7 Seasons,"Romantic TV Shows, TV Comedies, TV Dramas","Fiercely independent single mom Lorelai raises gifted, Ivy League-bound daughter Rory amid a continual stream of quick-witted repartee."
s2472,Movie,Golmaal: Fun Unlimited,Rohit Shetty,"Ajay Devgn, Tusshar Kapoor, Arshad Warsi, Sharman Joshi, Paresh Rawal, Rimi Sen, Sushmita Mukherjee, Vrajesh Hirjee",India,"December 31, 2019",2006,TV-14,148 min,"Comedies, International Movies","Between thwarting crooks and wooing the belle next door, four pranksters get in over their heads when they bamboozle their way into a couple’s bungalow."
s2767,Movie,Hokkabaz,"Ali Taner Baltacı, Cem Yılmaz","Cem Yılmaz, Mazhar Alanson, Özlem Tekin, Tuna Orhan, Tuncer Salman, Kemal İnci, Gürgen Öz, Caner Alkaya, Ayçe Abana, Bahtiyar Engin",Turkey,"March 10, 2017",2006,TV-MA,118 min,"Comedies, Dramas, International Movies","Trying to resurrect his career, not-so-talented magician Iskender goes on tour, but things get iffy when one of his illusions works a little too well."
s2863,Movie,Humko Deewana Kar Gaye,Raj Kanwar,"Akshay Kumar, Katrina Kaif, Bipasha Basu, Bhagyashree, Shernaz Patel, Vivek Shaq, Mahesh Thakur, Ranjeet, Nina Kulkarni, Puneet Issar, Anju Mahendru, Manoj Joshi, Anil Kapoor",India,"October 22, 2017",2006,TV-PG,149 min,"International Movies, Music & Musicals, Romantic Movies",Two kindred spirits who are betrothed to others must decide whether to go through with arranged marriages or brush aside convention for true love.
s3052,Movie,Iqbal,Nagesh Kukunoor,"Shreyas Talpade, Naseeruddin Shah, Girish Karnad, Shweta Prasad, Yatin Karyekar, Prateeksha Lonkar, Dilip Salgaonkar, Jyoti Joshi, Aadarsh Balakrishna, Gururaj Manepalli",India,"March 1, 2018",2006,TV-Y7,127 min,"Dramas, Independent Movies, International Movies",A boy with a hearing and speech impairment – and extraordinary athletic ability – chases his lifelong dream of playing cricket for India.
s3093,Movie,Jaan-E-Mann: Let's Fall in Love... Again,Shirish Kunder,"Salman Khan, Akshay Kumar, Preity Zinta, Anupam Kher, Aman Verma, Javed Sheikh, Soni Razdan, Nawab Shah",India,"December 31, 2019",2006,TV-14,163 min,"Dramas, International Movies, Romantic Movies","To avoid alimony payments, an aspiring actor schemes for his ex-wife to marry an unlikely suitor, but soon realizes he may not be ready to lose her."
s3135,Movie,Jeff Dunham: Arguing with Myself,Manny Rodriguez,Jeff Dunham,United States,"March 15, 2019",2006,TV-MA,69 min,Stand-Up Comedy,"Playing straight man to partners half his size, ventriloquist Jeff Dunham – one of America's funniest comics – slays audiences across the country."
s3281,Movie,Kabhi Alvida Naa Kehna,Karan Johar,"Amitabh Bachchan, Shah Rukh Khan, Abhishek Bachchan, Rani Mukerji, Preity Zinta, Kiron Kher, Arjun Rampal",India,"April 1, 2020",2006,TV-14,192 min,"Dramas, International Movies, Romantic Movies","Unhappy in their respective marriages, an ex-footballer and a teacher find true love in each other, but guilt, jealousy and tragedy cloud their affair."
s3325,Movie,Katt Williams: Live,Alphonso J. Wesson,Katt Williams,United States,"July 19, 2018",2006,NR,85 min,Stand-Up Comedy,"Outspoken comedian Katt Williams pokes fun at a variety of topics, including sex, relationships, parenthood and trying to make it as an entertainer."
s3326,Movie,Katt Williams: The Pimp Chronicles: Pt. 1,Gary Binkow,"Katt Williams, Anthony Anderson",United States,"November 1, 2018",2006,TV-MA,45 min,Stand-Up Comedy,"In this 2006 show, comic Katt Williams uses his edgy style and personal experiences to paint a sassy, hilarious portrait of life in black America."
s3360,Movie,Khosla Ka Ghosla,Dibakar Banerjee,"Anupam Kher, Boman Irani, Parvin Dabas, Tara Sharma, Navin Nischol, Kiran Juneja, Ranvir Shorey, Vinod Nagpal, Vinay Pathak, Nitish Pandey",India,"August 2, 2018",2006,TV-14,124 min,"Comedies, Dramas, International Movies",A cranky control freak must rely on his comically dysfunctional family to pull off a scam on a greedy land shark who's stolen his prized property.
s3433,Movie,Koi Aap Sa,Partho Mitra,"Aftab Shivdasani, Natassha, Dipannita Sharma, Himanshu Mallik, Vaidya Advai, Pushy Anand, Shama Deshpande, Rajendra Gupta",India,"May 31, 2019",2006,TV-14,135 min,"Comedies, International Movies, Music & Musicals","Star athlete Rohan has his eye on a beautiful art student. But when his best friend Simran experiences a crisis, he drops everything to help her."
s3517,Movie,Lady in the Water,M. Night Shyamalan,"Paul Giamatti, Bryce Dallas Howard, Jeffrey Wright, Bob Balaban, Sarita Choudhury, Cindy Cheung, M. Night Shyamalan, Freddy Rodríguez, Bill Irwin, Mary Beth Hurt",United States,"July 1, 2019",2006,PG-13,110 min,"Sci-Fi & Fantasy, Thrillers","When an apartment building manager discovers a water nymph in the complex's swimming pool, he tries to help her return to her mythical home."
s3610,Movie,Let's Dance,Inas El-Degheidy,"Yousra, Tamer Hagras, Ezzat Abou Aouf, Hala Sedki, Marwan Azab",Egypt,"June 2, 2020",2006,TV-14,116 min,"Comedies, Dramas, International Movies","Disillusioned with her humdrum routine, a married lawyer secretly enrolls in a dance school in this remake of the 1996 Japanese film “Shall We Dance?”"
s3634,Movie,Life's Speed Bump,Wael Ehsan,"Ahmed Helmy, Nour, Ezzat Abou Aouf, Ahmed Rateb, Ahmed Saeed Abdel-Ghany, Menna Arafa",Egypt,"June 2, 2020",2006,TV-14,109 min,"Comedies, International Movies","Seeking job opportunities, a young man arrives in Cairo and becomes increasingly involved with the family of a wealthy businessman."
s3795,Movie,Loving Annabelle,Katherine Brooks,"Erin Kelly, Diane Gaidry, Laura Breckenridge, Michelle Horn, Gustine Fudickar, Ilene Graff, Kevin McCarthy, Markus Flanagan",United States,"July 1, 2018",2006,TV-MA,77 min,"Dramas, Independent Movies, LGBTQ Movies",An esteemed young poetry teacher at a Catholic boarding school risks everything when she engages in a feverish affair with a female student.
s3991,Movie,Matichya Chuli,"Sudesh Manjrekar, Atul Kale","Sudhir Joshi, Vandana Gupte, Ankush Chaudhari, Madhura Velankar, Sanjay Mone, Anand Abhyankar",India,"February 15, 2018",2006,TV-14,132 min,"Comedies, Dramas, International Movies","A jealous, possessive mother thinks she is competing with her new daughter-in-law for the affections of her overindulged son."
s4200,Movie,Monster House,Gil Kenan,"Mitchel Musso, Sam Lerner, Spencer Locke, Steve Buscemi, Kathleen Turner, Jason Lee, Jon Heder, Maggie Gyllenhaal, Catherine O'Hara, Fred Willard, Nick Cannon, Kevin James",United States,"December 1, 2020",2006,PG,91 min,"Children & Family Movies, Comedies","A trio of friends sets out to expose the terrors of a vacant neighborhood house, which appears to have a craving for people — and a life of its own."
s4276,Movie,Mukhsin,Yasmin Ahmad,"Mohd Syafie Naswip, Sharifah Aryana, Sharifah Aleya, Adibah Noor, Irwan Iskandar, Sallehuddin Abu Bakar",Malaysia,"December 18, 2020",2006,TV-PG,98 min,"Children & Family Movies, Comedies, Dramas","When young Mukhsin arrives in a new town, 10-year-old tomboy Orked adopts him as her new best friend, and the two develop a touching friendship that begins to spill over into the inklings of first love."
s4383,Movie,Nacho Libre,Jared Hess,"Jack Black, Ana de la Reguera, Héctor Jiménez, Darius Rose, Moises Arias, Diego Eduardo Gomez, Carlos Maycotte, Richard Montoya, Cesar Gonzalez, Rafael Montalvo","United States, Mexico","November 1, 2019",2006,PG,92 min,"Comedies, Sports Movies","When Ignacio learns of an orphanage's financial woes, he pitches in to help – by disguising himself and joining the professional wrestling circuit."
s4405,TV Show,Naruto,Hayato Date,"Junko Takeuchi, Chie Nakamura, Noriaki Sugiyama, Kazuhiko Inoue, Toshihiko Seki, Hidekatsu Shibata, Masako Katsuki, Nana Mizuki",Japan,"September 1, 2019",2006,TV-14,9 Seasons,"Anime Series, International TV Shows","Guided by the spirit demon within him, orphaned Naruto learns to harness his powers as a ninja in this anime adventure series."
s4412,Movie,Naruto the Movie 3: Guardians of the Crescent Moon Kingdom,Toshiyuki Tsuru,"Junko Takeuchi, Chie Nakamura, Yoichi Masukawa, Kazuhiko Inoue, Akio Otsuka, Kyousuke Ikeda, Naya Rokurô, Marika Hayashi, Hisao Egawa, Kenji Hamada, Haruhi Nanao",Japan,"September 1, 2017",2006,TV-PG,95 min,"Action & Adventure, Anime Features, International Movies","Exuberant ninja Naruto teams up with his pals Sakura and Kakashi to escort Prince Michiru and his son, Hikaru, to the Crescent Moon kingdom."
s4653,TV Show,One on One,,"Flex Alexander, Kyla Pratt, Kelly Perine, Sicily Johnson, Robert Ri'chard",United States,"October 15, 2020",2006,TV-14,5 Seasons,"TV Comedies, Teen TV Shows","When his ex-wife lands a job abroad, athlete-turned-sportscaster Flex Washington assumes full-time custody of their teenage daughter, Breanna."
s4664,Movie,Open Season,"Roger Allers, Jill Culton","Martin Lawrence, Ashton Kutcher, Gary Sinise, Debra Messing, Billy Connolly, Georgia Engel, Jon Favreau, Jane Krakowski, Gordon Tootoosis, Patrick Warburton",United States,"September 1, 2019",2006,PG,86 min,"Children & Family Movies, Comedies","After saving a deer from a hunter's clutches, a domesticated grizzly finds himself relocated to the wild – and unprepared for the real world."
s4701,TV Show,Ouran High School Host Club,Takuya Igarashi,"Maaya Sakamoto, Monica Rial, Vic Mignogna, Luci Christian, Mamoru Miyano, Kenichi Suzumura, Mike McFarland, Caitlin Glass, Ayaka Saito, Daisuke Kirii",Japan,"April 1, 2017",2006,TV-PG,1 Season,"Anime Series, Romantic TV Shows, Teen TV Shows","New student Haruhi stumbles on the Ouran High School Host Club, an all-male group that makes money by entertaining the girls of the school."
s4718,Movie,P,Paul Spurrier,"Suangporn Jaturaphut, Opal, Dor Yodrak, Pisamai Pakdeevijit, Manthana Wannarod, Supatra Roongsawang, Narisara Sairatanee, Amy Siriya","United Kingdom, Thailand","May 31, 2019",2006,TV-MA,105 min,"Horror Movies, International Movies","An orphan girl taught magic by her sick grandma must find work in seedy Bangkok, where unsavory characters run afoul of her increasingly dark powers."
s4750,Movie,Pan's Labyrinth,Guillermo del Toro,"Ivana Baquero, Sergi López, Maribel Verdú, Doug Jones, Ariadna Gil, Álex Angulo, Manolo Solo, César Vea, Roger Casamajor, Sergi Lopez","Mexico, Spain","January 1, 2020",2006,R,119 min,"Dramas, International Movies, Sci-Fi & Fantasy",Young Ofelia meets a mythical faun who claims she is destined to become princess of the Underworld. But first she must carry out three perilous tasks.
s4820,Movie,Penelope,Mark Palansky,"Christina Ricci, James McAvoy, Catherine O'Hara, Peter Dinklage, Simon Woods","United Kingdom, United States","April 1, 2019",2006,PG,89 min,"Children & Family Movies, Comedies, Romantic Movies","In this modern fairy tale, a young woman cursed with the nose of a pig lives her life in seclusion – until an unlikely beau stumbles onto the scene."
s4847,Movie,Phir Hera Pheri,Neeraj Vora,"Akshay Kumar, Sunil Shetty, Paresh Rawal, Bipasha Basu, Rimi Sen, Johny Lever, Manoj Joshi, Rajpal Yadav, Sharat Saxena, Suresh Menon",India,"October 12, 2020",2006,TV-14,150 min,"Comedies, International Movies","Driven by greed, three rich friends seek to double their wealth and find themselves indebted to a ruthless gangster."
s4877,TV Show,Planet Earth: The Complete Collection,Alastair Fothergill,David Attenborough,United Kingdom,"April 22, 2015",2006,TV-PG,1 Season,"British TV Shows, Docuseries, International TV Shows",This landmark series transports nature lovers from the Himalayan Mountains to the depths of the ocean and everywhere in between.
s4916,Movie,Poseidon,Wolfgang Petersen,"Josh Lucas, Kurt Russell, Jacinda Barrett, Richard Dreyfuss, Emmy Rossum, Mía Maestro, Mike Vogel, Kevin Dillon, Freddy Rodríguez",United States,"September 1, 2019",2006,PG-13,98 min,"Action & Adventure, Dramas","A tidal wave spells disaster for a ship of New Year's Eve revelers when it capsizes the mammoth vessel, sending passengers into a battle for survival."
s4936,TV Show,Power Rangers Mystic Force,,"Firass Dirani, Angie Diaz, Richard Brancatisano, Melanie Vallejo, Nic Sampson, John Tui, Peta Rutter, Antonia Prebble, Barnie Duncan, Kelson Henderson, Donogh Rees, Geoff Dolan, Holly Shanahan",United States,"January 1, 2016",2006,TV-Y7,1 Season,Kids' TV,"When the wicked Undead Army is unleashed, sorceress Udonna empowers five teenagers – the Mystic Force Power Rangers – to save mankind."
s5017,Movie,Pyaar Ke Side Effects,Saket Chaudhary,"Rahul Bose, Mallika Sherawat, Ranvir Shorey, Sharat Saxena, Aamir Bashir, Taraana Raja, Jas Arora, Suchitra Pillai, Sapna Bhavnani, Sophiya Chaudhary",India,"February 15, 2019",2006,TV-MA,120 min,"Comedies, International Movies, Romantic Movies","A commitment-phobe agrees to marry his girlfriend, setting in motion a series of hilarious mishaps that has him questioning what he got himself into."
s5098,Movie,Rang De Basanti,Rakeysh Omprakash Mehra,"Aamir Khan, Siddharth, Atul Kulkarni, Sharman Joshi, Kunal Kapoor, Alice Patten, Soha Ali Khan, Waheeda Rehman, Kiron Kher, Om Puri, Anupam Kher, Madhavan",India,"August 2, 2018",2006,TV-14,159 min,"Dramas, International Movies",An idealistic English filmmaker casts a group of student actors in her docudrama about India's revolution against British rule in the 1920s.
s5554,Movie,She Made Me a Criminal,Amr Arafa,"Ahmed Helmy, Ghada Adel, Hassan Hosny, Riham Abdel Ghafour, Edward, Abdullah Moshref, Youssef Eid, Mohamed Sharaf",Egypt,"April 25, 2020",2006,TV-14,105 min,"Comedies, International Movies","In order to get her trust fund money from her wealthy but miserly father, a woman enlists a naive young man to help fake her own kidnapping."
s5796,TV Show,Stargate SG-1,,"Richard Dean Anderson, Michael Shanks, Amanda Tapping, Christopher Judge, Don S. Davis, Corin Nemec, Ben Browder, Beau Bridges, Gary Jones","United States, Canada","December 1, 2020",2006,TV-MA,10 Seasons,"Classic & Cult TV, TV Action & Adventure, TV Sci-Fi & Fantasy",Stargate Command roars into action when Jack O'Neill and his crew find a Stargates map that lets them combat alien maneuvers all across the galaxy.
s5806,Movie,Steal a Pencil for Me,Michèle Ohayon,"Jack Polak, Ina Soep",United States,"September 15, 2019",2006,TV-PG,94 min,Documentaries,This moving documentary chronicles the unshakeable romance between a couple who met and fell in love while imprisoned in a Nazi concentration camp.
s5807,Movie,Stealing History,"Ola Flyum, David Hebditch",Nicolas Hope,United States,"July 1, 2016",2006,TV-PG,52 min,"Documentaries, International Movies","Journalists expose how smugglers, dealers, collectors and scholars promote plunder of ancient artifacts from war-torn Iraq, Afghanistan and Pakistan."
s5836,Movie,Stranger than Fiction,Marc Forster,"Will Ferrell, Maggie Gyllenhaal, Dustin Hoffman, Queen Latifah, Emma Thompson, Kristin Chenoweth, Tony Hale, Tom Hulce, Linda Hunt","United States, United Kingdom","October 1, 2020",2006,PG-13,113 min,"Comedies, Romantic Movies","As a writer ponders how to kill off her main character, the man begins hearing her voice in his head and realizes that his days are numbered."
s5911,Movie,Superman Returns,Bryan Singer,"Brandon Routh, Kate Bosworth, Kevin Spacey, James Marsden, Parker Posey, Frank Langella, Sam Huntington, Eva Marie Saint, Marlon Brando, Kal Penn",United States,"October 1, 2019",2006,PG-13,154 min,"Action & Adventure, Sci-Fi & Fantasy","When Superman returns to Metropolis, he finds that Lois Lane has moved on to another man and Lex Luthor is developing a new plan to rule the world."
s5985,Movie,Tarek's Situation,Wael Ehsan,"Ahmed Helmy, Nour, Majdi Kamel, Khaled El Sawy, Mais Hamdan, Moataza Abdel Sabour, Youssef Dawood, Youssef Fawzy, Mohamed Sharaf, Osama Munir",Egypt,"May 19, 2020",2006,TV-14,110 min,"Comedies, International Movies, Romantic Movies","Asked by his boss to share a woman's personal information, a mobile phone sales rep falls in love with the target whose data he's stealing."
s6177,Movie,The Break-Up,Peyton Reed,"Vince Vaughn, Jennifer Aniston, Joey Lauren Adams, Cole Hauser, Jon Favreau, Jason Bateman, Judy Davis, Justin Long, Ivan Sergei, John Michael Higgins, Ann-Margret, Vernon Vaughn, Vincent D'Onofrio",United States,"July 16, 2019",2006,PG-13,107 min,"Comedies, Dramas, Romantic Movies",Cohabitating couple Gary and Brooke's petty spats turn into an all-out battle for their home condo.
s6208,TV Show,The Challenge,,"Jamie Chung, Landon Lueck, Diem Brown, Mike 'The Miz' Mizanin, Darrell Taylor, Wes Bergmann, Jodi Weatherton, Brad Fiorenza, Cara Maria Sorbello, Zachary Nichols, Turabi ""Turbo"" Çamkıran, Theo Campbell",United States,"December 15, 2020",2006,TV-14,2 Seasons,Reality TV,Reality show alumni must compete in grueling physical contests and survive eliminations amid cutthroat alliances and steamy hookups to win big money.
s6263,Movie,The Da Vinci Code,Ron Howard,"Tom Hanks, Audrey Tautou, Ian McKellen, Jean Reno, Paul Bettany, Alfred Molina, Jürgen Prochnow, Jean-Yves Berteloot, Etienne Chicot, Jean-Pierre Marielle","United States, Malta, France, United Kingdom","December 1, 2020",2006,PG-13,149 min,Thrillers,"When the curator of the Louvre is killed, a Harvard professor and a cryptographer must untangle a web of deceit involving works of Leonardo da Vinci."
s6289,Movie,The Departed,Martin Scorsese,"Leonardo DiCaprio, Matt Damon, Jack Nicholson, Mark Wahlberg, Martin Sheen, Ray Winstone, Vera Farmiga, Anthony Anderson, Alec Baldwin, Kevin Corrigan","United States, Hong Kong","January 1, 2021",2006,R,151 min,"Dramas, Thrillers",Two rookie Boston cops are sent deep undercover – one inside the gang of a charismatic Irish mob boss and the other double-crossing his own department.
s6543,Movie,The Lake House,Alejandro Agresti,"Keanu Reeves, Sandra Bullock, Dylan Walsh, Shohreh Aghdashloo, Ebon Moss-Bachrach, Lynn Collins, Willeke van Ammelrooy, Christopher Plummer",United States,"September 1, 2019",2006,PG,98 min,"Dramas, Romantic Movies, Sci-Fi & Fantasy","A lonely doctor begins writing letters to the frustrated architect who lives in her former home, only to discover that they're living two years apart."
s6607,Movie,The Lives of Others,Florian Henckel von Donnersmarck,"Ulrich Mühe, Martina Gedeck, Sebastian Koch, Ulrich Tukur, Thomas Thieme, Hans-Uwe Bauer, Volkmar Kleinert, Matthias Brenner, Charly Hübner",Germany,"March 15, 2019",2006,R,138 min,"Dramas, International Movies, Thrillers","As a secret police agent eavesdrops on a successful writer in East Germany in 1984, he becomes increasingly fascinated by the man's life and politics."
s6758,Movie,The Pink Panther,Shawn Levy,"Steve Martin, Kevin Kline, Beyoncé Knowles-Carter, Jean Reno, Emily Mortimer, Henry Czerny, Kristin Chenoweth, Roger Rees, Philip Goodwin, Henri Garcin, William Abadie","United States, Czech Republic","July 1, 2019",2006,PG,93 min,"Children & Family Movies, Comedies",Bumbling Inspector Clouseau must solve the murder of a world-famous soccer coach and catch the thief who stole his priceless diamond ring.
s6791,Movie,The Pursuit of Happyness,Gabriele Muccino,"Will Smith, Jaden Smith, Thandie Newton, Brian Howe, James Karen, Dan Castellaneta, Kurt Fuller, Takayo Fischer",United States,"October 1, 2019",2006,PG-13,117 min,Dramas,"When Chris and his son are evicted, they face trying times as a desperate Chris accepts an unpaid internship at a stock brokerage firm."
s6805,TV Show,The Real Football Factories,,Danny Dyer,United Kingdom,"December 29, 2017",2006,TV-MA,1 Season,"British TV Shows, Docuseries, International TV Shows",Examine the troubling history of football hooliganism and hear from real hooligans about their bitter rivalries and rowdiest brawls.
s6992,Movie,The Wedding Curse,Chito S. Roño,"Kris Aquino, Claudine Barretto, Boots Anson-Roa, Glaiza De Castro, Jhong Hilario, Liza Lorena, Bernard Palanca, Wendell Ramos, Maja Salvador, Ronaldo Valdez",Philippines,"March 21, 2019",2006,TV-PG,101 min,"Horror Movies, International Movies",Two weddings marred by tragedy lead the respective brides to believe that that they've been cursed by an old cultural superstition.
s7114,Movie,To and From New York,Sorin Dan Mihalcescu,"Barbara King, Shaana Diya, John Krisiukenas, Yoriko Haraguchi, David Crane, Chad Thomas",United States,"January 1, 2008",2006,TV-MA,81 min,"Dramas, Independent Movies, Thrillers","While covering a story in New York City, a Seattle-based reporter uncovers a link between two missing women that changes her article entirely."
s7179,Movie,Trailer Park Boys: The Movie,Mike Clattenburg,"Robb Wells, John Paul Tremblay, Mike Smith, Lucy Decoutere, Lydia Lawson-Baird, Cory Bowles, Michael Jackson, Gord Downie, Alex Lifeson, Gerry Dee, Glen Grant, Eugene Clark, Barrie Dunn, John Dunsworth, Patrick Roach",Canada,"March 30, 2018",2006,R,95 min,"Comedies, Cult Movies","In this feature-length adventure, Ricky, Julian and Bubbles – just out of jail – plan the lamest scheme yet: to get rich by stealing tons of change."
s7315,Movie,Unaccompanied Minors,Paul Feig,"Lewis Black, Wilmer Valderrama, Tyler James Williams, Gia Mantegna, Dyllan Christopher, Brett Kelly, Quinn Shephard, Paget Brewster, Rob Corddry, Dominique Saldaña",United States,"October 1, 2019",2006,PG,90 min,"Children & Family Movies, Comedies","Five disparate kids, snowed in at the airport on Christmas Eve, try to get back to their families and outsmart a disgruntled airport official."
s7418,TV Show,Vientos de agua,,"Ernesto Alterio, Eduardo Blanco, Héctor Alterio, Darío Valenzuela, Pablo Rago, Angie Cepeda, Marta Etura, Giulia Michelini, Carlos Kaspar","Argentina, Spain","November 1, 2019",2006,TV-MA,1 Season,"International TV Shows, Spanish-Language TV Shows, TV Dramas","José Olaya, a Spanish miner, emigrates to Argentina in 1934, while his son, an architect, moves to Spain after Argentina's economic collapse in 2001."
s7438,Movie,Vivah,Sooraj R. Barjatya,"Shahid Kapoor, Amrita Rao, Anupam Kher, Alok Nath, Seema Biswas, Samir Soni, Lata Sabharwal, Manoj Joshi, Dinesh Lamba, Amrita Prakash",India,"June 25, 2020",2006,TV-14,166 min,"Dramas, International Movies, Romantic Movies","Set up for an arranged marriage, a young couple enjoys an old-fashioned courtship, until an accident days before their wedding tests their nascent love."
s7574,Movie,What's Up?,Izidore K. Musallam,"Hisham Abdulrahman, Turki Al-Yusuf, Mais Hamdan, Khaled Sami, Mishal Al-Mutairi, Hind Muhamed","Saudi Arabia, United Arab Emirates","June 2, 2020",2006,TV-PG,95 min,"Comedies, Dramas, International Movies","Flirting with modernity, a young woman must keep her new romance a secret from her conservative brother, who plans to keep her in line with tradition."
s7668,Movie,World Trade Center,Oliver Stone,"Nicolas Cage, Michael Peña, Maggie Gyllenhaal, Maria Bello, Stephen Dorff, Jay Hernandez, Michael Shannon, Frank Whaley, Jon Bernthal, Morgan Flynn, Nick Damici, Viola Davis, William Mapother",United States,"November 20, 2019",2006,PG-13,129 min,"Action & Adventure, Dramas","Working under treacherous conditions, an army of dedicated rescuers struggles to find anyone who survived the World Trade Center's tragic collapse."
s7698,Movie,Yanda Kartavya Aahe,Kedar Shinde,"Ankush Choudhary, Smita Shewale, Mohan Joshi, Atmaram Bhende, Asha Bhende",India,"January 1, 2018",2006,TV-PG,151 min,"Comedies, Dramas, International Movies","Thanks to an arranged marriage that was designed to make an ailing grandmother happy, newlyweds Rahul and Swati are virtually strangers. Can a four-day honeymoon make a difference when it comes to the couple's feelings about each other?"
s7758,Movie,Zach Galifianakis: Live at the Purple Onion,Michael Blieden,"Zach Galifianakis, Brian Unger",United States,"February 26, 2019",2006,TV-MA,61 min,Stand-Up Comedy,"The unorthodox, piano-playing stand-up star Zach Galifianakis makes a splash on the scene and serves up a healthy dose of his signature wit."
s7782,Movie,Zoom,Peter Hewitt,"Tim Allen, Courteney Cox, Chevy Chase, Kate Mara, Ryan Newman, Michael Cassidy, Spencer Breslin, Rip Torn, Kevin Zegers",United States,"January 11, 2020",2006,PG,88 min,"Children & Family Movies, Comedies","Dragged from civilian life, a former superhero must train a new crop of youthful saviors when the military preps for an attack by a familiar villain."
