show_id,type,title,director,cast,country,date_added,release_year,rating,duration,listed_in,description
s688,Movie,Bad Boys,Michael Bay,"Will Smith, Martin Lawrence, Téa Leoni, Tchéky Karyo, Theresa Randle, Joe Pantoliano, Emmanuel Xuereb, Michael Imperioli, Nestor Serrano, Julio Oscar Mechoso",United States,"October 1, 2019",1995,R,119 min,"Action & Adventure, Comedies","In this fast-paced actioner, two Miami narcotics cops are hot on the trail of a master crook who has snatched $100 million worth of heroin."
s709,Movie,Balto,Simon Wells,"Kevin Bacon, Bob Hoskins, Bridget Fonda, Jim Cummings, Phil Collins, Jack Angel, Danny Mann, Robbie Rist",United States,"April 1, 2018",1995,G,78 min,"Children & Family Movies, Dramas","Balto, who is half wolf and half dog, endures the taunts of disapproving humans as he guides a precious cargo of medicine through the Alaskan winter."
s757,Movie,Barsaat,Rajkumar Santoshi,"Twinkle Khanna, Bobby Deol, Danny Denzongpa, Raj Babbar, Ashwin Kaushal, Mukesh Khanna, Harish Patel",India,"April 1, 2018",1995,TV-PG,166 min,"Action & Adventure, International Movies, Music & Musicals","A naïve young man and a rich city girl fall in love. Her stepfather, however, doesn't approve of the match and will stop at nothing to split the pair."
s2466,Movie,GoldenEye,Martin Campbell,"Pierce Brosnan, Sean Bean, Izabella Scorupco, Famke Janssen, Joe Don Baker, Judi Dench, Robbie Coltrane, Gottfried John, Alan Cumming, Tchéky Karyo, Desmond Llewelyn, Samantha Bond, Michael Kitchen, Serena Gordon, Simon Kunz","United Kingdom, United States","December 31, 2019",1995,PG-13,130 min,Action & Adventure,"Pierce Brosnan takes his first turn as debonair secret agent James Bond, who investigates the destruction of a Russian satellite weapons base."
s2848,Movie,How to Make an American Quilt,Jocelyn Moorhouse,"Winona Ryder, Anne Bancroft, Ellen Burstyn, Kate Nelligan, Alfre Woodard, Kaelynn Craddick, Sara Craddick, Kate Capshaw, Dermot Mulroney, Adam Baldwin, Maya Angelou, Rip Torn, Joanna Going, Claire Danes, Jean Simmons, Denis Arndt, Johnathon Schaech, Samantha Mathis, Derrick O'Connor, Jared Leto",United States,"April 1, 2018",1995,PG-13,116 min,"Dramas, Romantic Movies","A conflicted young woman spends the summer with her grandmother, her great-aunt and their quilting circle, whose life stories captivate her."
s3077,Movie,It Takes Two,Andy Tennant,"Kirstie Alley, Steve Guttenberg, Mary-Kate Olsen, Ashley Olsen, Philip Bosco, Jane Sibbett",United States,"November 20, 2019",1995,PG,101 min,"Children & Family Movies, Comedies","The Olsen twins put a cute new spin on Mark Twain's classic tale ""The Prince and the Pauper,"" playing identical 9-year-olds from very different backgrounds: orphaned Amanda and wealthy Alyssa."
s3368,Movie,Kicking and Screaming,Noah Baumbach,"Josh Hamilton, Olivia d'Abo, Carlos Jacott, Chris Eigeman, Eric Stoltz, Jason Wiles, Parker Posey, Cara Buono, Elliott Gould, Samuel Gould",United States,"November 4, 2019",1995,R,97 min,"Comedies, Independent Movies, Romantic Movies","After graduating, four college roomies – petrified by the prospect of facing ""real life"" – reluctantly step into adulthood in this ensemble comedy."
s3797,Movie,Loving You,Johnnie To,"Lau Ching Wan, Carman Lee, Tsung-Hua To, Chung-wai Lee, Ruby Wong",Hong Kong,"August 16, 2018",1995,TV-14,79 min,"Dramas, International Movies","Struggling in a loveless marriage, a hard-drinking, workaholic cop finds a chance at redemption after a fateful incident leaves him wounded."
s4446,TV Show,Neon Genesis Evangelion,,"Megumi Ogata, Kotono Mitsuishi, Yuriko Yamaguchi, Megumi Hayashibara, Yuko Miyamura, Fumihiko Tachiki, Akira Ishida, Motomu Kiyokawa, Hiro Yuki, Miki Nagasawa, Takehito Koyasu, Tomokazu Seki, Tetsuya Iwanaga, Junko Iwao, Mugihito",Japan,"June 21, 2019",1995,TV-MA,1 Season,"Anime Series, International TV Shows","Fifteen years after the Second Impact, Shinji Ikari joins his father's group NERV as one of several teenage mecha pilots fighting the monstrous Angels."
s4543,Movie,Now and Then,Lesli Linka Glatter,"Christina Ricci, Rosie O'Donnell, Thora Birch, Melanie Griffith, Gaby Hoffmann, Demi Moore, Ashleigh Aston Moore, Rita Wilson, Janeane Garofalo, Hank Azaria, Bonnie Hunt, Cloris Leachman",United States,"August 2, 2019",1995,PG-13,102 min,Dramas,"Waxing nostalgic about the bittersweet passage from childhood to puberty, four childhood girlfriends recall the magical summer of 1970."
s4584,Movie,Oh Darling Yeh Hai India,Ketan Mehta,"Shah Rukh Khan, Deepa Sahi, Javed Jaffrey, Anupam Kher, Amrish Puri, Tom Alter, Tinnu Anand, Sadashiv Amrapurkar, Tiku Talsania, Kader Khan",India,"June 1, 2017",1995,TV-14,154 min,"Action & Adventure, Comedies, International Movies",A penniless actor new to Mumbai and a beautiful woman he meets one fateful night try to stop a gangster from replacing India's president with a twin.
s5089,Movie,Ram Jaane,Rajiv Mehra,"Shah Rukh Khan, Juhi Chawla, Vivek Mushran, Pankaj Kapur, Puneet Issar, Tinnu Anand, Deven Verma, Gulshan Grover, Amrit Pal, Arun Bali",India,"May 15, 2017",1995,TV-14,142 min,"Dramas, International Movies, Music & Musicals","Two boyhood pals – one righteous, the other a criminal – take very different paths to adulthood. Their love for the same woman may prove disastrous."
s5299,Movie,Rumble in the Bronx,Stanley Tong,"Jackie Chan, Anita Mui, Françoise Yip, Bill Tung, Marc Akerstream, Garvin Cross, Morgan Lam, Ailen Sit",Hong Kong,"November 1, 2019",1995,R,89 min,"Action & Adventure, Comedies, International Movies","During a visit to the Bronx to help out at his uncle's store, a cheerful martial arts expert springs into action when a gang terrorizes the shop."
s6081,Movie,The American President,Rob Reiner,"Michael Douglas, Annette Bening, Martin Sheen, Michael J. Fox, David Paymer, Samantha Mathis, John Mahoney, Anna Deavere Smith, Nina Siemaszko, Wendie Malick, Shawna Waldron, Richard Dreyfuss, Joshua Malina",United States,"January 1, 2021",1995,PG-13,113 min,"Comedies, Dramas, Romantic Movies",The widowed president strikes up a romance with a beautiful Washington lobbyist – but can the couple keep their private and political lives separate?
s6490,Movie,The Indian in the Cupboard,Frank Oz,"Hal Scardino, Litefoot, Lindsay Crouse, Richard Jenkins, Rishi Bhat, Steve Coogan, David Keith, Sakina Jaffrey, Vincent Kartheiser, Nestor Serrano",United States,"November 1, 2020",1995,PG,96 min,"Children & Family Movies, Dramas","A boy receives a wooden cupboard, antique keys and an Iroquois warrior figurine for his birthday. The figurine comes to life overnight in the cabinet."
s7120,Movie,"To Wong Foo, Thanks for Everything! Julie Newmar",Beeban Kidron,"Patrick Swayze, Wesley Snipes, John Leguizamo, Stockard Channing, Blythe Danner, Arliss Howard, Jason London, Chris Penn, Melinda Dillon, Beth Grant, Alice Drummond, Marceline Hugot, Michael Vartan, RuPaul Charles, Julie Newmar",United States,"August 1, 2019",1995,PG-13,108 min,"Comedies, Cult Movies, LGBTQ Movies",Three New York drag queens on their way to Hollywood for a beauty pageant get stranded in a small Midwestern town when their car breaks down.
s7209,Movie,Tremors 2: Aftershocks,S.S. Wilson,"Fred Ward, Chris Gartin, Helen Shaver, Michael Gross, Marcelo Tubert, Marco Hernandez, José Ramón Rosario, Thomas Rosales Jr.",,"January 1, 2020",1995,PG-13,100 min,"Comedies, Horror Movies, Sci-Fi & Fantasy",A rag-tag team of survivalists and scientists battle supersucking desert creatures that are worming their way through the oil fields of Mexico.
s7224,Movie,Trimurti,Mukul Anand,"Anil Kapoor, Shah Rukh Khan, Jackie Shroff, Satyendra Kapoor, Gautami, Tinnu Anand, Saeed Jaffrey, Anirudh Agarwal, Mohan Agashe, Himani Shivpuri, Priya Tendulkar, Anjali Jathar, Anang Desai, Pramod Moutho, Subhash Ghai",India,"March 1, 2018",1995,TV-PG,173 min,"Action & Adventure, Dramas, International Movies","After being framed, a policewoman languishing in prison hopes that her three sons will deliver justice and restore her honor."
s7382,TV Show,V.R. Troopers,,"Michael Sorich, Gardner Baldwin, Mike Reynolds, Richard Rabago, Brad Hawkins, Michael Bacon, Kerrigan Mahan, Sarah Brown, Julian Combs, David Carr, Farrand Thompson, Zeb, Aaron Pruner",United States,"January 1, 2016",1995,TV-G,2 Seasons,Kids' TV,Three friends who study martial arts find themselves defending humanity from a criminal mastermind and his invading army from another dimension.
