show_id,type,title,director,cast,country,date_added,release_year,rating,duration,listed_in,description
s1042,Movie,Bonnie and Clyde,Arthur Penn,"Warren Beatty, Faye Dunaway, Michael J. Pollard, Gene Hackman, Estelle Parsons, Denver Pyle, Dub Taylor, Evans Evans, Gene Wilder",United States,"January 1, 2021",1967,R,111 min,"Action & Adventure, Classic Movies, Dramas","Bonnie Parker and Clyde Barrow are young, in love and on the run during a bullet-riddled bank robbery spree across Depression-ravaged America."
s1498,Movie,Cool Hand Luke,Stuart Rosenberg,"Paul Newman, George Kennedy, J.D. Cannon, Lou Antonio, Robert Drivas, Strother Martin, Jo Van Fleet, Harry Dean Stanton, Dennis Hopper, Joe Don Baker, James Gammon, Wayne Rogers",United States,"January 1, 2021",1967,TV-14,127 min,"Classic Movies, Dramas","Luke Jackson likes to do things his own way, which leads to a world of hurt when he ends up in a prison camp – and on the wrong side of its warden."
s6083,TV Show,The Andy Griffith Show,,"Andy Griffith, Ron Howard, Don Knotts, Frances Bavier, Howard McNear, Hope Summers",United States," July 1, 2017",1967,TV-G,8 Seasons,"Classic & Cult TV, TV Comedies","Homespun humor and easygoing Sheriff Andy Taylor are at the center of this nostalgic look at Mayberry, a small town filled with lovable characters."
s7539,Movie,Westerplatte Resists,Stanisław Różewicz,"Zygmunt Hübner, Arkadiusz Bazak, Tadeusz Schmidt, Józef Nowak, Tadeusz Pluciński, Bogusz Bilewski",Poland,"October 1, 2019",1967,TV-MA,93 min,"Classic Movies, Dramas, International Movies","At the onset of World War II, a Polish infantry lacking firepower fight to build a strong defense and protect their peninsula against enemy forces."
s7610,Movie,Who's That Knocking at My Door?,Martin Scorsese,"Zina Bethune, Harvey Keitel, Anne Collette, Lennard Kuras, Michael Scala, Harry Northup, Susan Wood, Marissa Mathes, Catherine Scorsese",United States,"July 1, 2019",1967,R,90 min,"Classic Movies, Dramas, Independent Movies","A woman's revelation that she was once raped sends her boyfriend, a reformed street thug, into an emotional and spiritual tailspin."
