show_id,type,title,director,cast,country,date_added,release_year,rating,duration,listed_in,description
s211,Movie,A Night at the Roxbury,John Fortenberry,"Will Ferrell, Chris Kattan, Dan Hedaya, Molly Shannon, Richard Grieco, Loni Anderson, Elisa Donovan, Gigi Rice, Lochlyn Munro, Dwayne Hickman",United States,"December 1, 2019",1998,PG-13,82 min,"Comedies, Cult Movies","After a run-in with Richard Grieco, dimwits Doug and Steve gain entry to a swanky nightclub in this comedy based on a ""Saturday Night Live"" sketch."
s467,Movie,American History X,Tony Kaye,"Edward Norton, Edward Furlong, Beverly D'Angelo, Jennifer Lien, Ethan Suplee, Fairuza Balk, Avery Brooks, Elliott Gould, Stacy Keach, William Russ, Guy Torry",United States,"November 1, 2019",1998,R,119 min,Dramas,A neo-Nazi gets sent to prison for murder and comes out a changed man. But can he prevent his younger brother from following in his footsteps?
s758,Movie,BASEketball,David Zucker,"Trey Parker, Matt Stone, Dian Bachar, Yasmine Bleeth, Jenny McCarthy, Ernest Borgnine, Robert Vaughn, Trevor Einhorn",United States,"November 1, 2018",1998,R,103 min,"Comedies, Sports Movies","When two slackers' made-up sport, BASEketball, becomes a national craze, they hope to cash in on the basketball/baseball hybrid's popularity."
s1195,Movie,Can't Hardly Wait,"Harry Elfont, Deborah Kaplan","Jennifer Love Hewitt, Ethan Embry, Charlie Korsmo, Lauren Ambrose, Peter Facinelli, Seth Green, Michelle Brookhurst, Alexander Martin, Erik Palladino, Channon Roe, Sean Patrick Thomas",United States,"January 1, 2021",1998,PG-13,101 min,"Comedies, Romantic Movies","At a wild high school graduation party, aspiring writer Preston hopes to declare his love to popular girl Amanda, who just got dumped by the class jock."
s1761,Movie,Dil Se,Mani Ratnam,"Shah Rukh Khan, Manisha Koirala, Preity Zinta, Raghuvir Yadav, Zohra Sehgal, Sabyasachi Chakraborty, Piyush Mishra, Krishnakant, Aditya Srivastava",India,"March 1, 2018",1998,TV-14,166 min,"Dramas, International Movies, Romantic Movies",A radio broadcaster's intense attraction to a mysterious woman opens the door to a tidal wave of powerful emotions and desires.
s1897,Movie,Duplicate,Mahesh Bhatt,"Shah Rukh Khan, Juhi Chawla, Sonali Bendre, Farida Jalal, Mohnish Bahl, Tiku Talsania, Gulshan Grover, Sharat Saxena",India,"April 1, 2020",1998,TV-14,165 min,"Comedies, Dramas, International Movies","Hilarious mix-ups and deadly encounters ensue when a convict seeks to escape authorities by assuming the identity of his doppelgänger, a perky chef."
s1923,Movie,Edge of Seventeen,David Moreton,"Chris Stafford, Tina Holmes, Andersen Gabrych, Stephanie McVay, Lea DeLaria, John Eby, Antonio Carriero, Jason Lockhart",United States,"August 27, 2020",1998,TV-MA,103 min,"Comedies, Dramas, Independent Movies",A 17-year-old confronts confusion and heartbreak as he rediscovers his sexuality in this story about coming out and its social consequences.
s2039,Movie,EVANGELION: DEATH (TRUE)²,Hideaki Anno,"Megumi Ogata, Kotono Mitsuishi, Megumi Hayashibara, Yuko Miyamura, Yuriko Yamaguchi, Fumihiko Tachiki, Motomu Kiyokawa, Koichi Yamadera, Takehito Koyasu, Hiro Yuki, Miki Nagasawa, Mugihito, Akira Ishida",Japan,"June 21, 2019",1998,TV-MA,69 min,"Action & Adventure, Anime Features, International Movies","Fifteen years after the Second Impact, apathetic teen Shinji joins his father's group NERV to fight the Angels. But the truth may destroy them all."
s2098,Movie,Fallen,Gregory Hoblit,"Denzel Washington, John Goodman, Donald Sutherland, Embeth Davidtz, James Gandolfini, Elias Koteas, Gabriel Casseus, Michael J. Pagan, Robert Joy",United States,"November 1, 2019",1998,R,124 min,Thrillers,A tough homicide cop faces his most dangerous assignment when he must stop a murderous evil spirit who can move from one host to the next.
s2136,Movie,Fear and Loathing in Las Vegas,Terry Gilliam,"Johnny Depp, Benicio Del Toro, Tobey Maguire, Ellen Barkin, Gary Busey, Christina Ricci, Mark Harmon, Cameron Diaz, Katherine Helmond, Michael Jeter, Craig Bierko, Lyle Lovett, Flea, Christopher Meloni, Harry Dean Stanton, Tim Thomerson",United States,"November 1, 2019",1998,R,118 min,"Comedies, Cult Movies, Dramas",A sportswriter and his Samoan lawyer embark on a hallucinogenic three-day romp from Los Angeles to Las Vegas in this counterculture cult favorite.
s2499,TV Show,Goosebumps,,R.L. Stine,Canada,"November 19, 2014",1998,TV-G,5 Seasons,"Kids' TV, TV Thrillers",R.L. Stine's tales take on a life of their own in a series that combines original stories with adaptations drawn from the popular books.
s2671,Movie,Head On,Ana Kokkinos,"Alex Dimitriades, Paul Capsis, Julian Garner, Tony Nikolakopoulos, Elena Mandalis, Eugenia Fragos, Damien Fotiou, Andrea Mandalis, Maria Mercedes, Dora Kaskanis, Alex Papps, Vassili Zappa",Australia,"August 25, 2018",1998,TV-MA,104 min,"Dramas, Independent Movies, LGBTQ Movies","This edgy drama follows 19-year-old Ari, a gay Greek-Australian whose roiling ethnic- and sexual-identity struggles lead to a wild, 24-hour odyssey."
s3157,Movie,Jerry Seinfeld: I'm Telling You for the Last Time,Marty Callner,Jerry Seinfeld,United States,"January 30, 2018",1998,TV-14,69 min,Stand-Up Comedy,"Months after his classic TV sitcom ends, the legendary comic returns to his stand-up roots to deliver his best jokes on a sold-out international tour."
s3461,Movie,Kuch Kuch Hota Hai,Karan Johar,"Shah Rukh Khan, Kajol, Rani Mukerji, Farida Jalal, Reema Lagoo, Salman Khan, Archana Puran Singh, Himani Shivpuri, Johny Lever, Anupam Kher, Sana Saeed",India,"April 1, 2020",1998,TV-14,185 min,"Comedies, Dramas, International Movies","Per her mother’s last wish, a girl sets out to reunite her father with the college best friend who loved him – only to discover the woman is engaged."
s3475,Movie,Kurt & Courtney,Nick Broomfield,"Kurt Cobain, Courtney Love",United Kingdom,"January 8, 2019",1998,R,95 min,"Documentaries, Music & Musicals","This film charts Nirvana's Kurt Cobain's rise to fame, his drug-addled romance with Courtney Love and the conspiracy theories surrounding his death."
s3696,Movie,"Lock, Stock and Two Smoking Barrels",Guy Ritchie,"Jason Flemyng, Dexter Fletcher, Nick Moran, Jason Statham, Steven Mackintosh, Nicholas Rowe, Nick Marcq, Charles Forbes, Vinnie Jones, Lenny McLean",United Kingdom,"January 1, 2019",1998,R,108 min,"Action & Adventure, Comedies, Independent Movies","Hoping to make a bundle in a high-stakes poker game, four shiftless lads from London's East End instead find themselves swimming in debt."
s4213,Movie,Monty Python: Live at Aspen,,"Robert Klein, John Cleese, Terry Gilliam, Eric Idle, Terry Jones, Michael Palin, Graham Chapman, Eddie Izzard",United States,"October 2, 2018",1998,TV-MA,58 min,"Comedies, Documentaries",The members of Monty Python reunite on stage to talk about making their iconic show that changed sketch comedy forever.
s4646,Movie,One Last Shot,Mike Clattenburg,"Robb Wells, John Paul Tremblay, John Dunsworth",Canada,"August 24, 2018",1998,TV-MA,31 min,Comedies,"In this low-budget short film, two best buddies meet up for a night of booze-fueled fun before one of them moves to Vancouver."
s4871,Movie,"Pizza, birra, faso","Israel Adrián Caetano, Bruno Stagnaro","Héctor Anglada, Jorge Sesán, Pamela Jordán, Adrián Yospe, Daniel Di Biase, Walter Díaz, Martín Adjemián, Elena Cánepa, Rubén Rodríguez, Tony Lestingi, Alejandro Pous",Argentina,"March 15, 2018",1998,TV-MA,81 min,"Dramas, International Movies",A group of hardscrabble young thieves in Argentina decide to leave their boss and plan heists on their own.
s4932,TV Show,Power Rangers in Space,,"Tracy Lynn Cruz, Patricia Ja Lee, Christopher Khayman Lee, Justin Nimmo, Roger Velasco, Selwyn Ward, Melody Perkins, Paul Schrier, Jason Narvy, Mioko Fujiwara, Soichiro Hoshi, Yuji Kishimoto, Sanae Kobayashi, Tsuyoshi Takishita, Lex Lang","United States, France, Japan","January 1, 2016",1998,TV-Y7,1 Season,Kids' TV,"With the Power Chamber destroyed, former Turbo Power Rangers T.J., Cassie, Carlos and Ashley search for Zordon, who's been abducted by Dark Specter."
s5023,Movie,Qila,Umesh Mehra,"Dilip Kumar, Mukul Dev, Rekha, Mamta Kulkarni, Smita Jaykar, Gulshan Grover",India,"June 1, 2017",1998,TV-14,161 min,"Dramas, International Movies","When an abusive landowner is murdered, his twin brother sets out to find the killer but quickly discovers that everyone, it seems, wanted him dead."
s5289,Movie,Rounders,John Dahl,"Matt Damon, Edward Norton, John Turturro, Gretchen Mol, Famke Janssen, John Malkovich, Martin Landau, Michael Rispoli, Josh Mostel, Tom Aldredge",United States,"November 1, 2019",1998,R,121 min,Dramas,"A law student befriends and ""befoes"" a fellow gambling addict and a club owner, and tensions run high when they must come up with $15k in just 5 days."
s5308,TV Show,Rurouni Kenshin,,"Mayo Suzukaze, Miki Fujitani, Miina Tominaga, Yuji Ueda, Mika Doi, Yoshito Yasuhara, Hirotaka Suzuoki, Tomo Sakurai, Shuichi Ikeda",Japan," January 1, 2020",1998,TV-14,3 Seasons,"Anime Series, International TV Shows","A nomadic swordsman arrives at a martial arts school in Meiji-era Japan, where he lands in the middle of a conflict involving the opium trade."
s5438,Movie,Scooby-Doo on Zombie Island,"Hiroshi Aoyama, Kazumi Fukushima, Jim Stenstrum","Scott Innes, Billy West, Mary Kay Bergman, Frank Welker, B.J. Ward, Adrienne Barbeau, Tara Strong, Cam Clarke, Mark Hamill",United States,"December 15, 2019",1998,TV-PG,77 min,Children & Family Movies,"When Daphne's TV show does a segment on real monsters, the gang fires up the Mystery Machine and heads to Moonscar Island, where zombies await."
s5641,TV Show,"Sister, Sister",,"Tia Mowry-Hardrict, Jackée Harry, Tamera Mowry-Housley, Tim Reid, Marques Houston, RonReaco Lee, Deon Richmond",United States,"September 1, 2020",1998,TV-G,6 Seasons,"TV Comedies, Teen TV Shows","Separated at birth, twin sisters Tia Landry and Tamera Campbell reunite after 14 years and soon move in together, blending families and personalities."
s5674,Movie,Small Soldiers,Joe Dante,"Kirsten Dunst, Gregory Smith, Jay Mohr, Phil Hartman, Kevin Dunn, Denis Leary, Frank Langella, Tommy Lee Jones, Ernest Borgnine",United States,"June 1, 2019",1998,PG-13,110 min,"Action & Adventure, Comedies, Sci-Fi & Fantasy","When the Commando Elite, a group of toy action figures, are released before they've been tested, they attack the children playing with them."
s5696,Movie,Soldier,Abbas Mustan,"Rakhee Gulzar, Bobby Deol, Preity Zinta",India,"September 1, 2020",1998,TV-14,155 min,"Comedies, Dramas, International Movies","On the run from Indian police, a mysterious man escapes to Australia and falls in love with the daughter of an Indian criminal who lives there."
s6500,Movie,The Interview,Craig Monahan,"Hugo Weaving, Tony Martin, Aaron Jeffery, Paul Sonkkila, Michael Caton, Peter McCauley",Australia,"November 1, 2016",1998,NR,101 min,"Cult Movies, Dramas, Thrillers","When a man who's seemingly lost everything is grabbed by police for questioning, it starts a twisted cat-and-mouse game between him and a detective."
s6645,Movie,The Mask of Zorro,Martin Campbell,"Antonio Banderas, Anthony Hopkins, Catherine Zeta-Jones, Stuart Wilson, Matt Letscher, Tony Amendola, Pedro Armendáriz Jr., William Marquez, José Pérez, Victor Rivers","United States, Germany, Mexico","January 1, 2020",1998,PG-13,138 min,"Action & Adventure, Romantic Movies","An aging Zorro passes the torch to a young successor, schooling him in discipline and training him to take up the sword against crooked officials."
s6840,Movie,The Rugrats Movie,"Igor Kovalyov, Norton Virgien","Elizabeth Daily, Christine Cavanaugh, Kath Soucie, Melanie Chartoff, Phil Proctor, Cree Summer, Cheryl Chase, Tara Strong, Jack Riley, Joe Alaskey, Michael Bell, Tress MacNeille, Busta Rhymes, Whoopi Goldberg, David Spade",United States,"October 1, 2019",1998,G,81 min,"Children & Family Movies, Comedies","When his baby brother Dil is born, Tommy Pickles and his pals decide that he's too much responsibility and try to return him to the hospital."
s6991,Movie,The Waterboy,Frank Coraci,"Adam Sandler, Kathy Bates, Henry Winkler, Fairuza Balk, Jerry Reed, Lawrence Gilliard Jr., Blake Clark, Peter Dante, Jonathan Loughran, Al Whiting",United States,"March 8, 2017",1998,PG-13,90 min,"Comedies, Sports Movies",A water boy for a college football team has a rage that makes him a tackling machine whose bone-crushing power might vault his team into the playoffs.
