show_id,type,title,director,cast,country,date_added,release_year,rating,duration,listed_in,description
s95,Movie,28 Days,Betty Thomas,"Sandra Bullock, Viggo Mortensen, Dominic West, Diane Ladd, Elizabeth Perkins, Steve Buscemi, Alan Tudyk, Mike O'Malley, Azura Skye, Reni Santoni, Marianne Jean-Baptiste",United States,"September 30, 2020",2000,PG-13,104 min,"Comedies, Dramas","After her drunken antics result in property damage, an alcoholic journalist enters rehab – and soon meets a fellow resident who changes her outlook."
s474,Movie,American Psycho,Mary Harron,"Christian Bale, Willem Dafoe, Jared Leto, Reese Witherspoon, Samantha Mathis, Chloë Sevigny, Justin Theroux, Josh Lucas, Matt Ross, Bill Sage, Cara Seymour, Guinevere Turner","United States, Canada","September 1, 2019",2000,R,102 min,"Comedies, Cult Movies, Dramas","With chiseled good looks that belie his insanity, a businessman takes pathological pride in yuppie pursuits and indulges in sudden homicidal urges."
s489,Movie,An American Tail: The Treasures of Manhattan Island,Larry Latham,"Thomas Dekker, Dom DeLuise, Pat Musick, Nehemiah Persoff, Erica Yohn, Lacey Chabert, Elaine Bilstad, Rene Auberjonois, David Carradine, Sherman Howard, Tony Jay, Richard Karron, John Kassir, Ron Perlman",United States,"April 1, 2018",2000,G,79 min,Children & Family Movies,"When Fievel and friends go hunting for buried treasure beneath the ruins of an old subway tunnel, they stumble onto something surprising."
s928,Movie,Billy Elliot,Stephen Daldry,"Jamie Bell, Gary Lewis, Stuart Wells, Billy Fane, Colin MacLachlan, Nicola Blackwell, Carol McGuigan, Joe Renton, Janine Birkett, Charlie Hardwick, Mike Elliot, Jean Heywood, Jamie Draven, Julie Walters, Trevor Fox, Adam Cooper","United Kingdom, France","February 1, 2019",2000,R,110 min,"Dramas, Independent Movies, International Movies","When a boy trades boxing school for ballet lessons, he may take his newfound talent all the way to the top - and win over his disapproving father."
s1257,Movie,Center Stage,Nicholas Hytner,"Amanda Schull, Zoe Saldana, Susan May Pratt, Peter Gallagher, Donna Murphy, Debra Monk, Ethan Stiefel, Sascha Radetsky, Julie Kent, Ilia Kulik",United States,"January 1, 2020",2000,PG-13,116 min,Dramas,"Vying for a spot in the American Ballet Company, 12 dance students are ready to push their bodies and minds to the limit to realize their dreams."
s1263,Movie,Chal Mere Bhai,David Dhawan,"Sanjay Dutt, Salman Khan, Karisma Kapoor, Dalip Tahil, Sushma Seth, Shakti Kapoor, Nagma, Sonali Bendre, Twinkle Khanna, Ravi Baswani",India,"December 31, 2019",2000,TV-14,132 min,"Comedies, International Movies, Romantic Movies","When a secretary saves her tycoon boss's life, his family hears wedding bells. Problem is, she's already in love – with his younger brother."
s1281,Movie,Charlie's Angels,McG,"Cameron Diaz, Drew Barrymore, Lucy Liu, Bill Murray, Sam Rockwell, Kelly Lynch, Tim Curry, Crispin Glover, Matt LeBlanc, LL Cool J, Tom Green, Luke Wilson","United States, Germany","October 1, 2019",2000,PG-13,98 min,"Action & Adventure, Comedies","Three beauties use their looks, charm and martial-arts training to kick butt on the trail of stolen software in this reboot of the classic TV series."
s1547,Movie,"Crouching Tiger, Hidden Dragon",Ang Lee,"Chow Yun Fat, Michelle Yeoh, Zhang Ziyi, Chang Chen, Lung Hsiung, Cheng Pei-pei, Fa Zeng Li, Xian Gao, Yan Hai, De Ming Wang","Taiwan, Hong Kong, United States, China","March 1, 2019",2000,PG-13,120 min,"Action & Adventure, International Movies, Romantic Movies",A young woman in ancient China longs for an adventurous life rather than a dull arranged marriage in Ang Lee's Oscar-winning martial arts epic.
s1852,Movie,Dragonheart: A New Beginning,Doug Lefler,"Christopher Masterson, Harry Van Gorkum, Rona Figueroa, Matt Hickey, Henry O, Tom Burke, Robby Benson, Ken Shorter, John Woodnutt, Lubomir Misak",United States,"January 1, 2020",2000,PG,84 min,"Action & Adventure, Sci-Fi & Fantasy","This sequel introduces Draco the dragon's offspring, Drake, who dreams of becoming a knight and teams up with a stable boy to master his skills."
s2164,Movie,Final Destination,James Wong,"Devon Sawa, Ali Larter, Kerr Smith, Kristen Cloke, Seann William Scott, Tony Todd, Daniel Roebuck, Chad Donella, Roger Guenveur Smith, Amanda Detmer",United States,"January 1, 2020",2000,R,98 min,"Cult Movies, Horror Movies, Thrillers","After narrowly avoiding a fatal plane explosion, a group of seemingly lucky teen classmates finds that Death is not so easily cheated."
s2201,Movie,Fiza,Khalid Mohamed,"Karisma Kapoor, Jaya Bhaduri, Hrithik Roshan, Neha, Asha Sachdev, Bikram Saluja, Isha Koppikar, Johny Lever, Sushmita Sen, Manoj Bajpayee",India,"August 2, 2018",2000,TV-14,163 min,"Dramas, International Movies, Music & Musicals","Fiza's brother disappears during Mumbai's horrifying 1993 riots. Each day, Fiza and her widowed mother hope that he will return."
s2589,Movie,Hamara Dil Aapke Paas Hai,Satish Kaushik,"Anil Kapoor, Aishwarya Rai Bachchan, Sonali Bendre, Puru Rajkumar, Anupam Kher, Satish Kaushik, Mukesh Rishi, Jaspal Bhatti, Razak Khan, Himani Shivpuri, Smita Jaykar, Tanaaz Currim Irani",India,"March 1, 2018",2000,TV-14,158 min,"Dramas, International Movies, Music & Musicals","Love blooms when kind-hearted Avinash takes in Preeti, a woman shunned by society, but the unorthodox living situation creates quite a stir among the neighbors."
s2840,Movie,How the Grinch Stole Christmas,Ron Howard,"Jim Carrey, Taylor Momsen, Jeffrey Tambor, Christine Baranski, Bill Irwin, Molly Shannon, Clint Howard, Josh Ryan Evans, Mindy Sterling, Anthony Hopkins",United States,"June 1, 2017",2000,PG,105 min,"Children & Family Movies, Comedies",The Grinch decides to rob Whoville of Christmas – but a dash of kindness from little Cindy Lou Who and her family may be enough to melt his heart.
s3222,Movie,Joseph: King of Dreams,"Rob LaDuca, Robert C. Ramirez","Ben Affleck, Mark Hamill, Richard Herd, Maureen McGovern, Jodi Benson, Judith Light, James Eckhouse, Richard McGonagle, David Campbell, Steven Weber, Dan Castellaneta, Rene Auberjonois, Ken Hudson Campbell, Tom Virtue, Jeff Bennett",United States,"September 27, 2011",2000,TV-PG,75 min,"Children & Family Movies, Dramas, Faith & Spirituality","With his gift of dream interpretation and his brilliantly colored coat, Joseph inspires jealousy in his brothers in this animated Bible story."
s3478,Movie,Kya Kehna,Kundan Shah,"Preity Zinta, Saif Ali Khan, Anupam Kher, Farida Jalal, Chandrachur Singh",India,"April 1, 2018",2000,TV-PG,149 min,"Dramas, International Movies, Romantic Movies",A young university student's world is shaken after her brief involvement with a wealthy playboy results in her pregnancy.
s3667,Movie,Little Nicky,Steve Brill,"Adam Sandler, Patricia Arquette, Harvey Keitel, Rhys Ifans, Allen Covert, Tommy 'Tiny' Lister, Kevin Nealon, Jon Lovitz, Michael McKean, Quentin Tarantino",United States,"December 1, 2020",2000,PG-13,90 min,Comedies,"The devil sends his sweet son Nicky to Earth to bring back his scheming siblings, who have plans to oust dear old dad from power."
s4161,TV Show,Moesha,,"Brandy Norwood, William Allen Young, Sheryl Lee Ralph, Countess Vaughn, Lamont Bentley, Shar Jackson, Marcus T. Paulk, Yvette Wilson",United States,"August 1, 2020",2000,TV-PG,6 Seasons,"TV Comedies, Teen TV Shows","Navigating the twists and firsts of high school, Moesha juggles friendships, romance and the occasional drama while trying to keep her family together."
s4212,Movie,Monty Python: Before the Flying Circus,Will Yapp,"Graham Chapman, Eric Idle, Terry Jones, Michael Palin, Terry Gilliam, John Cleese",United Kingdom,"October 2, 2018",2000,TV-MA,56 min,"Comedies, Documentaries","Discover how six seemingly ordinary but supremely talented men became Monty Python, sketch comedy's revolutionary comedy troupe."
s4758,Movie,Papa the Great,Bhagyaraj,"Krishan Kumar, Nagma, Satya Prakash, Master Bobby, Satish Kaushik, Laxmikant Berde, Mahavir Shah, Anil Dhawan, Shama Deshpande, Shatrughan Sinha",India,"December 8, 2017",2000,TV-PG,137 min,"Comedies, Dramas, International Movies","After witnessing a murder, a meek family man must summon his courage when he finds himself on the wrong side of a notorious gangster."
s4846,Movie,Phir Bhi Dil Hai Hindustani,Aziz Mirza,"Shah Rukh Khan, Juhi Chawla, Paresh Rawal, Satish Shah, Dilip Tahil, Govind Namdeo, Smita Jaykar, Shakti Kapoor, Johnny Lever",India,"April 1, 2018",2000,TV-14,159 min,"Comedies, Dramas, International Movies","In this Bollywood entertainment, two journalists, Ajay and Ria, work for rival TV stations and compete heavily to mask their feelings for each other."
s4900,TV Show,Pokémon: Indigo League,,"Rica Matsumoto, Ikue Otani, Mayumi Iizuka, Megumi Hayashibara, Unsho Ishizuka",Japan,"January 1, 2018",2000,TV-Y7,1 Season,"Anime Series, Kids' TV","Explore the world of Pokémon with 10-year-old Ash Ketchum and his partner, Pikachu, as they aim for Ash's ultimate goal: becoming a Pokémon master."
s4934,TV Show,Power Rangers Lightspeed Rescue,,"Michael Chaturantabut, Sean CW Johnson, Alison MacInnis, Keith Robinson, Sasha Craig, Monica Louwerens, Rhett Fisher, Ron Roggé, Jennifer L. Yen, Kim Strauss","France, Japan, United States","January 1, 2016",2000,TV-Y7,1 Season,Kids' TV,"As demons rumble from their graves beneath Mariner Bay, a government organization called Lightspeed recruits five civilians to defend the city."
s5001,Movie,Pukar,Rajkumar Santoshi,"Anil Kapoor, Madhuri Dixit, Namrata Shirodkar, Danny Denzongpa, Om Puri, Kulbhushan Kharbanda, Farida Jalal, Shivaji Satham",India,"March 1, 2018",2000,TV-14,165 min,"Action & Adventure, Dramas, International Movies",A notorious terrorist manipulates an Indian army major's jilted lover into helping him obtain a classified military code.
s5296,Movie,Rugrats in Paris: The Movie,"Stig Bergqvist, Paul Demeyer","Elizabeth Daily, Tara Strong, Cheryl Chase, Christine Cavanaugh, Cree Summer, Kath Soucie, Michael Bell, Tress MacNeille, Casey Kasem, Joe Alaskey, Debbie Reynolds, Jack Riley, Susan Sarandon, John Lithgow","Germany, United States","October 1, 2019",2000,G,79 min,"Children & Family Movies, Comedies",The Rugrats take to the big screen and visit Paris when Mr. Pickles gets summoned to fix a giant robot at the EuroReptarland theme park.
s5429,Movie,Scary Movie,Keenen Ivory Wayans,"Anna Faris, Jon Abrahams, Shannon Elizabeth, Shawn Wayans, Regina Hall, Marlon Wayans, Lochlyn Munro, Cheri Oteri, Carmen Electra, Dave Sheridan, Kurt Fuller, Rick Ducommun, James Van Der Beek, Keenen Ivory Wayans, Marissa Jaret Winokur, Dan Joffre",United States,"January 1, 2020",2000,R,88 min,"Comedies, Horror Movies","The Wayans brothers spoof some of Hollywood's biggest blockbusters, including Scream, I Know What You Did Last Summer, The Matrix and American Pie."
s5444,Movie,Scream 3,Wes Craven,"David Arquette, Neve Campbell, Courteney Cox, Patrick Dempsey, Scott Foley, Lance Henriksen, Matt Keeslar, Jenny McCarthy, Emily Mortimer, Parker Posey, Deon Richmond, Kelly Rutherford, Liev Schreiber, Patrick Warburton, Jamie Kennedy",United States,"July 1, 2019",2000,R,117 min,Horror Movies,"This installment of the tongue-in-cheek horror franchise finds Sidney Prescott once again battling a crazed killer – this time, on a movie set."
s5683,Movie,Snow Day,Chris Koch,"Chris Elliott, Mark Webber, Jean Smart, Schuyler Fisk, Iggy Pop, Pam Grier, John Schneider, Chevy Chase, Zena Grey, Josh Peck",United States,"January 1, 2020",2000,PG,89 min,"Children & Family Movies, Comedies","When a snow day shuts down the whole town, the Wheeler family cuts loose. Hal makes a play for the most popular girl in his school, 10-year-old Natalie takes on the dreaded snowplow man, and Dad gets into a showdown with a rival meteorologist."
s5733,Movie,Space Cowboys,Clint Eastwood,"Clint Eastwood, Tommy Lee Jones, Donald Sutherland, James Garner, James Cromwell, Marcia Gay Harden, William Devane, Loren Dean, Courtney B. Vance, Rade Serbedzija, Barbara Babcock, Blair Brown",United States,"August 1, 2019",2000,PG-13,130 min,"Action & Adventure, Dramas, Sci-Fi & Fantasy",A retired engineer agrees to help NASA prevent a Russian satellite from falling to Earth if he and his over-the-hill pals can man the mission.
s5790,TV Show,Star Trek: Voyager,,"Kate Mulgrew, Robert Beltran, Roxann Dawson, Jennifer Lien, Robert Duncan McNeill, Ethan Phillips, Robert Picardo, Tim Russ, Jeri Ryan, Garrett Wang, Tarik Ergin",United States,"October 1, 2017",2000,TV-PG,7 Seasons,"TV Action & Adventure, TV Sci-Fi & Fantasy","On Voyager's 75-year journey back to Earth, the crew members encounter unknown species as they draw closer to a mysterious quadrant of space."
s6095,Movie,The Art of War,Christian Duguay,"Wesley Snipes, Anne Archer, Maury Chaykin, Marie Matiko, Cary-Hiroyuki Tagawa, Michael Biehn, Donald Sutherland, Liliana Komorowska, James Hong","United States, Canada","July 1, 2020",2000,R,117 min,Action & Adventure,"Framed for the murder of an ambassador, a former member of the United Nations' elite covert action unit will do whatever it takes to clear his name."
s6362,Movie,The Flintstones in Viva Rock Vegas,Brian Levant,"Mark Addy, Stephen Baldwin, Kristen Johnston, Jane Krakowski, Joan Collins, Thomas Gibson, Alan Cumming",United States,"October 1, 2019",2000,PG,91 min,"Children & Family Movies, Comedies, Romantic Movies","Yabba-dabba-doo! Digital dinosaurs rule the day when Fred, Barney, Betty and Wilma take Vegas by storm in this prequel that posits their lives before marriage."
s6727,Movie,The Original Kings of Comedy,Spike Lee,"Steve Harvey, D.L. Hughley, Cedric the Entertainer, Bernie Mac",United States,"January 1, 2020",2000,R,111 min,Stand-Up Comedy,"Director Spike Lee documents the last night of the hit comedy tour featuring comics Steve Harvey, Cedric the Entertainer, D.L. Hughley and Bernie Mac."
s7559,Movie,What Lies Beneath,Robert Zemeckis,"Harrison Ford, Michelle Pfeiffer, Diana Scarwid, Joe Morton, James Remar, Miranda Otto, Wendy Crewson, Ray Baker, Micole Mercurio, Amber Valletta, Sloane Shelton",United States,"January 1, 2020",2000,PG-13,130 min,"Horror Movies, Thrillers","When Claire Spencer starts hearing ghostly voices and seeing spooky images, her husband tries to reassure her by telling her it's all in her head."
s7588,Movie,Where the Money Is,Marek Kanievska,"Paul Newman, Linda Fiorentino, Dermot Mulroney, Susan Barnes, Anne Pitoniak, Bruce MacVittie, Irma St. Paule, Michel Perron, Dorothy Gordon, Rita Tuckett","Germany, United States, United Kingdom, Canada","January 15, 2020",2000,PG-13,89 min,"Action & Adventure, Comedies, Dramas","Paul Newman proves he's still got prodigious acting chops, playing an aging bank robber who may have one last job in him. Faking a stroke, the incarcerated Newman is transferred to a nursing home and the care of a skeptical nurse."
