show_id,type,title,director,cast,country,date_added,release_year,rating,duration,listed_in,description
s1896,Movie,Duniya,Ramesh Talwar,"Dilip Kumar, Rishi Kapoor, Pran, Amrita Singh, Ashok Kumar, Prem Chopra, Amrish Puri, Satyen Kappu, Mac Mohan, Javed Khan",India,"April 1, 2020",1984,TV-14,170 min,"Action & Adventure, Dramas, International Movies","A lawyer defends his childhood friend – and girlfriend's brother – in a murder case, unaware of his own deep connection to the attorney he’s up against."
s2994,Movie,Indiana Jones and the Temple of Doom,Steven Spielberg,"Harrison Ford, Kate Capshaw, Amrish Puri, Roshan Seth, Philip Stone, Roy Chiao, Jonathan Ke Quan, David Yip, Ric Young, Chua Kah Joo",United States,"January 1, 2019",1984,PG,119 min,"Action & Adventure, Children & Family Movies, Classic Movies","Indiana Jones, his young sidekick and a spoiled songbird get more than they bargained for when they go to India in search of a missing magical stone."
s4260,Movie,Mr. Virgin,Anthony Chan,"Olivia Cheng, Alfred Cheung, Hu Chin, Chung Ping Geung, Anglie Leung",Hong Kong,"August 16, 2018",1984,TV-14,86 min,"Comedies, Dramas, International Movies","When a young man ignores a feng shui master’s warning and decides to marry before turning 30, a series of mishaps begins to curse his life."
s4676,Movie,Opium and the Kung Fu Master,Chia Tang,"Lung Ti, Te-Lo Mai, Leanne Liu, Kuan Tai Chen, Phillip Ko, Kuan-chung Ku, Kwok Kuen Chan, Hoi Sang Lee, Tau Wan Yue, Chia Tang, Shen Chan",Hong Kong,"August 16, 2018",1984,TV-MA,86 min,"Action & Adventure, International Movies","Leader of the Ten Kwangtung Tigers, Tieh Chiao-san works with his kung fu students to protect his village from crime. But when an opium dealer starts to ruin the town, Tieh Chiao-san struggles to fight back, thanks to his growing opium addiction."
s4972,Movie,Prince Charming,Wong Jing,"Kenny Bee, Cherie Chung, Chan Pak-cheung, Rosamund Kwan, Maggie Cheung",Hong Kong,"August 31, 2018",1984,TV-14,93 min,"Comedies, International Movies, Romantic Movies","Two young buddies seek love in Hawaii, and upon returning home in disappointment, soon entangle themselves in a messy identity swap."
s5109,Movie,Raya and Sakina,Hussein Kamal,"Suhair El-Babili, Shadia, Abdel Moneim Madbouly, Ahmed Bedir",,"May 21, 2020",1984,TV-14,230 min,"Comedies, Dramas, International Movies","When robberies and murders targeting women sweep early 20th-century Egypt, the hunt for suspects leads to two shadowy sisters. Based on a true story."
s5135,Movie,Red Dawn,John Milius,"Patrick Swayze, C. Thomas Howell, Lea Thompson, Charlie Sheen, Darren Dalton, Jennifer Grey, Brad Savage, Doug Toby, Ben Johnson, Harry Dean Stanton",United States,"December 31, 2019",1984,PG-13,114 min,"Action & Adventure, Cult Movies",A group of teenagers witnesses Soviet and Cuban paratroopers descending on their small Colorado town and systematically setting off World War III.
s5694,Movie,Sohni Mahiwal,"Latif Faiziyev, Umesh Mehra","Zeenat Aman, Pran, Tanuja, Poonam Dhillon","India, Soviet Union","September 1, 2017",1984,TV-14,160 min,"Dramas, International Movies, Romantic Movies","After being violently separated from the woman he loves, a young man must disguise himself in order to keep meeting her."
s6699,Movie,The Natural,Barry Levinson,"Robert Redford, Robert Duvall, Glenn Close, Kim Basinger, Wilford Brimley, Barbara Hershey, Robert Prosky, Richard Farnsworth, Joe Don Baker, John Finnegan",United States,"January 1, 2020",1984,PG,138 min,"Classic Movies, Dramas, Sports Movies",A gifted baseball player whose life has taken some startling turns becomes a 35-year-old rookie who helps a cellar-dwelling team get back in the game.
