show_id,type,title,director,cast,country,date_added,release_year,rating,duration,listed_in,description
s393,Movie,Alice Doesn't Live Here Anymore,Martin Scorsese,"Ellen Burstyn, Kris Kristofferson, Billy Green Bush, Diane Ladd, Harvey Keitel, Lelia Goldoni, Lane Bradbury, Vic Tayback, Jodie Foster, Alfred Lutter",United States,"July 1, 2019",1974,PG,112 min,"Classic Movies, Comedies, Dramas","A widowed singer and single mother starts over as a diner waitress in Arizona, befriending her coworkers and romancing a ruggedly handsome rancher."
s2954,Movie,Immoral Tales,Walerian Borowczyk,"Lise Danvers, Fabrice Luchini, Charlotte Alexandra, Paloma Picasso, Pascale Christophe, Florence Bellamy, Jacopo Berinizi, Lorenzo Berinizi",France,"June 6, 2019",1974,UR,103 min,"Dramas, International Movies, Romantic Movies","This anthology illustrates the timeless nature of desire in four stories of incest, bloodlust and other forbidden subjects."
s3916,Movie,Manoranjan,Shammi Kapoor,"Sanjeev Kumar, Zeenat Aman, Shammi Kapoor, Dev Kumar, Madan Puri, Paintal, Asit Kumar Sen, Agha, Murad, Shefali",India,"September 1, 2017",1974,TV-14,162 min,"Comedies, International Movies, Music & Musicals","After getting fired, a police officer connects with a prostitute he met on the job in a red-light district and sets out to keep her off the streets."
s4218,TV Show,Monty Python's Flying Circus,,"John Cleese, Graham Chapman, Terry Jones, Eric Idle, Michael Palin, Terry Gilliam",United Kingdom,"October 2, 2018",1974,TV-14,4 Seasons,"British TV Shows, Classic & Cult TV, International TV Shows","The Monty Python players make their mark with a winning mix of wit, ingenuity and brilliant timing – and a penchant for mockery and cross-dressing."
s5082,Movie,Rajnigandha,Basu Chatterjee,"Vidya Sinha, Amol Palekar, Dinesh Thakur, Ranjita Thakur, Veena Gaud, Manju Maini",India,"December 31, 2019",1974,TV-PG,104 min,"Comedies, Dramas, Independent Movies","A grad student leaves her boyfriend in Delhi for a job interview in Mumbai, where she reconnects with an old flame for whom she still has feelings."
s6614,Movie,The Longest Yard,Robert Aldrich,"Burt Reynolds, Eddie Albert, Ed Lauter, James Hampton, Charles Tyner, Bernadette Peters, Richard Kiel, Joe Dorsey, Joe Jackson, Harry Caesar, John Steadman, Jim Nicholson, Tony Cacciotti",United States,"November 20, 2019",1974,R,121 min,"Classic Movies, Comedies, Sports Movies",Washed-up professional quarterback Paul Crewe is sent to jail and forced to put together an inmate gridiron team to take on a group of prison guards.
s6924,Movie,The Texas Chainsaw Massacre,Tobe Hooper,"Gunnar Hansen, Jim Siedow, Marilyn Burns, Edwin Neal, Paul A. Partain, Teri McMinn, William Vail, John Dugan, John Henry Faulk, Allen Danziger",United States,"October 22, 2019",1974,R,83 min,"Cult Movies, Horror Movies, Independent Movies","When some friends visit a vandalized graveyard, they come upon a chainsaw-wielding maniac, and it's a fight to the bloody death between good and evil."
