show_id,type,title,director,cast,country,date_added,release_year,rating,duration,listed_in,description
s718,Movie,Bandie,Alo Sarkar,"Uttam Kumar, Sulakshana Pandit, Utpal Dutt, Bindu, Amjad Khan, Helen, Indrani Mukherjee, Padma Khanna, Iftekhar",India,"November 1, 2017",1978,TV-PG,141 min,"Action & Adventure, Dramas, International Movies","Heirless Maharaj Brajbhan leaves his throne to his cousin Vikram, but when Brajbhan's wife, Badi Rani, finally conceives, Vikram plots to destroy her."
s837,Movie,Benji's Very Own Christmas Story,Joe Camp,"Ron Moody, Patsy Garrett, Cynthia Smith",United States,"October 3, 2018",1978,TV-G,25 min,Children & Family Movies,"While on a press tour, Benji goes behind the scenes of Santa's workshop. But Santa has a devastating secret, so it's up to Benji to save Christmas."
s2213,Movie,Flying Guillotine 2,"Kang Cheng, Shan Hua","Feng Ku, Chung Wang, Szu Shih, Lung Ti, Lo Lieh, Szu-Chia Chen",Hong Kong,"July 31, 2018",1978,TV-MA,88 min,"Action & Adventure, International Movies","The emperor's reign of terror expands. Heroic outlaw Ma Teng joins a squad of female rebels, whose leader is torn between family loyalties."
s2523,Movie,Grease,Randal Kleiser,"John Travolta, Olivia Newton-John, Stockard Channing, Jeff Conaway, Barry Pearl, Michael Tucci, Kelly Ward, Didi Conn, Jamie Donnelly, Dinah Manoff, Eve Arden, Dody Goodman, Sid Caesar, Joan Blondell, Frankie Avalon",United States,"November 1, 2019",1978,PG,110 min,"Classic Movies, Comedies, Music & Musicals",John Travolta and Olivia Newton-John star in this hit musical comedy about a greaser and the good girl he falls for – much to his friends' chagrin.
s6358,Movie,The Five Venoms,Cheh Chang,"Philip Kwok, Chien Sun, Sheng Chiang, Feng Lu, Meng Lo, Pai Wei, Lung Wei Wang, Feng Ku, Shu Pei Sun, Sun Chien",Hong Kong,"July 31, 2018",1978,R,97 min,"Action & Adventure, Cult Movies, International Movies",A dying kung fu master sends his last student to track down five former pupils in order to learn which one of them has become evil.
s6894,Movie,The spiral,Krzysztof Zanussi,"Jan Nowicki, Maja Komorowska, Zofia Kucówna, Aleksander Bardini, Jan Świderski, Seweryna Broniszówna, Piotr Garlicki, Marian Glinka",Poland,"October 1, 2019",1978,TV-MA,84 min,"Dramas, Independent Movies, International Movies","When an unbearable stranger arrives at a winter mountain resort and vanishes overnight, his dark past comes to light."
