show_id,type,title,director,cast,country,date_added,release_year,rating,duration,listed_in,description
s50,Movie,10 jours en or,Nicolas Brossette,"Franck Dubosc, Claude Rich, Marie Kremer, Mathis Touré, Rufus, Olivier Claverie",France,"July 1, 2017",2012,TV-14,97 min,"Comedies, Dramas, International Movies","When a carefree bachelor is unexpectedly left in charge of a young boy, the two embark on a road trip that will change both of their lives."
s92,Movie,26 Years,Geun-hyun Cho,"Goo Jin, Hye-jin Han, Soo-bin Bae, Seul-ong Im, Kyeong-yeong Lee, Gwang Jang, Deok-jae Jo, Eui-sung Kim, Seok-Hwan An, Bok-gi Min",South Korea,"October 1, 2017",2012,TV-MA,135 min,"Dramas, International Movies, Thrillers","Twenty-six years after the 1980 massacre at Gwangju, South Korea, three relatives of the victims come together to avenge the infamous orchestrator."
s124,Movie,5CM,Rizal Mantovani,"Herjunot Ali, Raline Shah, Fedi Nuril, Pevita Pearce, Saykoji, Denny Sumargo, Didi Petet, Firrina Sinatrya",Indonesia,"September 28, 2018",2012,TV-14,126 min,"Dramas, International Movies","Five friends embark on a mission to climb the highest peak in Java, overcoming obstacles on the way and discovering the true meaning of friendship."
s177,Movie,A Glimpse Inside the Mind of Charles Swan III,Roman Coppola,"Charlie Sheen, Jason Schwartzman, Bill Murray, Katheryn Winnick, Patricia Arquette, Aubrey Plaza, Mary Elizabeth Winstead, Dermot Mulroney",United States,"July 15, 2018",2012,R,86 min,"Comedies, Independent Movies","When his girlfriend walks out and leaves him a wreck, a graphic designer – who seemed to have it all – sets out to discover where he went wrong."
s205,Movie,A Mission in an Old Movie,Ahmad El-Badri,"Edward, Fifi Abdo, Lotfy Labib, Madeleine Matar, Nahla Zaki, Ahmed Fathy, Said Tarabeek, Badriya Tolba, Eman El-Sayed",,"April 25, 2019",2012,TV-MA,98 min,"Comedies, International Movies",A young man struggles with his overbearing mother while looking for romance and a way to kick-start his show business career.
s215,Movie,A Perfect Ending,Nicole Conn,"Barbara Niven, Jessica Clark, John Heard, Morgan Fairchild, Kerry Knuppe, Imelda Corcoran, Mary Jane Wells, Rebecca Staab, Michael Adam Hamilton, Bryan Jackson, Bryan Mordechai Jackson",United States,"January 1, 2019",2012,TV-MA,110 min,"Dramas, Independent Movies, LGBTQ Movies","After confessing an unusual secret, a repressed wife – prompted by her friends – decides to explore her sexuality with a high-priced call girl."
s241,Movie,A Thousand Words,Brian Robbins,"Eddie Murphy, Kerry Washington, Cliff Curtis, Clark Duke, Allison Janney, Ruby Dee, John Witherspoon, Jack McBrayer",United States,"July 1, 2020",2012,PG-13,92 min,Comedies,"When he learns his karma will permit him to speak just a thousand more words before he dies, fast-talking agent Jack must make every syllable count."
s281,Movie,Abdo Mota,,Mohamed Ramadan,Egypt,"April 19, 2019",2012,TV-MA,100 min,"Action & Adventure, Dramas, International Movies","Following the mysterious death of his parents, a young man finds himself enmeshed in the dark world of drugs and crime."
s286,Movie,Abominable Christmas,Chad Van De Keere,"Isabella Acres, Drake Bell, Emilio Estevez, Nolan Gould, Matthew Lillard, Ray Liotta, Jane Lynch, Ariel Winter",United States,"February 18, 2016",2012,TV-Y7,44 min,"Children & Family Movies, Comedies",Two small abominable snowmen flee their mountain to escape a scientist who's trying to capture them and end up spending Christmas with a human family.
s299,Movie,Act of Valor,"Mike McCoy, Scott Waugh","Keo Woolford, Drea Castro, Emilio Rivera, Rorke Denver, Jason Cottle, Ailsa Marshall, Alex Veadov, Dave, Roselyn Sanchez, Thomas Rosales Jr., Nestor Serrano, Gonzalo Menendez",United States,"June 1, 2020",2012,R,110 min,Action & Adventure,An elite squad of Navy SEALs is tasked with rescuing a kidnapped CIA agent from a lethal terrorist cell.
s327,Movie,After Porn Ends,Bryce Wagoner,,United States,"May 27, 2019",2012,NR,93 min,Documentaries,"This documentary explores the careers of some of porn's top stars and examines their adjustment to ""normal"" society after leaving adult entertainment."
s333,Movie,Aftershock,Nicolás López,"Eli Roth, Andrea Osvárt, Ariel Levy, Natasha Yarovenko, Nicolás Martínez, Lorenza Izzo, Marcial Tagle, Ramón Llao, Ignacia Allamand, Paz Bascuñán","United States, Chile","March 7, 2018",2012,R,89 min,"Action & Adventure, Horror Movies","An American tourist and his friends are partying in Chile, but a major earthquake devastates the area and forces them to scramble for survival."
s348,Movie,Ai Weiwei: Never Sorry,Alison Klayman,"Ai Weiwei, Lao Ai",United States,"March 1, 2018",2012,R,91 min,Documentaries,Chinese artist and activist Ai Weiwei uses social media and art to inspire protests and suffers government persecution for his actions.
s357,Movie,Aiyyaa,Sachin Kundalkar,"Rani Mukerji, Prithviraj Sukumaran, Nirmiti Sawant, Subodh Bhave, Jyoti Subhash, Satish Alekar, Anita Date, Amey Wagh, Kishori Balal, Pakoda Pandi",India,"July 5, 2020",2012,TV-14,151 min,"Comedies, International Movies, Music & Musicals","An outspoken, imaginative girl from a conservative family pursues her dream man while fending off the prospect of an arranged marriage."
s493,Movie,An Hour and a Half,Wael Ehsan,"Eyad Nassar, Ahmed Bedir, Fathy Abdel Wahab, Sawsan Badr, Maged El Kedwany, Tarek Abdel Aziz, Karima Mokhtar, Yousra El Lozy, Somaya El Khashab, Mohamed Emam",Egypt,"April 26, 2019",2012,TV-14,87 min,"Dramas, International Movies","Based on the 2002 El Ayyat train accident, this drama begins 90 minutes before the explosion, following the lives of riders in the third-class cars."
s495,TV Show,An Innocent Mistake,,"Jason Wang, Mathilde Lin, Mo Tzu Yi, Xi Man-Ning, Lin Mei-hsiu, Kelly Huang, Joy Pan",Taiwan,"January 1, 2017",2012,TV-14,1 Season,"International TV Shows, Romantic TV Shows, TV Dramas","Raised by three mothers, a self-assured teen in turmoil meets the father figure she never had. But she also stands to drive the man and his son apart."
s557,TV Show,忍者ハットリくん,,,Japan," December 23, 2018",2012,TV-Y7,2 Seasons,"Anime Series, Kids' TV","Hailing from the mountains of Iga, Kanzo Hattori moves in with elementary school student Kenichi Mitsuba and his family to hone his skills as a ninja."
s614,Movie,Atlas Shrugged: Part II,John Putch,"Samantha Mathis, Jason Beghe, Esai Morales, Patrick Fabian, Kim Rhodes, Richard T. Jones, D.B. Sweeney, Paul McCrane, John Rubinstein, Robert Picardo",United States,"December 19, 2020",2012,PG-13,112 min,Dramas,"With the world's economy in dire straits, corporate protagonist Dagny Taggart searches for a solution amid the rubble of a long-abandoned factory."
s615,Movie,ATM,Mez Tharatorn,"Chantavit Dhanasevi, Preechaya Pongthananikorn, Chaleumpol Tikumpornteerawong, Thawat Pornrattanaprasert, Sananthachat Thanapatpisal, Pongkool Suebsung, Puttachat Pongsuchat, Gornpop Janjaroen, Yanee Tramoth, Pongsatorn Jongwilak","United States, Canada","September 5, 2018",2012,TV-14,122 min,"Comedies, International Movies, Romantic Movies","When a broken ATM dishes out a fortune, a couple who works at the bank vies to see who can recover the most cash – and the loser must find a new job."
s741,TV Show,Barbie Life in the Dreamhouse,,"Kate Higgins, Sean Hankinson, Haviland Stillwell, Paula Rhodes, Charlie Bodin, Laura Gerow, Katie Crown, Nakia Burrise, Tara Sands, Ashlyn Selich","United States, Canada","July 1, 2017",2012,TV-Y,1 Season,"Kids' TV, TV Comedies",Join blond icon Barbie and her fabulous friends as their behind-the-scenes adventures are revealed in this animated Web series.
s747,Movie,Barbie: The Princess & the Popstar,Ezekiel Norton,"Kelly Sheridan, Jennifer Waris, Ashleigh Ball, Tiffany Kathryn, Ellie King, Peter Kelamis, Jonathan Holmes, Allison Warnyca, Christopher Gaze, Lauren Lavoie",United States,"October 1, 2017",2012,TV-Y,75 min,Children & Family Movies,"Barbie stars as a princess who would rather sing and dance than be a royal. When a famous pop star visits the kingdom, they decide to switch places."
s754,Movie,Barfi!,Anurag Basu,"Ranbir Kapoor, Priyanka Chopra, Ileana D'Cruz, Saurabh Shukla, Ashish Vidyarthi, Rupa Ganguly, Bholaraj Sapkota, Jishu Sengupta, Haradhan Bannerjee",India,"November 1, 2018",2012,TV-14,144 min,"Comedies, Dramas, International Movies","Years after rejecting Barfii, a hearing and speech impaired young man, for a more ""appropriate"" suitor, Shruti finds herself falling for him."
s840,Movie,Berlin Kaplani,Hakan Algül,"Ata Demirer, Necati Bilgiç, Tarık Ünlüoğlu, Özlem Türkad, Nihal Yalçın, Cemil Özbayer, Cengiz Bozkurt, Orhan Güner, Mert Aran",Turkey,"March 10, 2017",2012,TV-14,99 min,"Comedies, International Movies, Sports Movies","After a losing streak puts him in debt of 50,000 euros to his sponsors, an unlikely Turkish-German boxer in Berlin finds himself in need of a miracle."
s844,Movie,Berserk: The Golden Age Arc I - The Egg of the King,Toshiyuki Kubooka,"Hiroaki Iwanaga, Takahiro Sakurai, Toa Yukinari, Yuki Kaji, Minako Kotobuki, Takahiro Fujiwara, Yoshiro Matsumoto, Kazuki Yao, Aki Toyosaki, Rikiya Koyama, Kenta Miyake",Japan,"October 15, 2016",2012,TV-MA,77 min,"Action & Adventure, Anime Features, International Movies","Loner Guts is recruited by Griffith and his band of mercenaries, but their ensuing success as a full-fledged army could lead to a horrible fate."
s845,Movie,Berserk: The Golden Age Arc II - The Battle for Doldrey,Toshiyuki Kubooka,"Hiroaki Iwanaga, Takahiro Sakurai, Toa Yukinari, Yuki Kaji, Minako Kotobuki, Takahiro Fujiwara, Yoshiro Matsumoto, Kazuki Yao, Aki Toyosaki, Rikiya Koyama, Kenta Miyake, Nobuyuki Katsube, Houchu Ohtsuka, Takayuki Sugo",Japan,"September 1, 2017",2012,TV-MA,92 min,"Action & Adventure, Anime Features, International Movies","For three years, Guts believed his mission was to pursue Griffith's dream together with him. But in order to become Griffith's equal and truly be called his friend, Guts realizes he will have to leave the Band of the Hawk."
s906,Movie,Big Miracle,Ken Kwapis,"Drew Barrymore, John Krasinski, Kristen Bell, Dermot Mulroney, Tim Blake Nelson, Vinessa Shaw, Ted Danson, Stephen Root, Rob Riggle, Michael Gaston","United States, United Kingdom","September 30, 2018",2012,PG,107 min,"Children & Family Movies, Dramas","After a reporter writes about whales trapped in the Arctic Circle, the U.S. and U.S.S.R. team up to rescue them in this tale inspired by true events."
s910,Movie,Big Time Movie,Savage Steve Holland,"Kendall Schmidt, James Maslow, Carlos PenaVega, Logan Henderson, Ciara Bravo, Challen Cates, Tanya Chisholm, Stephen Kramer Glickman, Trevor Devall, Christopher Shyer","United States, Canada","November 2, 2019",2012,TV-PG,68 min,"Children & Family Movies, Comedies, Music & Musicals","Big Time Rush heads to London for their first world tour, but when the boys' bags are switched, they get mixed up in a mission to save the world."
s919,Movie,Bill Burr: You People Are All the Same,Jay Karas,Bill Burr,United States,"June 30, 2018",2012,TV-MA,69 min,Stand-Up Comedy,"Funnyman Bill Burr takes the stage to uncork a profanity-laced, incisive routine that pokes fun at plastic surgery, reality TV, gold diggers and more."
s944,Movie,Bittoo Boss,Supavitra Babul,"Pulkit Samrat, Ashok Pathak, Tanvir Singh, Amita Pathak, Sunil Shetty, Rajendra Sethi, Mohan Kapoor",India,"July 5, 2020",2012,TV-14,117 min,"Comedies, Dramas, International Movies","When a small-town wedding videographer falls in love, he decides he needs to make more money and turns to shooting sexy videos – with mixed results."
s988,Movie,Blood Money,Vishal Mahadkar,"Manish Chaudhary, Kunal Kemmu, Amrita Puri, Shekar Shukla, Teeshay, Mia Evonne Uyeda",India,"July 5, 2020",2012,TV-14,110 min,"Dramas, International Movies, Romantic Movies","Ambitious Kunal takes a job in the diamond business, but his life is thrown into turmoil when he's drawn into the seedy underworld of his new career."
s1052,TV Show,Borgen,,"Sidse Babett Knudsen, Birgitte Hjort Sørensen, Pilou Asbæk, Emil Poulsen, Freja Riemann, Søren Malling, Thomas Levin, Benedikte Hansen, Mikael Birkkjær, Anders Juul, Lisbeth Wulff, Kasper Lange, Lars Knutzon, Søren Spanning, Christoph Bastrup, Morten Kirkskov, Bjarne Henriksen, Peter Mygind, Ole Thestrup, Iben Dorner, Dar Salim, Jens Albinus, Christian Tafdrup, Alastair Mackenzie, Julie Agnete Vang, Kristian Halken, Ricard Lawrence, Marie Askehave, Rikke Lylloff, Mille Dinesen, Anne Sofie Espersen",Denmark,"September 1, 2020",2012,TV-MA,3 Seasons,"International TV Shows, TV Dramas",A shocking turn of events puts Birgitte Nyborg in the Danish prime minister's seat as her country's first female leader in this landmark drama.
s1127,Movie,Buddies,Marcelo Galvão,"Ariel Goldenberg, Rita Pokk, Breno Viola, Lima Duarte, Marco Luque, Daniel Torres, Monaliza Marchi, Amélia Bittencourt, Giulia de Souza Merigo, Deto Montenegro, Rui Unas",Brazil,"February 15, 2019",2012,TV-MA,103 min,"Comedies, Dramas, Independent Movies","Inspired by the movie ""Thelma & Louise,"" three young people with Down syndrome leave the institution where they live to take a road trip together."
s1138,Movie,Bully,Lee Hirsch,,United States,"September 29, 2020",2012,PG-13,98 min,Documentaries,This eye-opening documentary tracks the stories of five different families whose children are struggling to defend themselves from school bullies.
s1149,TV Show,Burnistoun,,"Iain Connell, Robert Florence, Kirsty Strain, Richard Rankin, Allan Miller, Louise Stewart",United Kingdom," October 1, 2019",2012,TV-MA,2 Seasons,"British TV Shows, TV Comedies","This sketch series focuses on the eccentric characters in a small Scottish town, including bumbling cops, ""DJ Jesus"" and a disgruntled serial killer."
s1155,Movie,Bwakaw,Jun Lana,"Eddie Garcia, Princess, Rez Cortez, Bibeth Orteza, Joey Paras, Allan Paule, Beverly Salviejo, Soxy Topacio, Armida Siguion-Reyna, Luz Valdez, Gardo Versoza","Philippines, Canada, United Kingdom, United States","December 16, 2020",2012,TV-MA,110 min,"Dramas, International Movies, LGBTQ Movies","Gruff and alone, retiree Rene rejects most human contact but begins to soften when he comes to terms with his homosexuality."
s1192,TV Show,Can We Get Married?,,"Sung Jun, So-min Jung, Sung-min Kim, Ae-yeon Jeong, Mi-sook Lee, Eun-sook Sunwoo, Seok-woo Kang, Young-kwang Kim, Han Groo, Jin-soo Kim",South Korea,"May 22, 2017",2012,TV-14,1 Season,"International TV Shows, Korean TV Shows, Romantic TV Shows","On the cusp of marriage or divorce, four couples consider the meaning of love, sharing a life, meddling families and the weight of their commitment."
s1215,TV Show,Care Bears: Welcome to Care-a-Lot,,"David Lodge, Patty Mattson, Doug Erholtz, Stephanie Sheh, Nayo Wallace, Michael Sinterniklaas, Michaela Dean",United States,"August 2, 2019",2012,TV-Y,1 Season,Kids' TV,"Nestled in a faraway cloud is a rainbow-colored world called Care-a-Lot, home to the magical Care Bears who each have a special talent."
s1230,Movie,Casa de mi Padre,Matt Piedmont,"Will Ferrell, Gael García Bernal, Diego Luna, Genesis Rodriguez, Pedro Armendáriz Jr., Nick Offerman, Efren Ramirez, Adrian Martinez","United States, Mexico","November 14, 2012",2012,R,84 min,Comedies,Will Ferrell stars as a Spanish-speaking cowboy in this comedy about a Mexican clan trying to rescue their ranch from greedy creditors.
s1255,Movie,Celluloid Man,Shivendra Singh Dungarpur,P.K. Nair,India,"April 1, 2017",2012,TV-PG,156 min,"Documentaries, International Movies","This documentary chronicles the philosophy and life's work of archivist P.K. Nair, who made a mission of preserving Indian cinema’s rich history."
s1313,Movie,Chernobyl Diaries,Bradley Parker,"Ingrid Bolsø Berdal, Dimitri Diatchenko, Olivia Taylor Dudley, Devin Kelley, Jesse McCartney, Nathan Phillips, Jonathan Sadowski, Alex Feldman, Kristof Konrad, Pasha D. Lychnikoff",United States,"August 1, 2018",2012,R,88 min,"Horror Movies, Thrillers","A group of kids takes an illegal tour through an abandoned city near Chernobyl, where mysterious humanoid forms begin to haunt their steps..."
s1318,Movie,Chhota Bheem and the Curse of Damyaan,Rajiv Chilaka,"Kaustav Ghosh, Jigna Bhardwaj, Chutki, Rajesh Kava, Mausam, Guru Shambu, Arun Shekar, Julie Tejwani, Anamaya Verma",India,"April 1, 2020",2012,TV-Y7,87 min,Children & Family Movies,An evil demon who traded his freedom for immortality lures Chhota Bheem and his friends to the city of Sonapur with tales of hidden treasure.
s1344,Movie,Chittagong,Bedabrata Pain,"Manoj Bajpayee, Barry John, Delzad Hiwale, Vega Tamotia, Nawazuddin Siddiqui, Rajkummar Rao, Jaideep Ahlawat, Vijay Varma, Dibyendu Bhattacharya","United States, India, Bangladesh","January 1, 2018",2012,NR,105 min,"Dramas, Independent Movies, International Movies","In the turbulent 1930s of British colonial India, a teenager joins a ragtag army of schoolboys determined to overthrow their foreign conquerors."
s1365,Movie,Christmas Crush,Marita Grabiak,"Rachel Boston, Jonathan Bennett, Jon Prescott, Sunny Mabrey, Julia Voth, Elizabeth Lauren Hoffman, Eileen April Boylan, Josh Crotty","Canada, United States","November 4, 2019",2012,TV-PG,87 min,"Comedies, Romantic Movies",Twentysomething Georgia pines for her old boyfriend and is thrilled to have a second chance at love when she attends their high school reunion.
s1413,TV Show,Classic Legends,,Javed Akhtar,India,"May 15, 2017",2012,TV-PG,1 Season,"Docuseries, International TV Shows",This documentary series explores the glamour of Bollywood through the stories of the men and women who have illuminated its screens.
s1425,Movie,Cloud Atlas,"Lilly Wachowski, Lana Wachowski, Tom Tykwer","Tom Hanks, Halle Berry, Jim Broadbent, Hugo Weaving, Jim Sturgess, Doona Bae, Ben Whishaw, Keith David, James D'Arcy, Zhou Xun","Germany, United States, Hong Kong, Singapore","August 1, 2017",2012,R,172 min,"Action & Adventure, Cult Movies, Dramas","In this star-studded drama, six seemingly disparate stories explore the complicated links that humanity shares through the generations."
s1467,TV Show,Color of Woman,,"Jae Hee, Soo-kyung Lee, So-yi Yoon, Ji-ho Shim, Sang-Myeon Park, Joo-young Kim",South Korea,"December 15, 2016",2012,TV-PG,1 Season,"International TV Shows, Korean TV Shows, Romantic TV Shows","Two women at a cosmetics company compete for love and success. One uses her brain and diligence, while the other works her beauty and charm."
s1600,TV Show,Dangerous Roads,,"Adrian Dunbar, Sue Perkins, Charley Boorman, Rhod Gilbert, Greg Davies, Ben Fogle, Hugh Dennis, Ed Byrne, Andy Parsons, Liza Tarbuck, David Baddiel",United Kingdom," February 1, 2019",2012,TV-MA,2 Seasons,"British TV Shows, Docuseries","Using various 4x4 vehicles, celebrities steer their way across some of the most infamous roads and trickiest terrains on earth."
s1663,Movie,Dear Dracula,Chad Van De Keere,"Nathan Gamble, Ray Liotta, Emilio Estevez, Ariel Winter, Matthew Lillard, Yuri Lowenthal, Marion Ross, Tara Strong",United States,"February 18, 2016",2012,TV-Y7-FV,43 min,"Children & Family Movies, Comedies","When he gets a fan letter from a young monster movie buff, Dracula visits him and soon has a new friend helping him to get his confidence back."
s1788,Movie,Django Unchained,Quentin Tarantino,"Jamie Foxx, Christoph Waltz, Leonardo DiCaprio, Kerry Washington, Samuel L. Jackson, Walton Goggins, Dennis Christopher, James Remar, David Steen, Dana Gourrier, Nichole Galicia, Laura Cayouette, Ato Essandoh, Sammi Rotibi, Escalante Lundy, Don Johnson",United States,"April 25, 2020",2012,R,165 min,"Action & Adventure, Dramas","Accompanied by a German bounty hunter, a freed slave named Django travels across America to free his wife from a sadistic plantation owner."
s1823,Movie,Donald Glover: Weirdo,"Shannon Hartman, Michelle Caputo",Donald Glover,United States,"November 19, 2016",2012,TV-MA,65 min,Stand-Up Comedy,"Fearlessly funny stand-up comic and sitcom star Donald Glover puts on a live show in New York, confessing his love for Cocoa Puffs and Toys ""R"" Us."
s1844,Movie,Dr. Seuss' The Lorax,"Chris Renaud, Kyle Balda","Danny DeVito, Ed Helms, Taylor Swift, Zac Efron, Betty White, Rob Riggle, Jenny Slate, Nasim Pedrad, Joel Swetow, Michael Beattie, Stephen Tobolowsky","United States, France","July 7, 2020",2012,PG,86 min,Children & Family Movies,The forest-dwelling Lorax has to stop the short-sighted Once-ler from ruining the environment for profit in this adaptation of the Dr. Seuss classic.
s1941,Movie,Ek Main Aur Ekk Tu,Shakun Batra,"Kareena Kapoor, Imran Khan, Boman Irani, Ram Kapoor, Ratna Pathak Shah, Zenobia Shroff, Soniya Mehra, Akshat Verma, Dana Lewis, Rajesh Khattar",India,"October 1, 2018",2012,TV-14,106 min,"Comedies, International Movies, Romantic Movies",Bollywood stars Imran Khan and Kareena Kapoor pair up to play exceptionally dissimilar lovers in this lighthearted romantic comedy.
s1943,Movie,El último testigo,Philipp Stölzl,"Aaron Eckhart, Liana Liberato, Olga Kurylenko, Garrick Hagon, Eric Godon, Yassine Fadel, Neil Napier, David Bark-Jones, Alexander Fehling, Nick Alachiotis, Jade Hassouné","United States, Canada, Belgium, United Kingdom","February 4, 2018",2012,R,105 min,Action & Adventure,A security expert and ex-CIA agent living in Belgium must go on the run with his estranged teen daughter when they're both marked for assassination.
s1972,Movie,Elena,Petra Costa,,"Brazil, United States","September 1, 2019",2012,TV-14,81 min,"Documentaries, International Movies","In this documentary, the director remembers a sister who left behind her life under Brazil’s dictatorship and moved to New York with dreams of acting."
s2003,Movie,End of Watch,David Ayer,"Jake Gyllenhaal, Michael Peña, Natalie Martinez, Anna Kendrick, David Harbour, Frank Grillo, America Ferrera, Cle Sloan, Jaime FitzSimons, Cody Horn, Shondrella Avery, America Ferrara",United States,"November 23, 2019",2012,R,109 min,Action & Adventure,"Officers Taylor and Zavala patrol the streets of South Central Los Angeles, an area of the city ruled by gangs and riddled with drug violence."
s2023,Movie,Eric ldle's What About Dick?,"Eric Idle, Aubrey Powell","Russell Brand, Billy Connolly, Tim Curry, Eric Idle, Eddie Izzard, Jane Leeves, Jim Piddock, Tracey Ullman, Sophie Winkleman",United States,"October 2, 2018",2012,TV-MA,81 min,"Comedies, Music & Musicals","In a madcap stage play from Monty Python icon Eric Idle, comic greats perform the decline and fall of the British Empire ... as told through a piano."
s2064,Movie,Exit Strategy,Michael Whitton,"Jameel Saleem, Kimelia Weathers, Quincy Harris, Big Boy, Kevin Hart, Misty Alli, Noelle Balfour, Sid Burston, Carlos Castillo, Liz Hernandez, Nick Sinise",United States,"March 3, 2019",2012,NR,79 min,"Comedies, Romantic Movies","When James's living situation turns sour, he has little choice but to move in with his new girlfriend – a decision he almost immediately regrets."
s2130,TV Show,Fate/Zero,,"Rikiya Koyama, Ayako Kawasumi, Sayaka Ohara, Sho Hayami, Tomokazu Seki, Jouji Nakata, Akina Abe, Takumi Yamasaki, Hikaru Midorikawa, Daisuke Namikawa",Japan,"June 15, 2019",2012,TV-MA,2 Seasons,"Anime Series, International TV Shows","After three unsettled battles for the mystical Holy Grail, an artifact that grants a miracle to those who hold it, a fourth war begins."
s2134,Movie,Fatso,Rajat Kapoor,"Ranvir Shorey, Gul Panag, Purab Kohli, Neil Bhoopalam, Gunjan Bakshi, Saurabh Shukla, Atul Kumar, Brijendra Kala, Bharati Achrekar, Rahul Vohra",India,"February 15, 2019",2012,TV-14,97 min,"Comedies, Dramas, International Movies","Killed too soon due to a clerical error in heaven, a man is sent back to earth with a new lease on life, this time in the body of his portly friend."
s2144,Movie,Felipe Esparza: They're Not Going to Laugh at You,Scott L. Montoya,Felipe Esparza,United States,"July 3, 2018",2012,TV-MA,58 min,Stand-Up Comedy,"""Last Comic Standing"" winner Felipe Esparza runs riot in his first comedy special with his wry comments on life as a wild man from East Los Angeles."
s2150,Movie,Ferrari Ki Sawaari,Rajesh Mapuskar,"Sharman Joshi, Boman Irani, Ritwik Sahore, Paresh Rawal, Deepak Shirke, Satyadeep Misra, Aakash Dabhade, Nilesh Diwekar, Vidya Balan",India,"August 1, 2019",2012,TV-PG,133 min,"Comedies, International Movies, Sports Movies",A father winds up involved with a stolen Ferrari as he tries to acquire the money to send his son to the leading cricket academy.
s2174,Movie,Fire in the Blood,Dylan Mohan Gray,William Hurt,India,"May 13, 2020",2012,TV-14,83 min,"Documentaries, International Movies",Dylan Mohan Gray examines Africa's AIDS crisis and activists' battle with pharmaceutical companies to make life-saving HIV drugs more affordable.
s2224,Movie,For Greater Glory,Dean Wright,"Rubén Blades, Bruce Greenwood, Bruce McGill, Peter O'Toole, Andy Garcia, Nestor Carbonell, Eduardo Verástegui, Catalina Sandino Moreno, Eva Longoria, Santiago Cabrera, Adrian Alonso, Oscar Isaac, Mauricio Kuri",Mexico,"August 2, 2019",2012,R,145 min,"Dramas, International Movies","When a vicious war against Catholics is waged in Mexico in the 1920s, a retired general joins the militia fighting to preserve religious freedom."
s2256,Movie,Frances Ha,Noah Baumbach,"Greta Gerwig, Mickey Sumner, Charlotte d'Amboise, Adam Driver, Hannah Dunne, Michael Esper, Grace Gummer, Patrick Heusinger, Josh Hamilton, Cindy Katz, Maya Kazan, Justine Lupe, Britta Phillips, Juliet Rylance, Dean Wareham, Michael Zegen","United States, Brazil","October 1, 2017",2012,R,86 min,"Comedies, Dramas, Independent Movies","Determined to make it as a modern dancer in New York, a young woman pursues her unlikely goal with more enthusiasm than natural talent."
s2342,Movie,Game Over,Ahmed Al-Badry,"Yousra, Mai Ezz El-Din, Ezzat Abou Aouf, Mohamed Nour",Egypt,"May 19, 2020",2012,TV-14,96 min,"Comedies, International Movies, Romantic Movies",A woman ends up working at the same nightclub as her son’s girlfriend — who she doesn’t like — and tries to break up their relationship.
s2403,TV Show,Ghost Town Gold,,"Brit Eaton, Scott Glaves",United States,"October 2, 2019",2012,TV-14,1 Season,Reality TV,"Two history buffs with an eye for valuables traverse through forgotten mines and abandoned landmarks in the wild, wild West to score collectibles."
s2418,Movie,Ginger & Rosa,Sally Potter,"Elle Fanning, Alessandro Nivola, Christina Hendricks, Alice Englert, Timothy Spall, Oliver Platt, Annette Bening, Jodhi May, Oliver Milburn, Andrew Hawley","United Kingdom, Denmark, Canada, Croatia","July 15, 2018",2012,PG-13,90 min,"Dramas, Independent Movies","With the Cold War looming over them, teen best pals Ginger and Rosa share everything in early 1960s London – until betrayal drives them apart."
s2432,TV Show,Girls und Panzer,Tsutomu Mizushima,"Mai Fuchigami, Ai Kayano, Mami Ozaki, Ikumi Nakagami, Yuka Iguchi, Misato Fukuen, Mikako Takahashi, Kana Ueda",Japan,"December 15, 2019",2012,TV-PG,1 Season,"Anime Series, International TV Shows",Miho Nishizumi tries to escape her family's tradition of tankery by enrolling at a new high school. Instead she gets back into the sport with friends.
s2443,Movie,GLOW: The Story of the Gorgeous Ladies of Wrestling,Brett Whitcomb,,United States,"March 31, 2017",2012,NR,77 min,"Documentaries, Sports Movies","This engaging documentary chronicles the 1980s phenomenon ""The Gorgeous Ladies of Wrestling,"" which elevated its female grapplers to star status."
s2484,Movie,Good Luck,Tarek Abdel Moaty,"Ahmed Eid, May Kassab, Diaa El Merghany, Samy Maghawry, Badria Tolba, Hassan Abdulfattah, Ahmed Safwat, Sayed Sadek, Laila Gamal",Egypt,"June 21, 2019",2012,TV-MA,99 min,"Dramas, International Movies","Seeking an apartment to share with his wife, an apolitical man starts to question his own modest goals as revolution swirls around him."
s2493,TV Show,Goodbye My Wife,,"Soo-hyun Hong, Si Won Ryu, Ji-yoon Park, Min-soo Kim, Julien Kang, Joo-eun Oh, Seong-mo Jeong",South Korea,"December 15, 2016",2012,TV-14,1 Season,"International TV Shows, Korean TV Shows, Romantic TV Shows",A couple’s five-year marriage is put on the line when each of their first loves comes back hoping for another shot at romance.
s2504,TV Show,Gossip Girl,,"Blake Lively, Leighton Meester, Penn Badgley, Chace Crawford, Ed Westwick, Kelly Rutherford, Matthew Settle, Taylor Momsen, Jessica Szohr, Zuzanna Szadkowski, Connor Paolo",United States," October 8, 2013",2012,TV-14,6 Seasons,"TV Dramas, Teen TV Shows",A group of hyperprivileged Manhattan private-school kids seem to get away with everything. Except an anonymous blogger is watching their every move.
s2518,Movie,Grandmaster,B. Unnikrishnan,"Mithra Kurian, Anoop Menon, Mohanlal, Narein, Priyamani, Roma, Siddique, Jagathy Sreekumar",India,"November 1, 2018",2012,TV-14,133 min,"International Movies, Thrillers","Anticipating the next move in a serial killer's grisly game, a police chief realizes that his daughter and estranged wife are the next likely victims."
s2573,Movie,Habibie & Ainun,Faozan Rizal,"Reza Rahadian, Bunga Citra Lestari, Tio Pakusadewo, Ratna Riantiarno, Mike Lucock, Vitta Mariana Barrazza, Christoffer Nelwan","Indonesia, Singapore","January 28, 2019",2012,TV-14,125 min,"Dramas, International Movies, Romantic Movies","This companion to 2016's ""Rudy Habibie"" traces the relationship between Indonesia’s third president and his wife behind the scenes of their public lives."
s2608,TV Show,Happy And,,"Hee-Jin Lee, Hae-seong Kwon, Paul Stafford, Mi-ji Lee, Ik-tae Kim, Ki-hyeon Kim",South Korea,"December 15, 2016",2012,TV-14,1 Season,"International TV Shows, Korean TV Shows, TV Dramas",This relatable relationship drama explores the real-life trials and joys of married life through the lens of 11 different wives.
s2712,Movie,Heroine,Madhur Bhandarkar,"Kareena Kapoor, Arjun Rampal, Randeep Hooda, Divya Dutta, Govind Namdeo, Sanjay Suri, Mugdha Godse, Shahana Goswami, Ranvir Shorey, Lillete Dubey",India,"November 1, 2018",2012,TV-MA,143 min,"Dramas, International Movies",One woman experiences the dramatic highs and lows of fame in this voyeuristic glimpse past the glitz and glamour of a Bollywood superstar's life.
s2756,Movie,Hit & Run,"David Palmer, Dax Shepard","Kristen Bell, Dax Shepard, Kristin Chenoweth, Tom Arnold, Bradley Cooper, Jess Rowland, Ryan Hansen, Beau Bridges, Michael Rosenbaum, David Koechner, Joy Bryant",United States,"November 8, 2019",2012,R,100 min,"Action & Adventure, Comedies, Romantic Movies","Determined to get his fiancée to L.A. to take advantage of an amazing opportunity, Charlie breaks out of the witness protection program to drive her."
s2832,Movie,House at the End of the Street,Mark Tonderai,"Gil Bellows, Max Thieriot, Jennifer Lawrence, Elisabeth Shue, Jordan Hayes, James Thomas, Eva Link, Nolan Gerard Funk, Allie MacDonald, Krista Bridges","United States, Canada","May 8, 2020",2012,PG-13,101 min,"Horror Movies, Thrillers",Moving to a new town proves even more stressful for a teenager when she learns that the house next door was the site of a double murder.
s2855,Movie,Hridaynath,Amar Gupte,"Jackie Shroff, Aditya Pancholi, Swarangi Maharte, Ameya Hunaswadkar, Urmila Matondkar",India,"January 1, 2018",2012,TV-14,103 min,"Dramas, International Movies",A schoolteacher known for his good deeds and benevolence takes a walk on the dark side after undergoing a heart transplant.
s2877,Movie,Husbands in Goa,Saji Surendran,"Jayasurya, Indrajith, Asif Ali, Lal, Bhama, Ramya Nambeeshan, Rima Kallingal, Praveena",India,"November 1, 2018",2012,TV-14,150 min,"Comedies, International Movies, Music & Musicals","Three professional friends, all husbands living with domineering wives, take a well-deserved vacation in the resort city of Goa."
s2955,TV Show,Immortal Classic,,"Jae-suk Han, Sun-Young Park, Du-shim Ko, Ye-jin Lim, Jong-hwan Choi, Ha-Nui Lee, Yun-Hoo Ko, Byeong-Ki Kim, Sun-kyung Kim, Yoon-Sik Baek",South Korea,"December 15, 2016",2012,TV-14,1 Season,"International TV Shows, Korean TV Shows, TV Dramas","Two renowned culinary families led by legendary food icons battle for the position of greatest chef, while protecting their secret kimchee recipes."
s2957,Movie,Imperfect,Steve Cheng,"Edwin Goh, Ian Fang Weijie, Phua Yida, Kimberly Chia",Singapore,"December 20, 2018",2012,TV-MA,95 min,"Action & Adventure, International Movies","After a brawl lands him in a Boys’ Home, a teen seems to be on a promising path until loyalty to his gangster buddy leads to even bigger trouble."
s2961,TV Show,In Between,,"Janel Tsai, Johnny Lu, Darren Chiu, Vivi Lee, Patrick Lee, Fan Kuang-yao",Taiwan,"January 1, 2017",2012,TV-14,1 Season,"International TV Shows, Romantic TV Shows, TV Comedies",An author having trouble finishing his new romance novel because he's lost faith in love regains his romantic soul after meeting a flight attendant.
s3005,TV Show,Ink Master,,"Dave Navarro, Chris Nuñez, Oliver Peck",United States,"December 1, 2020",2012,TV-14,2 Seasons,Reality TV,"Ten of the country's most skilled tattoo artists compete for $100,000 and the title of Ink Master in this high-stakes elimination competition."
s3079,Movie,It's Fine,Ismail Farouk,"Saad El Soghayar, Amar, Mohamed Ramadan, Kareem Mahmoud Abdel Aziz, Ayten Amer, Aminaa Alfakharani, Genna Amr, Lotfy Labib, Mahmoud Ellithy",,"May 3, 2019",2012,TV-14,101 min,"Comedies, International Movies, Music & Musicals","When a beautiful belly-dancer moves into their apartment building, a group of unhappily married men strives to get her attention."
s3118,Movie,Jalpari: The Desert Mermaid,Nila Madhab Panda,"Lehar Khan, Krishang Trivedi, Parvin Dabas, Suhasini Mulay, V.M. Badola, Tannishtha Chatterjee, Rahul Singh, Harsh Mayar",India,"May 19, 2018",2012,TV-14,94 min,"Dramas, Independent Movies, International Movies","When they travel to their father's ancestral village, city kids expecting a natural paradise instead find a poor, dusty town that harbors secrets."
s3138,Movie,Jeff Dunham: Minding the Monsters,Manny Rodriguez,Jeff Dunham,United States,"March 15, 2019",2012,TV-MA,80 min,Stand-Up Comedy,"Jeff Dunham returns with a haunted house full of his hysterical entourage, and each character stars in its own horror movie trailer."
s3170,Movie,Jim Gaffigan: Mr. Universe,Jay Karas,Jim Gaffigan,United States,"August 11, 2016",2012,TV-14,77 min,Stand-Up Comedy,"Funnyman Jim Gaffigan offers up his unique take on everything from Disney World to overweight whales in this live show from Washington, D.C."
s3194,Movie,Joan Rivers: Don't Start with Me,Scott L. Montoya,Joan Rivers,United States,"July 3, 2018",2012,TV-MA,69 min,Stand-Up Comedy,"At 78, Joan Rivers has no interest in slowing down, and no one's immune from her caustic barbs in this stand-up special."
s3203,Movie,John Carter,Andrew Stanton,"Taylor Kitsch, Lynn Collins, Samantha Morton, Willem Dafoe, Thomas Haden Church, Mark Strong, Ciarán Hinds, Dominic West, James Purefoy, Bryan Cranston, Polly Walker, Daryl Sabara, Art Malik, Eileen Page, Amanda Clayton, Davood Ghadami, Daniel O'Meara, Jill Baker, Josh Daugherty, Oliver Boot, Philip Arditti, Arkie Reece, Joe Billingiere, Don Stark, Darwin Shaw, Figs Jackman, David Schwimmer, Emma Clifford, Christopher Goodman, Cate Fowler, Sean Carrigan, Dusty Sorg, Steven Cree, Phil Cheadle, Holly Weston, Nicholas Woodeson, Rupert Frazer, Edmund Kente",United States,"May 2, 2019",2012,PG-13,133 min,"Action & Adventure, Sci-Fi & Fantasy","One minute, Civil War veteran John Carter is evading Apaches; the next, he's waking up on Mars, a once-fruitful planet that's devolved into chaos."
s3210,Movie,John Mulaney: New in Town,Ryan Polito,John Mulaney,United States,"April 1, 2018",2012,TV-MA,60 min,Stand-Up Comedy,"Stand-up comedian John Mulaney tackles such red-hot topics as quicksand, Motown singers and an elderly man he once met in a bathroom."
s3216,Movie,Joker,Shirish Kunder,"Akshay Kumar, Sonakshi Sinha, Shreyas Talpade, Minissha Lamba, Pitobash, Darshan Jariwala, Alexx O'Nell, Asrani, Sanjay Mishra, Vrijesh Hirjee",India,"August 2, 2018",2012,TV-PG,98 min,"Comedies, International Movies, Music & Musicals",A remote village situated neither in India or Pakistan becomes its own republic after inmates at the local mental asylum bust loose and take over.
s3255,TV Show,Justice in the City,,"Chris Tong, Shaun Chen, Emily Lim, Remus Kam, Zhang Shui Fa",,"October 1, 2017",2012,TV-14,1 Season,"International TV Shows, TV Dramas","Repeatedly on opposite sides of civil cases, two lawyers fall in love outside the courtroom, but circumstances hinder their romance from blossoming."
s3259,TV Show,Justin Time,,"Gage Munroe, Scott McCord, Jenna Warren",Canada,"April 1, 2016",2012,TV-Y,2 Seasons,Kids' TV,"In Justin's dreams, he and his imaginary friends Olive and Squidgy travel around the world learning about nature and other cultures."
s3262,TV Show,K,,"Daisuke Namikawa, Daisuke Ono, Mikako Komatsu, Kenjiro Tsuda, Tomokazu Sugita, Yui Horie, Takahiro Sakurai, Jun Fukuyama, Yuichi Nakamura, Miyuki Sawashiro, Mamoru Miyano, Satomi Sato, Yuki Kaji, Tetsuya Kakihara, Shozo Iizuka",Japan,"December 1, 2016",2012,TV-MA,1 Season,"Anime Series, Crime TV Shows, International TV Shows","A young boy is wanted for a crime he has no recollection of committing and must go on the run, hunted by two powerful kings and their forces."
s3266,TV Show,K-POP Extreme Survival,,"Jung Eun Kim, Yu-hwan Park, Eun-ah Go, Yong Hwan Kwak, Jin Hyuk",South Korea,"December 15, 2016",2012,TV-14,1 Season,"International TV Shows, Korean TV Shows, Romantic TV Shows",Seung Yeon decides to chase her dream of becoming a K-pop star and audition for a popular group. There's only one catch: It's a boy band.
s3286,Movie,Kahaani,Sujoy Ghosh,"Vidya Balan, Parambrata Chatterjee, Dhritiman Chatterjee, Saswata Chatterjee, Indraneil Sengupta, Nawazuddin Siddiqui, Darshan Jariwala, Masood Akhtar, Riddhi Sen",India,"June 26, 2019",2012,TV-14,122 min,"International Movies, Music & Musicals, Thrillers","Pregnant and alone in the city of Kolkata, a woman begins a relentless search for her missing husband, only to find that nothing is what it seems."
s3292,Movie,Kalakalappu,Sundar C.,"Vimal, Anjali, Shiva, Oviya, Santhanam, John Vijay, M. Ilavarasu, Manobala",India,"November 1, 2018",2012,TV-14,154 min,"Comedies, International Movies, Music & Musicals","Cheenu dreams of resurrecting the restaurant he has inherited to its former glory, but his brother, a compulsive gambler, loses the place to a cop."
s3316,Movie,Kath & Kimderella,Ted Emery,"Jane Turner, Gina Riley, Magda Szubanski, Glenn Robbins, Peter Rowsthorn, Rob Sitch, Richard E. Grant, Barry Humphries, Erin Mullally, Jessica De Gouw",Australia,"July 28, 2018",2012,TV-14,86 min,Comedies,"Chipper baby boomer Kath, diva daughter Kim and hapless pal Sharon visit Papilloma, Italy, where a royal romance and knockoff fashions await."
s3324,Movie,Katt Williams: Kattpacalypse,Marcus Raboy,Katt Williams,United States,"July 3, 2018",2012,TV-MA,61 min,Stand-Up Comedy,"Urban comic Katt Williams ushers in Kattpacalypse, exploding with more energy than an atomic bomb and riffing on everything from Doomsday to Obama."
s3393,Movie,Killing Them Softly,Andrew Dominik,"Brad Pitt, Scoot McNairy, Ben Mendelsohn, Richard Jenkins, James Gandolfini, Ray Liotta, Vincent Curatola, Slaine, Max Casella, Trevor Long, Sam Shepard",United States,"March 30, 2020",2012,R,97 min,Dramas,"When a couple low-level crooks rob a Mob-protected poker game, a slick enforcer is hired to track down the offenders and take care of business."
s3401,TV Show,King’s War,,"Chen Daoming, Peter Ho, Duan Yihong, Qin Lan, Li Yixiao, Yang Lixin, You Yong, Yu Hewei",China,"July 7, 2017",2012,TV-14,1 Season,"International TV Shows, TV Dramas","In 210 B.C., during the upheaval following the death of Emperor Qin, insurgent warriors Xiang Yu and Liu Bang fight for control of the Chinese empire."
s3429,TV Show,KO One Return,,"Jiro Wang, Pets Tseng, Sam Lin, Xu Ming-jie, Sylvia Wang, Monkey Shao, Zhang Hao Ming, Na Wei-hsun",,"April 30, 2019",2012,TV-MA,1 Season,"International TV Shows, TV Comedies, TV Dramas","A time quake propels Wang Dadong into the future, where he encounters a classmate named King who presides over the KO One."
s3438,Movie,Kon-Tiki,"Joachim Rønning, Espen Sandberg","Pål Sverre Hagen, Anders Baasmo Christiansen, Tobias Santelmann, Gustaf Skarsgård, Odd Magnus Williamson, Jakob Oftebro, Agnes Kittelsen, Peter Wight, Amund Hellum Noraker, Eilif Hellum Noraker","United Kingdom, Norway, Denmark, Germany, Sweden","April 26, 2019",2012,PG-13,96 min,"Action & Adventure, Dramas, International Movies","With five loyal friends in tow, explorer Thor Heyerdahl sails a fragile balsa wood raft along an ancient path some 4,300 miles across the Pacific."
s3448,Movie,Krish Trish and Baltiboy: Comics of India,Tilak Shetty,"Damandeep Singh Baggan, Smita Malhotra, Baba Sehgal",,"September 8, 2017",2012,TV-Y7,61 min,Children & Family Movies,"In three comic-strip-style tales, a boy tries to sell wisdom, a demon is released from captivity, and a king assigns impossible tasks to his minister."
s3477,Movie,Kurtulus Son Durak,Yusuf Pirhasan,"Belçim Bilgin, Demet Akbağ, Asuman Dabak, Ayten Soykök, Damla Sönmez, Mete Horozoğlu, Ahmet Mümtaz Taylan, Yavuz Bingöl, Hüseyin Soysalan, Tolga Karaçelik, Nihal Yalçın",Turkey,"March 10, 2017",2012,TV-MA,100 min,"Comedies, Dramas, International Movies","When a recently single psychologist moves to a new neighborhood, she finds friendship with women starting to rebel against years of domestic abuse."
s3493,TV Show,La Familia P. Luche,,"Eugenio Derbez, Consuelo Duval, Luis Manuel Ávila, Regina Blandón, Miguel Perez, Barbara Torres, Dalilah Polanco, Pierre Angelo",United States,,2012,TV-14,3 Seasons,"International TV Shows, Spanish-Language TV Shows, TV Comedies","This irreverent sitcom featues Ludovico, Federica and their three children Bibi, Junior and Ludoviquito, living in Ciudad P. Luche."
s3541,Movie,Last Flight to Abuja,Obi Emelonye,"Omotola Jalade-Ekeinde, Hakeem Kae-Kazim, Jim Iyke, Ali Nuhu, Jide Kosoko, Anthony Monjaro, Jennifer Oguzie, Uru Eke, Celine Loader","Nigeria, United Kingdom","June 16, 2020",2012,TV-14,76 min,"Dramas, International Movies","When disaster strikes mid-flight, a commercial plane's frantic passengers confront their pasts and the possibility of death. Based on true events."
s3550,Movie,Lawless,John Hillcoat,"Shia LaBeouf, Jessica Chastain, Jason Clarke, Guy Pearce, Lew Temple, Gary Oldman, Tim Tolin, Dane DeHaan, Mia Wasikowska, Chris McGarry, Tom Hardy",United States,"December 29, 2019",2012,R,116 min,Dramas,"This true-to-life action saga profiles Virginia's bootlegging Bondurant brothers, whose exploits during the Prohibition era made them outlaw heroes."
s3551,TV Show,Laws of Attraction,,"Wayne Chua, Frederick Lee, Steve Yap, Tiffany Leong, Aenie Wong, Kyo Chen, Angie Seow",,"October 16, 2017",2012,TV-14,1 Season,"International TV Shows, Romantic TV Shows, TV Comedies","Four couples – a speed-dating pair, a husband and wife, a man living with an older woman and co-workers with opposite views – weather ups and downs."
s3604,Movie,Les Misérables,Tom Hooper,"Hugh Jackman, Russell Crowe, Anne Hathaway, Amanda Seyfried, Sacha Baron Cohen, Helena Bonham Carter, Eddie Redmayne, Aaron Tveit, Samantha Barks, Daniel Huttlestone","United Kingdom, United States","August 16, 2020",2012,PG-13,158 min,"Dramas, International Movies, Music & Musicals","The musical version of Victor Hugo's epic tale of love and sacrifice, first produced for the stage in 1985, now receives the big-screen treatment."
s3627,Movie,Life Ki Toh Lag Gayi,Rakesh Mehta,"Kay Kay Menon, Ranvir Shorey, Manu Rishi Chadha, Pradhuman Singh, Neha Bhasin, Jackie Shroff, Asrani, Neeraj Vora, Sharat Saxena, Tom Alter",India,"December 28, 2018",2012,TV-MA,109 min,"Action & Adventure, Comedies, Dramas","A vengeful son, a cop on a mission, a wannabe actress and a jilted lover find their lives intermingling in unexpected ways over 24 hours in Mumbai."
s3646,TV Show,Limmy's Show!,,"Brian Limond, Debbie Welsh, Tom Brogan, Raymond Mearns, Kirstin McLean",United Kingdom," October 1, 2019",2012,TV-MA,2 Seasons,"British TV Shows, TV Comedies","Scottish comic Brian ""Limmy"" Limond headlines this sketch series featuring him in various roles from a TV psychic to costumed adventurer ""Falconhoof."""
s3647,Movie,Lincoln,Steven Spielberg,"Daniel Day-Lewis, Sally Field, David Strathairn, Joseph Gordon-Levitt, James Spader, Hal Holbrook, Tommy Lee Jones, Jackie Earle Haley, John Hawkes, Jared Harris, Joseph Cross, Tim Blake Nelson, David Oyelowo, Bruce McGill","United States, India","February 21, 2018",2012,PG-13,150 min,Dramas,"Director Steven Spielberg takes on the towering legacy of Abraham Lincoln, focusing on his stewardship of the Union during the Civil War years."
s3701,Movie,Lockout,"James Mather, Steve Saint Leger","Guy Pearce, Maggie Grace, Joseph Gilgun, Vincent Regan, Lennie James, Peter Stormare, Jacky Ido, Tim Plester, Mark Tankersley, Anne-Solenne Hatte","France, United States","May 7, 2020",2012,PG-13,95 min,"Action & Adventure, International Movies, Sci-Fi & Fantasy",A government agent wrongly accused of a crime gets a shot at freedom if he can engineer a high-risk rescue mission to outer space.
s3725,TV Show,Los tiempos de Pablo Escobar,Alessandro Angulo,,Colombia,"August 1, 2018",2012,TV-14,1 Season,"Crime TV Shows, Docuseries, International TV Shows","Featuring never-before-seen images, personal testimonies and more, this is the story of one of the most notorious drug smugglers of all time."
s3767,TV Show,Love Me or Leave Me,,"Ann Hsu, Chris Wang, Alan Kuo, K'ang-i Lee, Albee Huang",Taiwan,"November 1, 2016",2012,TV-14,1 Season,"International TV Shows, Romantic TV Shows, TV Comedies","When a marriage-phobic woman hires a seductress to test how faithful her eager-to-wed boyfriend is, her plan takes an unexpected turn."
s3769,TV Show,Love Now,,"Annie Chen, George Hu, Bobby Dou, Vivi Lee, Harry Chang, Esther Yang, Mandy Wei",Taiwan,"November 1, 2016",2012,TV-14,1 Season,"International TV Shows, Romantic TV Shows, TV Comedies","When her loved ones cook up a morbid plan to make her take time off from work, Yang Yiru goes on a vacation, truly believing she has terminal cancer."
s3775,TV Show,Love Rain,,"Keun-suk Jang, Yoon-ah Im, Shi-hoo Kim, Eun-seo Son, In-guk Seo, Bo-ra Hwang, Jin-young Jung, Mi-sook Lee",South Korea,"May 1, 2018",2012,TV-PG,1 Season,"International TV Shows, Korean TV Shows, Romantic TV Shows","A story of two couples' journey of new love, loss and unexpected reunion spans decades, from the 1970s through present day."
s3828,Movie,Luv Shuv Tey Chicken Khurana,Sameer Sharma,"Kunal Kapoor, Huma Qureshi, Rajesh Sharma, Vipin Sharma, Dolly Ahluwalia, Vinod Nagpal, Rahul Bagga, Rajendra Sethi, Munish Makhija, Herry Tangri",India,"October 1, 2018",2012,TV-14,129 min,"Comedies, International Movies, Romantic Movies","Fleeing London to evade a gangland debt collector, Omi Khurana returns to his native village in India, passing himself off as a successful lawyer."
s3834,Movie,Mac & Devin Go to High School,Dylan C. Brown,"Snoop Dogg, Wiz Khalifa, Mike Epps, Teairra Mari, Derek Kane, Luenell, Teni Panosian, Paul Iacono, Andy Milonakis, Mystikal",United States,"April 20, 2016",2012,R,76 min,Comedies,"Devin Overstreet may be the class valedictorian, but he hasn't had much life experience. Enter Mac Johnson, a 10th-year senior and weed dealer."
s3940,Movie,Maria Bamford: The Special Special Special,Jordan Brady,"Maria Bamford, Wayne Federman, Jackie Kashian",United States,"August 25, 2018",2012,TV-MA,50 min,Stand-Up Comedy,"Spend an evening with gleeful, oh-so-awkward Maria Bamford via her cozy, shot-at-home comedy special, which has a two-person audience: her parents."
s3981,TV Show,Masha's Spooky Stories,,,"United States, Russia","October 1, 2016",2012,TV-Y,1 Season,Kids' TV,"Masha explains why there's no need to be scared of things like monsters, the dark, going to a new school, thunder and other common childhood fears."
s3982,TV Show,Masha's Tales,,,,"February 1, 2016",2012,TV-Y,1 Season,Kids' TV,"Fairy tales get a funny twist when Masha retells them, because she tends to get the details just a little jumbled up in this animated kids' series."
s3990,Movie,Material,Craig Freimond,"Vincent Ebrahim, Riaad Moosa, Joey Rasdien, Denise Newman, Krijay Govender, Nik Rabinowitz, Zakeeya Patel, Carishma Basday, Royston Stoffels, Mel Miller",South Africa,"May 1, 2020",2012,TV-14,94 min,"Comedies, Dramas, International Movies","A dutiful son must hide his pursuit of stand-up comedy from his staunch father, who expects him to inherit his store and uphold their Muslim beliefs."
s4021,TV Show,MegaTruckers,,,Australia,"July 12, 2019",2012,TV-PG,1 Season,Reality TV,"This reality ride-along offers a glimpse into the can-do, high-stakes world of big rig drivers who haul massive loads of cargo across Australia."
s4048,TV Show,Merlin,James Hawes,"Colin Morgan, Bradley James, Katie McGrath, Angel Coulby, Richard Wilson, Anthony Head, John Hurt, Nathaniel Parker",United Kingdom,"December 15, 2016",2012,TV-PG,5 Seasons,"British TV Shows, International TV Shows, TV Action & Adventure","This family-oriented retelling of the King Arthur legend finds Merlin arriving in Camelot, where he hones his magic skills with the help of his uncle."
s4126,Movie,Mirror Mirror,Tarsem Singh,"Julia Roberts, Lily Collins, Armie Hammer, Nathan Lane, Mare Winningham, Michael Lerner, Sean Bean, Robert Emms, Danny Woodburn, Martin Klebba, Sebastian Saraceno, Jordan Prentice, Mark Povinelli, Joe Gnoffo, Ronald Lee Clark","United States, Canada","April 24, 2020",2012,PG,106 min,"Children & Family Movies, Comedies",This remake of the classic Grimm tale follows fair-skinned Snow White on a quest to regain her royal throne with help from a team of shady dwarves.
s4142,TV Show,Miss Panda & Mr. Hedgehog,,"Dong-hae Lee, Seung-ah Yoon, Jin-hyuk Choi, So-young Yoo, Yeo-jin Hong, Min-jin Jung",South Korea,"December 15, 2016",2012,TV-PG,1 Season,"International TV Shows, Korean TV Shows, Romantic TV Shows","When a gifted patissier with a gloomy past meets a bright and easygoing café owner, he begins to shed his thorns and learns to love again."
s4189,Movie,Monster High: Escape from Skull Shores,"Steve Ball, Andrew Duncan","Kate Higgins, Debi Derryberry, Salli Saffioti, Evan Smith, Laura Bailey, Audu Paden, Erin Fitzgerald, Cindy Robinson, Ogie Banks, Cam Clarke",United States,"January 1, 2018",2012,TV-Y7,46 min,Children & Family Movies,"A swanky cruise veers off course for Lagoona and her friends when they're left stranded on Skull Shores, an island with a notorious beast."
s4194,Movie,Monster High: Ghouls Rule,"Mike Fetterly, Steve Sacks","Laura Bailey, Hank Banks, Cam Clarke, Erin Fitzgerald, Dee Dee Green, Kate Higgins, Andrew Duncan",United States,"March 1, 2018",2012,TV-Y7,71 min,Children & Family Movies,"After learning that monsters and ""Normies"" used to spend Halloween together, Frankie Stein and her pals rally both groups for a frightfully good time."
s4202,TV Show,Monster Math Squad,,"Julie Sype, Cory Doran, Annick Obonsawin, Jenna Warren",Canada,"May 15, 2020",2012,TV-Y,2 Seasons,Kids' TV,"Max, Lily and Goo love to put their minds together and use their math skills to overcome any obstacle, even ones with two left feet or ten thumbs."
s4232,Movie,Moshe Kasher: Live in Oakland,Jay Chapman,Moshe Kasher,United States,"January 1, 2019",2012,TV-MA,61 min,Stand-Up Comedy,Comic Moshe Kasher returns to his home turf of Oakland for this stand-up special that has him sharing uproarious stories about the people he's met.
s4264,Movie,Ms. Mammy,Wael Ihsan,"Yasmin Abdulaziz, Hassan El Raddad, Ahmed Fouad Selim, Entessar, Hesham Ismail, Badria Tolba, Ghassan Mattar, Eman El-Sayed, Saad El Soghayar, Soleiman Eid, Youssef Eid, Hassan Abdulfattah, Mohamed Lotfy, Hala Fakher",Egypt,"June 6, 2019",2012,TV-14,90 min,"Comedies, International Movies",A successful advertising agency executive falls asleep on an airplane and wakes up in an alternate universe as a stay-at-home mom with three kids.
s4270,Movie,Mud,Jeff Nichols,"Matthew McConaughey, Reese Witherspoon, Tye Sheridan, Jacob Lofland, Sam Shepard, Ray McKinnon, Sarah Paulson, Michael Shannon, Joe Don Baker, Paul Sparks",United States,"January 1, 2021",2012,PG-13,131 min,"Dramas, Independent Movies","Two Mississippi teens meet peculiar drifter Mud and get caught up in his web of tall tales about lost love, crimes of passion and bounty hunters."
s4272,Movie,Mugamoodi,Mysskin,"Jiiva, Pooja Hegde, Narain, Nasser, Girish Karnad, Anupama Kumar, Selvaah",India,"October 1, 2018",2012,TV-14,150 min,"Action & Adventure, International Movies",A martial arts specialist accidentally becomes a superhero when he steps in – in costume – to help the cops catch a criminal.
s4277,Movie,Mumbai Cha Raja,Manjeet Singh,"Rahul Bairagi, Arbaaz Khan, Tejas Parvatkar, Dhanshree Jain, Salman Khan, Aftab Khan",India,"November 15, 2016",2012,TV-MA,77 min,"Dramas, Independent Movies, International Movies","This coming-of-age tale follows Rahul, a young boy growing up in a Mumbai slum whose alcoholic father abuses him and his mother."
s4304,TV Show,My Babysitter's a Vampire,,"Matthew Knight, Vanessa Morgan, Atticus Mitchell, Cameron Kennedy, Kate Todd, Ari Cohen",Canada,"October 17, 2018",2012,TV-PG,2 Seasons,"Kids' TV, TV Comedies","Ethan, Benny and fledgling vampire Sarah battle zombies, demons and the other supernatural beasties that regularly threaten their school."
s4325,Movie,My Horrible Grandma,Sameh Abdulaziz,"Shaimaa Abdelkader, Samiha Ayyoub, Fify El Sebaay, Emy Samir Ghanim, Mohamed Henedi, Bassem Samra",Egypt,"June 2, 2020",2012,TV-MA,100 min,"Comedies, Dramas, International Movies","As a man fumbles to keep things in order, his assertive grandmother tries to straighten out his life when she returns to live with him."
s4365,Movie,My True Friend,Atsajun Sattakovit,"Mario Maurer, Natcha Juntapan, Monchanok Saengchaipiangpen, Nawapaiboon Wuthinanon, Kamolned Ruengsri, Sirapop Daongern, Rakchawan Maroukasonti, Poom Rungsrithananon, Patsomtat Sudprasert, Ranee Campen",Thailand,"July 25, 2018",2012,TV-MA,108 min,"Action & Adventure, Dramas, International Movies",A bullied student forms a bond with the leader of a youth gang and discovers the power and meaning of true friendship.
s4540,Movie,Nova: Ultimate Mars Challenge,Gail Willumsen,Lance Lewman,United States,"July 1, 2019",2012,TV-G,53 min,Movies,"With access to the scientists and engineers responsible for the Curiosity rover's on-the-ground experiments, NOVA captures its landing on Mars."
s4550,Movie,Numbered,"Dana Doron, Uriel Sinai",,Israel,"December 31, 2017",2012,TV-PG,55 min,"Documentaries, International Movies","Guided by survivors' testimonies, this documentary explores the history and meaning of the numbers tattooed on the bodies of Auschwitz prisoners."
s4587,Movie,Oh My Ghost 3,Poj Arnon,"Kohtee Aramboy, Yingsak Chonglertjetsadawong, Jaturong Mokjok, Waraphat Phatsathit, Wiradit Srimalai, Ekkachai Srivichai, Varuth Waratham, Butsarin Yokpraipan",Thailand,"August 16, 2018",2012,TV-MA,103 min,"Comedies, Horror Movies, International Movies","After a body is discovered in their building, a vengeful, paranormal presence begins to affect Taew, Mod Dum and Cartoon's business."
s4589,Movie,Oh My God,Umesh Shukla,"Akshay Kumar, Paresh Rawal, Mithun Chakraborty, Om Puri, Apoorva Arora, Arun Bali, Honey Chaaya, Poonam Jhawer, Mahesh Manjrekar, Govind Namdeo",India,"July 5, 2020",2012,TV-PG,129 min,"Comedies, Dramas, International Movies",Mumbai shopkeeper Kanji Bhai files a lawsuit against God when an earthquake destroys his store and his insurance policy won't cover the damage.
s4611,Movie,Omar and Salma 3,Mohamed Samy,"Tamer Hosny, Mai Ezzidine, Ezzat Abou Aouf, Lamitta Frangieh",Egypt,"April 25, 2019",2012,TV-MA,97 min,"Comedies, International Movies, Romantic Movies","In this second sequel of the trilogy, marital strife brews as Omar pursues a music career despite Salma’s wishes that he opt for a more stable job."
s4650,Movie,One More Try,Ruel S. Bayani,"Angel Locsin, Angelica Panganiban, Dingdong Dantes, Zanjoe Marudo, Miguel Vergara, Gina Pareño, Carmina Villarroel, Agot Isidro",Philippines,"November 5, 2020",2012,TV-14,102 min,"Dramas, International Movies, Romantic Movies","When her son's condition becomes severe, a woman reconnects with the biological father. But the reunion puts a strain on their respective relationships."
s4672,TV Show,Operation Ouch!,,"Chris van Tulleken, Xand van Tulleken",United Kingdom,"August 1, 2020",2012,TV-PG,1 Season,"British TV Shows, Kids' TV, TV Comedies",Drs. Chris and Xand van Tulleken take an entertaining approach to educate children about medicine and biology through experiments and hospital visits.
s4673,TV Show,Operation Proposal,,"Seung-ho Yoo, Eun-bin Park, Kyung-pyo Go, Ye-won Kim, Hyun Jin Lee, Jin-joo Park",South Korea,"July 1, 2016",2012,TV-PG,1 Season,"International TV Shows, Korean TV Shows, Romantic TV Shows","On Yi-seul's wedding day, her friend Baek-ho wishes he could turn back time to tell her he loves her. Soon he gets a chance to change everything."
s4727,TV Show,"Pablo Escobar, el patrón del mal",,"Andrés Parra, Angie Cepeda, Cecilia Navia, Vicky Hernández, Christian Tappán, Rodolfo Silva, Tommy Vasquez, Toto Vega, Nicolás Montero, Marcela Gallego",Colombia,"June 1, 2017",2012,TV-MA,1 Season,"Crime TV Shows, International TV Shows, Spanish-Language TV Shows","From his days as a petty thief to becoming head of a drug-trafficking empire, this riveting series charts the life of the infamous Pablo Escobar."
s4771,Movie,ParaNorman,"Sam Fell, Chris Butler","Kodi Smit-McPhee, Tucker Albrizzi, Anna Kendrick, Casey Affleck, Christopher Mintz-Plasse, Leslie Mann, Jeff Garlin, Elaine Stritch, Bernard Hill, Jodelle Ferland, Tempestt Bledsoe, Alex Borstein, John Goodman",United States,"October 18, 2020",2012,PG,93 min,"Children & Family Movies, Comedies","When an army of zombies invades a small town, it's up to an odd local boy with a knack for communicating with the dead to save the day."
s4850,Movie,Phone Swap,Kunle Afolayan,"Wale Ojo, Nse Ikpe-Etim, Lydia Forson, Joke Silva, Chika Okpala, Ada Ameh, Hafeez Oyetoro, Chika Chukwu",Nigeria,"September 1, 2019",2012,TV-14,112 min,"Comedies, International Movies, Romantic Movies",A fashion designer and an arrogant businessman reluctantly try to help each other after accidentally swapping phones in the airport.
s4881,Movie,Players,"Abbas Alibhai Burmawalla, Mastan Alibhai Burmawalla","Vinod Khanna, Abhishek Bachchan, Bobby Deol, Sonam Kapoor, Bipasha Basu, Neil Nitin Mukesh, Sikander Kher, Omi Vaidya, Johny Lever, Shweta Bhardwaj",India,"July 5, 2020",2012,TV-14,162 min,"Action & Adventure, International Movies","Learning of a fortune in gold being secretly shipped to Romania, master thieves Charlie and Riya assemble a crack team to steal it."
s4882,Movie,Playing for Keeps,Gabriele Muccino,"Gerard Butler, Jessica Biel, Catherine Zeta-Jones, Dennis Quaid, Uma Thurman, Judy Greer, Noah Lomax, James Tupper, Abella Wyss, Grant Goodman",United States,"January 3, 2021",2012,PG-13,106 min,"Comedies, Romantic Movies, Sports Movies","A washed-up, former soccer star attempts to rebuild his relationship with his son and ex-wife by coaching his son's soccer team."
s4948,TV Show,Power Rangers Super Samurai,,"Alex Heartman, Erika Fong, Hector David Jr., Najee De-Tiege, Brittany Anne Pirtle, Steven Skyler, Rene Naufahu, Felix Ryan, Paul Schrier, Jeff Szusterman, Kate Elliott, Ricardo Medina Jr., Derek Judge, Stig Alred",,"January 1, 2016",2012,TV-Y7,1 Season,Kids' TV,"The Samurai Power Rangers continue their battle against the evil Master Xandred, who has now joined forces with the malevolent Serrator."
s4949,Movie,Power Rangers Super Samurai: Stuck on Christmas,,"Alex Heartman, Najee De-Tiege, Hector David Jr., Erika Fong, Brittany Anne Pirtle, Steven Skyler, Paul Schrier, Felix Ryan, Jeff Szusterman, Stig Alred, Kate Elliot",United States,"January 1, 2016",2012,TV-Y7,24 min,"Children & Family Movies, Sci-Fi & Fantasy",The Samurai Rangers get stuck in the Megazord's cockpit on Christmas Eve when it breaks down. Can the Rangers get out in time for Christmas?
s4950,Movie,Power Rangers Super Samurai: Trickster Treat,,"Alex Heartman, Najee De-Tiege, Hector David Jr., Erika Fong, Brittany Anne Pirtle, Steven Skyler, Rene Naufahu, Paul Schrier, Felix Ryan, Jeff Szusterman, Stig Alred, Kate Elliot",United States,"January 1, 2016",2012,TV-Y7,23 min,Movies,"When a Nighlok invades the Samurai Rangers' dreams and turns them into nightmares, the Rangers must figure out what is reality and what is illusion."
s4969,Movie,Pretville,Linda Korsten,"Marlee van der Merwe, Eugene Jensen, Marno van der Merwe, Lizelle de Klerk, Steve Hofmeyr, Sanet Ackermann, Terence Bridgett, Annette Engelbrecht, Rina Nienaber, Lizz Meiring",South Africa,"February 20, 2020",2012,TV-PG,95 min,"Comedies, International Movies, Music & Musicals",A farm boy and a greaser pluck at the heartstrings of their town's most beloved daughter while her mom faces old feelings when a pop star comes home.
s4981,TV Show,Private Practice,,"Kate Walsh, Tim Daly, Audra McDonald, Paul Adelstein, Taye Diggs, Amy Brenneman, KaDee Strickland, Chris Lowell, Brian Benben",United States,"December 22, 2019",2012,TV-14,6 Seasons,"TV Comedies, TV Dramas","At Oceanside Wellness Center, Dr. Addison Montgomery deals with competing personalities in the new world of holistic medicine."
s5011,Movie,Pusher,Luis Prieto,"Richard Coyle, Bronson Webb, Agyness Deyn, Mem Ferda, Zlatko Buric, Paul Kaye, Bill Thomas, Neil Maskell, Daisy Lewis",United Kingdom,"December 27, 2017",2012,R,89 min,Action & Adventure,"In this remake of a 1996 Danish thriller, a drug pusher incurs his suppliers' wrath when he gets busted and is left without the money he owes."
s5024,TV Show,Qin Empire: Alliance,,"Fu Dalong, Ning Jing, Yu Entai, Zhou Bo, Fu Miao, Feihu Sun, Lu Ying, Qiu Yongli",China,"July 7, 2017",2012,TV-14,1 Season,"International TV Shows, TV Dramas","During the Warring States period, Qin state ruler Duke Xiao recruits statesman Shang Yang to help enact bold reforms that transform western China."
s5030,Movie,Quartet,Dustin Hoffman,"Maggie Smith, Tom Courtenay, Billy Connolly, Pauline Collins, Michael Gambon, Andrew Sachs, Sheridan Smith, David Ryall, Trevor Peacock, Gwyneth Jones",United Kingdom,"May 11, 2020",2012,PG-13,98 min,"Comedies, Dramas, Independent Movies",A trio of retired opera singers' annual celebration of Verdi's birthday sours when their estranged fourth member shows up but refuses to sing.
s5050,TV Show,Rab Se Sohna Isshq,,"Ekta Kaul, Ashish Sharma, Kanan Malhotra, Sukirti Kandpal",,"June 1, 2017",2012,TV-14,1 Season,"International TV Shows, Romantic TV Shows, TV Dramas","A complex love triangle goes horribly wrong in this epic, multigenerational saga involving romance, revenge, mistaken identity and amnesia."
s5058,Movie,Radio Rebel,Peter Howitt,"Debby Ryan, Sarena Parmar, Adam DiMarco, Merritt Patterson, Nancy Robertson",United States,"March 1, 2019",2012,TV-G,90 min,"Children & Family Movies, Comedies","Shy student Tara has a secret identity: She is smooth-talking Radio Rebel, a DJ who lends her voice to all kids, popular and unpopular alike."
s5092,TV Show,Ramayan,,"Gagan Malik, Neha Sargam, Neil Bhatt",India,"April 1, 2018",2012,TV-14,1 Season,"International TV Shows, TV Dramas",A prince's divine destiny to rule as a king is thwarted by his stepmother's scheme to put her own child on the throne in this legendary epic.
s5146,Movie,Rehmataan,,"Sukhjinder Shera, Guggu Gill, Deep Dhillon, Raj Virk, Surinder Shinda",India,"December 28, 2018",2012,TV-14,116 min,"Dramas, International Movies, Romantic Movies","As unemployment, drug addiction and corruption plague a society, this drama depicts the people who believe there’s still good in the world."
s5148,Movie,Reincarnated,Andy Capper,"Snoop Dogg, Dr. Dre, Bunny Wailer",United States,"June 13, 2016",2012,R,96 min,"Documentaries, Music & Musicals","Vice magazine's Andy Capper follows rapper Snoop Dogg on a pilgrimage to Jamaica, where he rechristens himself Snoop Lion, a reggae artist."
s5164,TV Show,Reply 1997,Shin Won-ho,"Jung Eun-ji, Seo In-guk, Shin So-yul, Ji-won Eun, Lee Ho-won, Lee Si-eon, Sung Dong-il, Lee Il-hwa, Song Jong-ho",South Korea,"August 8, 2019",2012,TV-MA,1 Season,"International TV Shows, Korean TV Shows, Romantic TV Shows","As a teen, Shi Won was obsessed with a boy band. Now 33 years old, Shi Won and her friends are reviving their memories as their school reunion nears."
s5190,Movie,Rezeta,Fernando Frías De La Parra,"Rezeta Veliu, Roger Mendoza, Emiliano Becerríl, Sebastián Cordova, Paulina Dávila",Mexico,"December 3, 2016",2012,NR,84 min,"Dramas, Independent Movies, International Movies","Gorgeous and free-spirited Albanian model Rezeta arrives in Mexico City, and soon uses her charms to take up a carefree new life in the metropolis."
s5278,Movie,Room on the Broom,"Max Lang, Jani Lachauer","Simon Pegg, Gillian Anderson, Rob Brydon, Martin Clunes, Sally Hawkins, David Walliams, Timothy Spall","United Kingdom, Germany","July 1, 2019",2012,TV-Y7,26 min,"Children & Family Movies, Independent Movies","A gentle witch with a ginger braid offers rides to a variety of animals on her increasingly crowded broom, much to her grumpy cat's chagrin."
s5290,Movie,Rowdy Rathore,Prabhu Deva,"Akshay Kumar, Sonakshi Sinha, Nasser, Yashpal Sharma, Paresh Ganatra, Gurdip Kohli, Mushtaq Khan, Amit Kumar Tiwari",India,"August 2, 2018",2012,TV-14,137 min,"Action & Adventure, Comedies, International Movies","A con man uncovers a deadly secret and must save his lady love, the little girl who insists she's his daughter and the small-town locals from the mob."
s5341,Movie,Safety Not Guaranteed,Colin Trevorrow,"Aubrey Plaza, Mark Duplass, Jake Johnson, Mary Lynn Rajskub, Jeff Garlin, Kristen Bell, Jenica Bergere, Karan Soni",United States,"August 13, 2020",2012,R,86 min,"Comedies, Independent Movies, Romantic Movies","A team of journalists are sent to find out who's behind a classified ad seeking a companion for time travel, then must decide how to approach him."
s5368,Movie,Sample This,Dan Forrer,Gene Simmons,United States,"September 15, 2016",2012,TV-14,83 min,"Documentaries, Music & Musicals","This doc traces the impact of the Incredible Bongo Band's ""Apache,"" which played a key role in the birth of hip-hop after Kool Herc began sampling it."
s5404,Movie,Satrangi Re,Aditya Sarpotdar,"Amruta Khanvilkar, Vidyadhar Joshi, Subodh Bhave",India,"March 15, 2018",2012,TV-14,150 min,"Dramas, International Movies, Music & Musicals","Friends in their last year of college contemplate the future of their band as they juggle questions of love, work, family and identity."
s5439,TV Show,Scooby-Doo!: Mystery Incorporated,,"Frank Welker, Mindy Cohn, Grey DeLisle, Matthew Lillard, Patrick Warburton, Gary Cole, Frances Conroy, Vivica A. Fox",United States,"December 15, 2019",2012,TV-Y7,2 Seasons,"Kids' TV, TV Comedies","In this animated update of the cartoon classic, Scooby-Doo, Shaggy and their pals solve spooky mysteries in a hamlet bedeviled by supernatural bedlam."
s5448,Movie,Seal Team Six: The Raid on Osama Bin Laden,John Stockwell,"Cam Gigandet, Anson Mount, Freddy Rodríguez, Xzibit, Kathleen Robertson, Robert Knepper, Eddie Kaye Thomas, Kenneth Miller, William Fichtner, Jenny Gabrielle, Mo Gallini",United States,"January 1, 2020",2012,TV-MA,90 min,Action & Adventure,"In this dramatic recreation, U.S. Navy SEAL Team 6 trains for a critical mission, then executes a tough nighttime raid on Osama Bin Laden's compound."
s5451,Movie,Searching for Sugar Man,Malik Bendjelloul,Rodriguez,"Sweden, United Kingdom, Finland","December 1, 2019",2012,PG-13,86 min,"Documentaries, International Movies, Music & Musicals","Decades after Detroit singer-songwriter Rodriguez disappeared following the commercial failure of his albums, two fans try to track down their idol."
s5455,Movie,Sebastian Maniscalco: What's Wrong with People?,Manny Rodriguez,Sebastian Maniscalco,United States,"September 17, 2019",2012,TV-MA,76 min,Stand-Up Comedy,"With his uproarious tirade on modern behavior and decorum, the popular comic tackles the question we've all asked in this hilarious standup special."
s5492,Movie,Sen Kimsin?,Ozan Açıktan,"Tolga Çevik, Köksal Engür, Pelin Körmükçü, Toprak Sergen, Zeynep Özder",Turkey,"March 10, 2017",2012,TV-14,102 min,"Comedies, International Movies","Desperate for cash, klutzy private investigator Tekin searches for a wealthy woman's missing girl but faces one surprise and mishap after another."
s5540,Movie,Shanghai,Dibakar Banerjee,"Emraan Hashmi, Abhay Deol, Prasenjit Chatterjee, Kalki Koechlin, Supriya Pathak, Tillotama Shome, Anant Jog, Pitobash, Farooq Shaikh, Arvind Goswami",India,"March 1, 2018",2012,TV-14,109 min,"Dramas, Independent Movies, International Movies",Three disparate characters uncover government corruption as a small Indian town receives an influx of foreign money to turn it into the next Shanghai.
s5607,Movie,Silent Hill: Revelation,M.J. Bassett,"Deborah Kara Unger, Adelaide Clemens, Sean Bean, Malcolm McDowell, Carrie-Anne Moss, Radha Mitchell, Martin Donovan, Kit Harington","Canada, France, United States","December 13, 2019",2012,R,94 min,Horror Movies,"Haunted by nightmares and her father's disappearance, Heather goes on the hunt for him – and discovers a disturbing truth about her own identity."
s5611,Movie,Silver Linings Playbook,David O. Russell,"Bradley Cooper, Jennifer Lawrence, Robert De Niro, Jacki Weaver, Chris Tucker, Anupam Kher, John Ortiz, Shea Whigham, Julia Stiles, Paul Herman",United States,"March 16, 2020",2012,R,122 min,"Comedies, Dramas, Independent Movies","After a stint in a mental hospital, Pat moves in with his parents and tries to win back his wife, until he meets a woman who's as unstable as he is."
s5615,Movie,Simon Killer,Antonio Campos,"Brady Corbet, Mati Diop, Constance Rousseau, Lila Salet, Solo, Michaël Abiteboul, Nicolas Ronchi, Étienne Rotha Moeng","United States, France","August 13, 2020",2012,TV-MA,105 min,"Dramas, Independent Movies, Thrillers","Young and heartbroken, a New Yorker travels to Paris to escape his romantic woes but is soon drawn into another all-consuming attraction."
s5642,Movie,Sisterakas,Wenn V. Deramas,"Ai-Ai de las Alas, Vice Ganda, Kris Aquino, Xyriel Manabat, Daniel Padilla, Kathryn Bernardo, Tirso Cruz III, Deejay Durano, Gloria Diaz, Jeffrey Quizon",Philippines,"March 7, 2019",2012,TV-14,105 min,"Comedies, International Movies","Two half siblings separated by family conflict cross paths as adults at a fashion agency – but one of them has a vendetta, unbeknownst to the other."
s5771,Movie,Spring Breakers,Harmony Korine,"James Franco, Vanessa Hudgens, Selena Gomez, Ashley Benson, Rachel Korine, Jeff Jarrett, Gucci Mane, Heather Morris, Ash Lendzion, Emma Holzer","United States, France","January 10, 2021",2012,R,94 min,"Comedies, Cult Movies, Dramas","Four cash-strapped college women run afoul of the law — and fall in with a shady hustler — as they join the annual rite of bikinis, beer and debauchery."
s5969,Movie,Talaash,Reema Kagti,"Aamir Khan, Rani Mukerji, Kareena Kapoor, Nawazuddin Siddiqui, Shernaz Patel, Sheeba Chaddha",India,"December 15, 2019",2012,TV-14,140 min,"Dramas, International Movies, Thrillers","Set in the jumbled landscape of Mumbai, this mystery drama centers on a police inspector who's trying to cope with the collapse of his marriage."
s5994,Movie,Taxi Ballad,Daniel Joseph,"Talal El-Jordi, Karina Logue, Badih Abou Chakra, Tariq Tamim, Omar Mikati, Hiam Abou Chedid, Mahmoud Mabsout, Aida Sabra","Lebanon, United States, United Arab Emirates","October 19, 2020",2012,TV-MA,81 min,"Dramas, International Movies",A taxi driver new to Beirut forms an unlikely bond with a bored American Pilates instructor who loves hearing him tell stories about his past.
s6023,Movie,Tere Naal Love Ho Gaya,Mandeep Kumar,"Riteish Deshmukh, Genelia D'Souza, Tinnu Anand, Om Puri, Smita Jaykar, Chitrashi Rawat, Navin Prabhakar, Kartar Cheema",India,"August 2, 2018",2012,TV-14,127 min,"Comedies, International Movies, Romantic Movies","Mini isn't eager to wed the rich suitor who's been chosen for her, so she stages her own kidnapping and runs off with a man who works for her father."
s6036,Movie,Tezz,Priyadarshan,"Anil Kapoor, Ajay Devgn, Boman Irani, Kangna Ranaut, Zayed Khan, Mallika Sherawat, Avika Gor, Dominic Power, Sameera Reddy, Mohanlal","United Kingdom, India","December 1, 2017",2012,TV-MA,121 min,"Action & Adventure, International Movies, Music & Musicals",This high-octane thriller tells the story of a man on a mission to reclaim what was taken from him and the agent who's determined to stop him.
s6038,Movie,Thaandavam,Vijay,"Vikram, Jagapathi Babu, Anushka Shetty, Amy Jackson, Lakshmi Rai, Santhanam, Nasser, Saranya Ponvannan",India,"October 1, 2018",2012,TV-14,156 min,"Action & Adventure, International Movies, Music & Musicals","In London, a mysterious blind man named Kenny appears to be an assassin who uses echolocation to kill, but there is more to Kenny than meets the eye."
s6122,TV Show,The Beat,,"Henley Hii, Yise Loo, Aric Ho, Tiffany Leong, Issac Dang, Christy Yow",,"September 18, 2017",2012,TV-MA,1 Season,"International TV Shows, TV Dramas","The artistic pursuits of two childhood friends, an aspiring singer and a talented dancer, lead them to four other 20-somethings in a drumming group."
s6294,Movie,The Devil Inside,William Brent Bell,"Fernanda Andrade, Simon Quarterman, Evan Helmuth, Ionut Grama, Suzan Crowley, Bonnie Morgan, Brian Johnson",United States,"November 20, 2019",2012,R,84 min,"Horror Movies, Thrillers","At once spooky and grisly, this thriller follows a woman's quest to find the truth behind claims her mother killed three people during an exorcism."
s6345,TV Show,The Fear,Michael Samuels,"Peter Mullan, Anastasia Hille, Harry Lloyd, Paul Nicholls, Demosthenes Chrysan, Dragos Bucur, Shaban Arifi, Julia Ragnarsson, Danny Sapani, Nigel Lindsay, Osy Ikhile, Sidney Kean, Lisa McAllister, Catherine Winter, Amarildo Kola, Julius Peter Wells",United Kingdom,"March 31, 2017",2012,TV-MA,1 Season,"British TV Shows, Crime TV Shows, TV Dramas","Richie Beckett is an aging Brighton crime boss who's struggling with the onset of dementia, just as a rival gang is trying to take over his territory."
s6419,TV Show,The Great British Baking Show: The Beginnings,,"Paul Hollywood, Mary Berry, Mel Giedroyc, Sue Perkins",,"November 1, 2018",2012,TV-PG,1 Season,"British TV Shows, Reality TV",A dozen amateur bakers amiably compete for the coveted title of Britain's best as they whip up tasty treats for judges Mary Berry and Paul Hollywood.
s6453,Movie,The History of Future Folk,"John Mitchell, Jeremy Kipp Walker","Nils d'Aulaire, Jay Klaitz, Julie Ann Emery, April L. Hernandez, Onata Aprile, Dee Snider",United States,"December 23, 2020",2012,TV-14,85 min,"Action & Adventure, Comedies, Independent Movies",An alien ordered to colonize Earth abandons his mission when he hears music for the first time and is determined to save his adopted planet.
s6481,Movie,The Impossible,J.A. Bayona,"Naomi Watts, Ewan McGregor, Tom Holland, Samuel Joslin, Oaklee Pendergast, Marta Etura, Sönke Möhring, Geraldine Chaplin, Ploy Jindachote, Jomjaoi Sae-Limh","Spain, Thailand, United States","November 1, 2020",2012,PG-13,114 min,Dramas,"Tracking one family's harrowing experiences, this gripping drama depicts the chaos generated by the massive 2004 tsunami in Southeast Asia."
s6546,Movie,The Land of Cards,Qaushiq Mukherjee,"Joyraj Bhattacharya, Rii, Soumyak Kanti DeBiswas, Anubrata Basu, Tillotama Shome, Maya Tideman, Tinu Verghese, Immaduddin Shah, Sayani Gupta",India,"November 22, 2016",2012,TV-14,113 min,"Dramas, Independent Movies, International Movies",A royal prince arrives on an island of fascist rule and inspires a rebellion among its women in this hallucinogenic adaptation of a classic play.
s6637,TV Show,The Making of Frozen Planet,,David Attenborough,"United Kingdom, United States, Spain, Germany, Greece, Canada","January 28, 2016",2012,TV-PG,1 Season,"British TV Shows, Docuseries, Science & Nature TV",Documentary crew members brave Earth's most frigid regions to capture the majesty and mystery found in the chillier side of the animal kingdom.
s6647,Movie,The Master,Paul Thomas Anderson,"Joaquin Phoenix, Philip Seymour Hoffman, Amy Adams, Laura Dern, Kevin J. O'Connor, Jesse Plemons, Rami Malek, Christopher Evan Welch, Madisen Beaty, Ambyr Childers, Price Carson",United States,"January 14, 2020",2012,R,137 min,"Dramas, Independent Movies","A heavy-drinking loner finds some semblance of a family when he stumbles onto the ship of Lancaster Dodd, the charismatic leader of a new ""religion."""
s6672,TV Show,The Minimighty Kids,,,France," April 15, 2018",2012,TV-G,2 Seasons,"Kids' TV, TV Comedies","Some have big feet or a sniffly nose, others are clumsy or too sweaty – but these kids soon discover their mini problems can become superpowers."
s6680,Movie,The Mistress,Olivia M. Lamasan,"John Lloyd Cruz, Bea Alonzo, Hilda Koronel, Ronaldo Valdez, Anita Linda, Carmi Martin",Philippines,"February 27, 2019",2012,TV-MA,132 min,"Dramas, International Movies, Romantic Movies",The mistress of a wealthy businessman is torn between her loyalty to him and her love for a young architect connected to her in unexpected ways.
s6719,TV Show,The Office (U.S.),,"Steve Carell, John Krasinski, Jenna Fischer, Rainn Wilson, B.J. Novak, Ed Helms, Brian Baumgartner, David Denman, Creed Bratton, Kate Flannery, Mindy Kaling, Angela Kinsey, Paul Lieberstein, Oscar Nuñez, Phyllis Smith",United States," January 1, 2016",2012,TV-14,9 Seasons,TV Comedies,This hit comedy chronicles the foibles of disgruntled office workers – led by deluded boss Michael Scott – at the Dunder Mifflin paper company.
s6753,Movie,The Perks of Being a Wallflower,Stephen Chbosky,"Logan Lerman, Emma Watson, Ezra Miller, Mae Whitman, Paul Rudd, Nina Dobrev, Johnny Simmons, Dylan McDermott, Kate Walsh, Joan Cusack, Melanie Lynskey",United States,"April 1, 2020",2012,PG-13,103 min,"Comedies, Dramas",A shy freshman struggling with depression deals with his best friend's suicide and his first love in this engaging coming-of-age tale.
s6761,Movie,The Pirates! Band of Misfits,"Peter Lord, Jeff Newitt","Hugh Grant, Martin Freeman, Imelda Staunton, David Tennant, Jeremy Piven, Salma Hayek, Lenny Henry, Brian Blessed, Russell Tovey, Anton Yelchin, Al Roker, David Schaal, Peter Lord, Ashley Jensen, Kayvan Novak, Mitchell Mullen, Brendan Gleeson, David Schneider","United Kingdom, United States","October 1, 2020",2012,PG,88 min,"Children & Family Movies, Comedies","An egotistical pirate captain strives to win the Pirate of the Year Award, but to snag the coveted prize, he'll have to outwit his dreaded rivals."
s6763,Movie,The Place Beyond the Pines,Derek Cianfrance,"Ryan Gosling, Bradley Cooper, Eva Mendes, Ray Liotta, Ben Mendelsohn, Rose Byrne, Mahershala Ali, Bruce Greenwood, Harris Yulin, Olga Merediz",United States,"May 16, 2017",2012,R,140 min,"Dramas, Independent Movies",A violent confrontation between a motorcycle-riding bank robber and a rookie cop spirals into a tense generational feud.
s6768,Movie,The Player,Ahmad El-Badri,"Ramez Galal, Emy Samir Ghanim, Edward Fouad, Hassan Hosny, Yousef Fawzy, Samar Gaber, Ragaa Al-Geddawy, Maha Abou Ouf, Mai El-Kady",Egypt,"June 20, 2019",2012,TV-MA,110 min,"Comedies, International Movies","To save his father’s company from bankruptcy, a rich, spoiled playboy is forced to wed a no-nonsense woman, who's just as unhappy to be marrying him."
s6849,Movie,The Sapphires,Wayne Blair,"Chris O'Dowd, Deborah Mailman, Jessica Mauboy, Shari Sebbens, Miranda Tapsell, Tory Kittles, Eka Darville, Tammy Anderson, Lynette Narkle, Kylie Belling",Australia,"April 26, 2019",2012,PG-13,99 min,"Comedies, Dramas, Independent Movies","Sisters Gail, Cynthia and Julie have talent, but their career takes off when promoter Dave convinces them to tour for U.S. troops in Vietnam."
s7126,Movie,Todd Glass: Stand-Up Special,Jay Chapman,Todd Glass,United States,"December 31, 2018",2012,TV-MA,46 min,Stand-Up Comedy,"Standup comedian Todd Glass gets right down to it, with sly observations on accepting directions, denying compliments and being afraid of the dark."
s7263,Movie,Tukaram,Chandrakant Kulkarni,"Jitendra Joshi, Prateeksha Lonkar, Sharad Ponkshe, Radhika Apte, Veena Jamkar, Yatin Karyekar, Smita Tambe, Vrishasen Dabholkar",India,"February 15, 2018",2012,TV-PG,162 min,"Dramas, Faith & Spirituality, International Movies",A child whose innocence and devotion set him apart from the other children of his village grows up to be one of the foremost saints of India.
s7346,Movie,Unfinished Song,Paul Andrew Williams,"Terence Stamp, Gemma Arterton, Christopher Eccleston, Vanessa Redgrave, Anne Reid, Elizabeth Counsell, Ram John Holder, Bill Thomas, Orla Hill","United Kingdom, Germany","July 22, 2019",2012,PG-13,94 min,"Comedies, Dramas, Independent Movies","With his wife terminally ill, Arthur's future seems grim. But he learns to find joy in life again when he joins an unconventional church choir."
s7359,TV Show,Unriddle,,"Rui En, Chen Liping, Tay Ping Hui, Andie Chen, Xiang Yun, Joshua Ang, Zhou Ying",Singapore,"July 1, 2017",2012,TV-14,2 Seasons,"Crime TV Shows, International TV Shows, TV Dramas","When a hard-nosed detective reluctantly partners with an informant to solve complex cases, she uncovers links to a particularly puzzling cold case."
s7411,Movie,Vettai,N. Linguswamy,"Arya, Madhavan, Sameera Reddy, Amala Paul, Nasser, Ashutosh Rana, Sreejith Ravi, Muthukumar",India,"October 1, 2018",2012,TV-14,156 min,"Action & Adventure, International Movies, Music & Musicals","This powerful Tamil action film follows the shared fate of two very different siblings: policeman Thiru and his roguish brother, Guru."
s7412,TV Show,Vexed,,"Toby Stephens, Miranda Raison, Lucy Punch, Nick Dunning, Rory Kinnear, Ronny Jhutti, Roger Griffiths, Patrick Baladi",United Kingdom,"August 1, 2017",2012,TV-MA,2 Seasons,"British TV Shows, Crime TV Shows, International TV Shows",Charming slacker DI Jack Armstrong and driven professional DI Kate Bishop try to solve crimes together without driving each other crazy.
s7457,Movie,Wadjda,Haifaa Al-Mansour,"Reem Abdullah, Waad Mohammed, Abdullrahman Al Gohani, Ahd, Sultan Al Assaf, Alanoud Sajini, Rafa Al Sanea, Dana Abdullilah","Saudi Arabia, Netherlands, Germany, Jordan, United Arab Emirates, United States","May 19, 2020",2012,PG,93 min,"Dramas, International Movies, Sports Movies",A persistent 10-year-old wishes for a new bicycle so she can beat her friend (a boy) in a race. But it's going to take some ingenuity to get one.
s7513,Movie,We'll Be Right Back After The Break,Ahmed Nader Galal,"Karim Abdel Aziz, Dina Fouad, Mohamed Lotfy, Ahmed Rateb, Rasha Amin, Youssef Eid, Mostafa Abbas, Maged El Kedwany, Sabri Abdulmonem, Abdalah Mishrif",Egypt,"April 28, 2020",2012,TV-14,106 min,"Action & Adventure, Comedies, International Movies","While fighting a child custody battle against his father-in-law, a taxi driver loses his memory when his son is kidnapped."
s7521,TV Show,Weeds,,"Mary-Louise Parker, Hunter Parrish, Alexander Gould, Kevin Nealon, Justin Kirk, Elizabeth Perkins, Allie Grant, Andy Milder, Tonye Patano, Romany Malco",United States,"April 1, 2014",2012,TV-MA,8 Seasons,"TV Comedies, TV Dramas",A suburban mother starts selling marijuana to her affluent neighbors so she can maintain her comfortable lifestyle after her husband's sudden death.
s7557,TV Show,What Is Love?,,"Chris Wu, Jade Chou, Duncan Lai, King Chin, Kimi Hsia, Gina Lim",Taiwan,"January 1, 2017",2012,TV-14,1 Season,"International TV Shows, Romantic TV Shows, TV Comedies","A 32-year-old romantic looking for a long-term, monogamous relationship meets a handsome bad boy who only believes in one-night stands."
s7708,Movie,Yes or No 2,Saratswadee Wongsomphet,"Supanart Jittaleela, Sushar Manaying, Nisa Boonsantear, Apittha Khlaiudom, Apapattra Meesang",Thailand,"November 8, 2018",2012,TV-PG,112 min,"International Movies, LGBTQ Movies, Romantic Movies","No longer university girls, Kim and Pie face new hurdles in their relationship, including work, new friends and other distractions."
s7744,TV Show,Yours Fatefully,,"Kingone Wang, Jesseca Liu, Xiang Yun, Chen Shucheng, Eelyn Kok, Cavin Soh, Sora Ma",Singapore,"July 1, 2017",2012,TV-14,1 Season,"International TV Shows, Romantic TV Shows, TV Comedies","Two lonely singles meet on a blind date and slowly get to know each other, unaware that their parents are friends and may be falling in love."
s7768,TV Show,Zindagi Gulzar Hai,,"Sanam Saeed, Fawad Khan, Ayesha Omer, Mehreen Raheel, Sheheryar Munawar, Samina Peerzada, Waseem Abbas, Javed Sheikh, Hina Khawaja Bayat",Pakistan,"December 15, 2016",2012,TV-PG,1 Season,"International TV Shows, Romantic TV Shows, TV Dramas","Strong-willed, middle-class Kashaf and carefree, wealthy Zaroon meet in college, but before love can take root, they each have some growing up to do."
