show_id,type,title,director,cast,country,date_added,release_year,rating,duration,listed_in,description
s202,Movie,A Love Story,Maryo J. De los Reyes,"Maricel Soriano, Aga Muhlach, Angelica Panganiban, Dante Rivero, Chin Chin Gutierrez, Bobby Andrews, TJ Trinidad, Baron Geisler, John Arcilla, Gerald Madrid",Philippines,"March 14, 2019",2007,TV-14,117 min,"Dramas, International Movies, Romantic Movies","Self-made millionaire Ian thinks he's found happiness when he marries caring Joanna, but his love is put to the test when he meets stewardess Karyn."
s298,Movie,Across the Universe,Julie Taymor,"Evan Rachel Wood, Jim Sturgess, Joe Anderson, Dana Fuchs, Martin Luther, James Urbaniak, T.V. Carpio, Spencer Liff","United States, United Kingdom","January 1, 2019",2007,PG-13,133 min,"Dramas, Music & Musicals, Romantic Movies","An American girl and a British lad fall in love amid the social and political upheaval of the 1960s, in this musical featuring songs by the Beatles."
s556,Movie,Anwar,Manish Jha,"Siddharth Koirala, Nauheed Cyrusi, Manisha Koirala, Rajpal Yadav, Yashpal Sharma, Vijay Raaz, Hiten Tejwani, Sudhir Pandey, Sanjay Mishra, Lalit Tiwari",India,"December 31, 2019",2007,TV-14,134 min,"Dramas, Independent Movies, International Movies","Seeking refuge in a Hindu temple after the tragic death of the girl he loved, a Muslim youth is caught by the police, who mistake him for an enemy."
s633,TV Show,Avatar: The Last Airbender,,"Zach Tyler, Mae Whitman, Jack De Sena, Dee Bradley Baker, Dante Basco, Jessie Flower, Mako Iwamatsu",United States,"May 15, 2020",2007,TV-Y7,3 Seasons,"Classic & Cult TV, Kids' TV, TV Action & Adventure","Siblings Katara and Sokka wake young Aang from a long hibernation and learn he's an Avatar, whose air-bending powers can defeat the evil Fire Nation."
s802,Movie,Becoming Jane,Julian Jarrold,"Anne Hathaway, James McAvoy, Julie Walters, James Cromwell, Maggie Smith, Laurence Fox, Ian Richardson","United Kingdom, Ireland","January 12, 2019",2007,PG-13,121 min,"Dramas, Romantic Movies",A passionate romance with roguish barrister Tom Lefroy serves as the inspiration for the works of budding novelist Jane Austen.
s804,Movie,Bee Movie,"Steve Hickner, Simon J. Smith","Jerry Seinfeld, Renée Zellweger, Matthew Broderick, Patrick Warburton, John Goodman, Chris Rock, Kathy Bates, Barry Levinson, Larry King, Ray Liotta","United States, Australia","January 1, 2017",2007,PG,92 min,"Children & Family Movies, Comedies","Barry, a worker bee stuck in a dead-end job making honey, sues humans when he learns they've been stealing bees' nectar all along."
s892,Movie,Bhool Bhulaiyaa,Priyadarshan,"Akshay Kumar, Vidya Balan, Ameesha Patel, Shiney Ahuja, Paresh Rawal, Rajpal Yadav, Manoj Joshi, Asrani, Vikram Gokhale, Rasika Joshi",India,"October 22, 2017",2007,TV-14,148 min,"Dramas, International Movies, Thrillers","Siddharth dismisses warnings that his palace might be haunted, until ghostly occurrences force him to reconsider his beliefs."
s964,Movie,Black Snake Moan,Craig Brewer,"Samuel L. Jackson, Christina Ricci, Justin Timberlake, S. Epatha Merkerson, John Cothran, David Banner, Michael Raymond-James, Adriane Lenox, Kim Richards, Neimus K. Williams",United States,"November 20, 2019",2007,R,116 min,"Dramas, Independent Movies","Lazarus finds Rae beaten and near death, and acts as a father figure to help redeem her. But before saving anyone, Lazarus must face his own demons."
s1011,TV Show,Bo on the Go!,,"Catherine O'Connor, Andrew Sabiston, Jim Fowler",Canada,"March 21, 2019",2007,TV-Y,1 Season,Kids' TV,"Staying at home doesn't mean sitting still for energetic Bo and her little dragon friend Dezzy, who embark on amazing adventures through movement."
s1078,Movie,Bratz: The Movie,Sean McNamara,"Logan Browning, Janel Parrish, Nathalia Ramos, Skyler Shaye, Chelsea Kane",United States,"June 29, 2020",2007,PG,102 min,"Children & Family Movies, Comedies","When high school hierarchy divides four best friends into different cliques, the girls defy expectations and try to bring their groups together."
s1197,Movie,Can’t Complain,Ahmed Nader Galal,"Ahmed Helmy, Menna Shalaby, Khaled El Sawy, Lotfy Labib",Egypt,"June 3, 2020",2007,TV-MA,114 min,"Comedies, International Movies, Romantic Movies","Raised by a father to fraudulently act as one person, three identical brothers end up pining for the same woman as one triplet seeks psychiatric help."
s1449,TV Show,Code Lyoko,,"Raphaelle Bruneau, Sophie Landresse, Marie-Line Landerwyn, Géraldine Frippiat, Carole Baillien, Bruno Mullenaerts, Frédéric Meaux","France, Belgium","October 1, 2020",2007,TV-Y7,4 Seasons,Kids' TV,"After discovering a parallel universe hidden inside a supercomputer, four students must stop a renegade virus from destroying the secret world."
s1450,Movie,Code Name: The Cleaner,Les Mayfield,"Cedric the Entertainer, Lucy Liu, Nicollette Sheridan, Mark Dacascos, Callum Keith Rennie, DeRay Davis, Niecy Nash, Will Patton",United States,"November 1, 2019",2007,PG-13,91 min,"Action & Adventure, Comedies",A mild-mannered janitor duped into believing he's an undercover agent stumbles into an international arms ring plot involving the CIA and the FBI.
s1733,Movie,Dhamaal,Indra Kumar,"Sanjay Dutt, Riteish Deshmukh, Arshad Warsi, Aashish Chaudhary, Javed Jaffrey, Prem Chopra, Asrani, Tiku Talsania",India,"December 31, 2019",2007,TV-14,128 min,"Action & Adventure, Comedies, International Movies","Tipped off about buried money in Goa, four ne’er-do-well friends go on the hunt, chased by a police officer who wants the treasure for himself."
s1734,Movie,Dhan Dhana Dhan Goal,Vivek Agnihotri,"John Abraham, Bipasha Basu, Arshad Warsi, Shernaz Patel, Boman Irani, Dibyendu Bhattacharya, Gilbert Montoya, Dalip Tahil, Rajendranath Zutshi","United Kingdom, India","November 1, 2018",2007,TV-14,157 min,"Dramas, Music & Musicals, Sports Movies","In a last-ditch effort, the jaded coach of the Southall United Football Club assembles a ragtag team and helps lead the team to a comeback season."
s1766,TV Show,Dinner for Five,,,United States,"February 4, 2008",2007,TV-MA,1 Season,Stand-Up Comedy & Talk Shows,"In each episode, four celebrities join host Jon Favreau for dinner and share revealing stories about both show business and their personal lives."
s2038,Movie,Evan Almighty,Tom Shadyac,"Steve Carell, John Goodman, Molly Shannon, Lauren Graham, Graham Phillips, Johnny Simmons, Morgan Freeman, Wanda Sykes, John Michael Higgins, Jonah Hill, Jimmy Bennett",United States,"April 16, 2019",2007,PG,96 min,"Children & Family Movies, Comedies, Faith & Spirituality","God summons narcissistic Evan to build an ark in preparation for a flood. Meanwhile, Evan's family interprets his new hobby as a midlife crisis."
s2253,Movie,Fracture,Gregory Hoblit,"Anthony Hopkins, Ryan Gosling, David Strathairn, Rosamund Pike, Embeth Davidtz, Billy Burke, Cliff Curtis, Fiona Shaw, Bob Gunton, Josh Stamberg","United States, Germany","April 1, 2019",2007,R,113 min,"Dramas, Thrillers","Ted Crawford, who allegedly attempted to murder his wife, is now locked in a battle of wits with a young assistant district attorney."
s2261,Movie,Frank and Cindy,G.J. Echternkamp,,United States,"April 1, 2016",2007,TV-MA,70 min,"Documentaries, Music & Musicals","Frank was a rising pop star when he married Cindy, but decades of dashed dreams and alcoholism have left the pair struggling to find happiness."
s2270,Movie,Fred Claus,David Dobkin,"Vince Vaughn, Paul Giamatti, John Michael Higgins, Miranda Richardson, Rachel Weisz, Kathy Bates, Trevor Peacock, Ludacris, Elizabeth Banks",United States,"January 1, 2021",2007,PG,115 min,"Children & Family Movies, Comedies",The holiday season is ruined for Santa Claus when his cranky older brother – a repo man with a sizable rap sheet – visits him at the North Pole.
s2356,Movie,Garfield Gets Real,"Mark A.Z. Dippé, Kyung Ho Lee","Frank Welker, Wally Wingert, Gregg Berger, Jennifer Darling, Pat Fraley, Jason Marsden, Neil Ross, Audrey Wasilewski, Stephen Stanton, Greg Eagles",United States,"January 1, 2020",2007,TV-Y,78 min,"Children & Family Movies, Comedies","After trying to live in the ""real world"" and concluding it isn't for him, Garfield must return to his comic-strip home before getting trapped forever."
s2400,Movie,Ghost Rider,Mark Steven Johnson,"Nicolas Cage, Eva Mendes, Wes Bentley, Sam Elliott, Donal Logue, Matt Long, Peter Fonda, Brett Cullen, Raquel Alessi, Laurence Breuls","United States, Australia","October 1, 2020",2007,PG-13,110 min,"Action & Adventure, Sci-Fi & Fantasy","After selling his soul to save a loved one, daredevil biker Johnny Blaze pays the price by becoming a flame-skulled bounty hunter for Mephistopheles."
s2428,TV Show,Girlfriends,,"Tracee Ellis Ross, Golden Brooks, Persia White, Jill Marie Jones, Reginald C. Hayes",United States,"September 11, 2020",2007,TV-14,8 Seasons,TV Comedies,"Four close friends in Los Angeles challenge and support each other through life's triumphs and disasters. Sophisticated, relatable and always funny."
s2485,Movie,Good Luck Chuck,Mark Helfrich,"Dane Cook, Jessica Alba, Dan Fogler, Ellia English, Sasha Pieterse, Annie Wood, Lonny Ross, Chelan Simmons, Simone Bailly, Jodelle Ferland, Crystal Lowe, Troy Gentile, Georgia Craig, Michelle Harrison, Chiara Zanni","United States, Canada","October 1, 2019",2007,UR,99 min,"Comedies, Romantic Movies","Every time Chuck breaks up with a girlfriend, she ends up engaged to her next boyfriend. Soon, women are dating Chuck in hopes of meeting Mr. Right."
s2558,TV Show,Gurren Lagann,,"Tetsuya Kakihara, Katsuyuki Konishi, Marina Inoue, Masaya Onosaka, Nobuyuki Hiyama, Shizuka Ito, Daiki Nakamura, Kisho Taniyama, Rina Sato, Kana Ueda, Kana Asumi, Mitsuki Saiga, Takako Honda, Yukari Fukui, Kiyoyuki Yanada, Michiko Neya, Akio Suyama, Kiyoshi Kawakubo, Narushi Ikeda, Andrea Kwan, Brett Weaver, Bridget Hoffman, Dave Bridges, David Lee Mckinney, Hynden Walch, Kyle Hebert, Michelle Ruff, Yuri Lowenthal",Japan,"September 1, 2017",2007,TV-14,1 Season,"Anime Series, International TV Shows","When a young laborer escapes to the world aboveground, he discovers a violent land in which humans battle robots controlled by a power-hungry noble."
s2559,Movie,Guru,Mani Ratnam,"Abhishek Bachchan, Mithun Chakraborty, Aishwarya Rai Bachchan, Madhavan, Vidya Balan, Roshan Seth, Arya Babbar, Sachin Khedekar, Dhritiman Chatterjee, Manoj Joshi",India,"March 1, 2018",2007,TV-PG,155 min,"Dramas, International Movies",Ambitious Gurukant Desai ignores his father's advice and leaves his village to find success in Turkey.
s2579,Movie,Hairspray,Adam Shankman,"Nikki Blonsky, John Travolta, Michelle Pfeiffer, Christopher Walken, Amanda Bynes, James Marsden, Queen Latifah, Zac Efron, Brittany Snow, Allison Janney, Elijah Kelley, Jerry Stiller","United States, United Kingdom, Canada","January 1, 2020",2007,PG,116 min,"Children & Family Movies, Comedies, Music & Musicals","In 1962, ambitious plus-size teen Tracy Turnblad tries to integrate a racially divided Baltimore one Watusi at a time."
s2651,Movie,Hattrick,Milan Luthria,"Nana Patekar, Paresh Rawal, Kunal Kapoor, Rimi Sen, Danny Denzongpa, Prateeksha Lonkar, Gautam Bhimani, Harsha Bhogle",India,"November 1, 2018",2007,TV-14,109 min,"Comedies, Dramas, International Movies",Stories of personal victories coincide with Team India's battle for the Cricket World Cup in this engaging ensemble drama.
s2796,Movie,Honeymoon Travels Pvt. Ltd.,Reema Kagti,"Shabana Azmi, Boman Irani, Abhay Deol, Minissha Lamba, Kay Kay Menon, Raima Sen, Sandhya Mridul, Vikram Chatwal, Ameesha Patel, Karan Khanna, Diya Mirza, Ranvir Shorey",India,"December 15, 2019",2007,TV-14,119 min,"Comedies, Dramas, International Movies",This offbeat comedy-drama follows six quirky newlywed couples as they set off on a bus from Mumbai to Goa on their honeymoons.
s2824,Movie,Hot Rod,Akiva Schaffer,"Andy Samberg, Jorma Taccone, Bill Hader, Danny McBride, Isla Fisher, Sissy Spacek, Ian McShane, Will Arnett, Chris Parnell, Chester Tam",United States,"November 20, 2019",2007,PG-13,88 min,"Comedies, Sports Movies",Andy Samberg stars in this comedy as an accident-prone daredevil who's determined to jump 15 buses on his moped and impress his abusive stepfather.
s3025,TV Show,Intelligence,,"Ian Tracey, Klea Scott, John Cassini, Matt Frewer, Alana Husband, Kyla Wise, Camille Sullivan, Darcy Laurie, Eugene Lipinski, Michael Eklund",Canada,"July 19, 2017",2007,TV-MA,2 Seasons,"Crime TV Shows, TV Dramas",Clashes both on the street and in the bedroom pits the female head of the Organized Crime Unit against the cocky leader of a pot-smuggling ring.
s3035,Movie,Into the Wild,Sean Penn,"Emile Hirsch, Marcia Gay Harden, William Hurt, Jena Malone, Brian Dierker, Catherine Keener, Vince Vaughn, Kristen Stewart, Hal Holbrook, Zach Galifianakis",United States,"January 1, 2021",2007,R,148 min,"Action & Adventure, Dramas, Independent Movies",A young man gives up everything – including his trust fund and ties to a seemingly stable family – to lead a solitary life in the wild.
s3096,Movie,Jab We Met,Imtiaz Ali,"Shahid Kapoor, Kareena Kapoor, Tarun Arora, Dara Singh, Pavan Malhotra, Kamal Tiwari, Kiran Juneja, Divya Seth, Saumya Tandon",India,"September 28, 2020",2007,TV-14,143 min,"Comedies, International Movies, Music & Musicals",Changing fortunes await a wealthy but dejected industrialist when he meets a spirited chatterbox on a train in this breezy Bollywood romantic comedy.
s3249,Movie,Just Another Love Story,Ole Bornedal,"Anders W. Berthelsen, Rebecka Hemse, Nikolaj Lie Kaas, Charlotte Fich, Dejan Cukic, Karsten Jansfort, Flemming Enevold, Bent Mejding, Ewa Fröling, Josephine Raahauge, Timm Vladimir, Ditte Hansen",Denmark,"May 5, 2009",2007,TV-MA,104 min,"Dramas, International Movies","When he causes a car accident that leaves a young woman with amnesia, a man finds himself telling incredible lies to make her and her family happy."
s3308,Movie,Karkar,Ali Ragab,"Mohamed Saad, Hassan Hosny, Ragaa Al-Geddawy, Yasmin Abdulaziz, Alaa Morsy",Egypt,"May 19, 2020",2007,TV-14,107 min,"Comedies, International Movies","After electrocution leaves a wealthy man brain-damaged, his money-hungry aunt and uncle try to con him by marrying him off to a fake relative."
s3317,TV Show,Kath and Kim,,"Jane Turner, Gina Riley, Glenn Robbins, Peter Rowsthorn, Magda Szubanski",Australia,"July 28, 2018",2007,TV-MA,6 Seasons,TV Comedies,"As Kath prepares to wed fine-meats purveyor Kel, her daughter Kim moves back home after becoming disillusioned with her two-month marriage to Brett."
s3322,Movie,Katt Williams: American Hustle (The Movie),Brit McAdams,"Katt Williams, Da Brat, Snoop Dogg, Tamala Jones, Jeremy Piven, Ludacris, Melanie Comarcho, Red Grant, Alphonso Mcauley, Damaine Radcliff, Taran Killam",United States,"May 17, 2018",2007,TV-MA,89 min,Stand-Up Comedy,"An aspiring actor leaves Hollywood and takes to the road to do stand-up after he's cast in a series of increasingly stereotypical ""black"" roles."
s3625,Movie,Life in a ... Metro,Anurag Basu,"Dharmendra, Irrfan Khan, Konkona Sen Sharma, Kay Kay Menon, Shilpa Shetty, Shiney Ahuja, Sharman Joshi, Kangana Ranaut, Nafisa Ali, Manoj Pahwa",India,"November 1, 2018",2007,TV-14,126 min,"Dramas, International Movies, Music & Musicals",A group of Mumbai up-and-comers search for love and struggle for success in this ensemble drama that centers on an eager young call-center executive.
s3915,Movie,Manorama Six Feet Under,Navdeep Singh,"Abhay Deol, Gul Panag, Raima Sen, Sarika, Kulbhushan Kharbanda, Vinay Pathak, Yana Gupta, Jogi, Brijendra Kala, Nawazuddin Siddiqui",India,"September 28, 2020",2007,TV-14,129 min,"Dramas, International Movies, Thrillers","A government employee and aspiring crime writer, who is under investigation for corruption, is asked by a politician's wife to spy on her husband."
s4261,Movie,Mr. Woodcock,Craig Gillespie,"Billy Bob Thornton, Seann William Scott, Ethan Suplee, Melissa Sagemiller, Susan Sarandon, Melissa Leo, Bill Macy, Kurt Fuller, Amy Poehler",United States,"September 1, 2019",2007,PG-13,88 min,Comedies,"When a self-help author learns that his mother has fallen for his sadistic high school gym teacher, he tries to put a stop to their budding romance."
s4291,Movie,Murder Party,Jeremy Saulnier,"Alex Barnett, Macon Blair, Paul Goldblatt, Stacy Rock, William Lacey, Beau Sia, Skei Saulnier, Chris Sharp, Bill Tangradi",United States,"September 1, 2018",2007,NR,79 min,"Comedies, Cult Movies, Horror Movies","A mild-mannered office drone plucks a Halloween party invitation off the street and suddenly finds himself the main event at a ""murder party."""
s4320,Movie,My Fuhrer,Dani Levy,"Helge Schneider, Ulrich Mühe, Sylvester Groth, Adriana Altaras, Stefan Kurt, Ulrich Noethen, Lambert Hamel, Udo Kroschwald, Torsten Michaelis, Axel Werner",Germany,"May 7, 2018",2007,TV-14,91 min,"Comedies, International Movies",Germany's most celebrated actor is commissioned by Nazi propagandist Joseph Goebbels to prepare the leader of the Third Reich to deliver a speech.
s4397,Movie,Namastey London,Vipul Amrutlal Shah,"Akshay Kumar, Katrina Kaif, Rishi Kapoor, Upen Patel, Javed Sheikh, Nina Wadia, Clive Standen, Tiffany Mulheron",India,"July 1, 2018",2007,TV-14,130 min,"Comedies, Dramas, International Movies","To her Indian parents' dismay, London-born Jasmeet ""Jazz"" Malhotra longs for everything Western, including her British boyfriend. On a family trip to India, her father arranges Jazz's nuptials to Arjun Ballu Singh, who's smitten with his new bride."
s4409,Movie,Naruto Shippuden: The Movie,Hajime Kamegaki,"Junko Takeuchi, Chie Nakamura, Yoichi Masukawa, Kôichi Tôchika, Masako Katsuki, Keiko Nemoto, Kazuhiko Inoue, Masashi Ebara, Showtaro Morikubo, Romi Park, Ayumi Fujimura, Fumiko Orikasa",Japan,"October 15, 2016",2007,TV-PG,95 min,"Action & Adventure, Anime Features, International Movies","The adventures of adolescent ninja Naruto Uzumaki continue as he's tasked with protecting a priestess from a demon – but to do so, he must die."
s4457,Movie,Next,Lee Tamahori,"Nicolas Cage, Julianne Moore, Jessica Biel, Thomas Kretschmann, Tory Kittles, José Zúñiga, Jim Beaver, Jason Butler Harner, Michael Trucco, Enzo Cilenti",United States,"July 1, 2019",2007,PG-13,96 min,"Action & Adventure, Sci-Fi & Fantasy",Las Vegas magician Cris can see a few minutes into the future and an FBI agent wants his help thwarting a nuclear attack.
s4495,Movie,No Reservations,Scott Hicks,"Catherine Zeta-Jones, Aaron Eckhart, Abigail Breslin, Patricia Clarkson, Jenny Wade, Bob Balaban, Brían F. O'Byrne, Lily Rabe",United States,"October 1, 2019",2007,PG,104 min,"Comedies, Romantic Movies","Kate, an uptight chef, finds her life turned upside down when her sister dies in a car accident and she becomes her niece's sole guardian."
s4565,Movie,Ocean's Thirteen,Steven Soderbergh,"George Clooney, Brad Pitt, Matt Damon, Andy Garcia, Don Cheadle, Bernie Mac, Ellen Barkin, Al Pacino, Casey Affleck, Scott Caan",United States,"October 1, 2019",2007,PG-13,122 min,"Action & Adventure, Comedies",This entry in the all-star caper franchise finds debonair con man Danny Ocean and his gang taking revenge on a double-crossing Las Vegas kingpin.
s4609,Movie,Om Shanti Om,Farah Khan,"Shah Rukh Khan, Deepika Padukone, Shreyas Talpade, Arjun Rampal, Kirron Kher, Javed Sheikh",India,"April 1, 2018",2007,TV-14,169 min,"Comedies, Dramas, International Movies","Reincarnated 30 years after being killed in a suspicious on-set fire, a small-time actor is determined to punish the person who ignited the blaze."
s4721,Movie,P.S. I Love You,Richard LaGravenese,"Hilary Swank, Gerard Butler, Lisa Kudrow, Gina Gershon, James Marsters, Kathy Bates, Harry Connick Jr., Nellie McKay, Jeffrey Dean Morgan, Dean Winters",United States,"April 1, 2019",2007,PG-13,126 min,"Dramas, Romantic Movies","When she loses her beloved husband to a brain tumor, grieving widow Holly Kennedy learns that he left a series of letters behind to help her cope."
s4728,Movie,Pablo Escobar: Angel or Demon?,Jorge Granier,,"Venezuela, Colombia","March 23, 2018",2007,NR,82 min,"Documentaries, International Movies",This documentary traces the steps of druglord Pablo Escobar with vivid eyewitness accounts that reconstruct his bloody reign in Colombia.
s4741,Movie,Pahuyut Fighting Beat,Piti Jaturaphat,"Nattanun Jantarawetch, David Bueno, Peerawat Herabat, Andrew Koji, Nahatai Lekbumrung, Lex Luther, Tim Man, Micky Nowacki, Sura Sankum, Amornrit Sriphung",Thailand,"July 26, 2018",2007,TV-MA,82 min,"Action & Adventure, International Movies","When profit-seekers threaten to take over a bar in a tourist town, local martial artists put their skills to the test and fight back."
s4768,Movie,Paranormal Activity,Oren Peli,"Katie Featherston, Randy McDowell, Amber Armstrong, Mark Fredrichs, Micah Sloat, Ashley Palmer, James Piper",United States,"January 1, 2020",2007,R,86 min,"Horror Movies, Thrillers","When Katie and Micah fear their home may be haunted by a demonic presence, Micah sets up a video camera to document all the action."
s4829,Movie,Perfect Stranger,James Foley,"Halle Berry, Bruce Willis, Giovanni Ribisi, Richard Portnow, Gary Dourdan, Florencia Lozano, Nicki Aycox, Kathleen Chalfant, Gordon MacDonald, Daniella Van Graas",United States,"January 1, 2019",2007,R,109 min,Thrillers,Ro risks her life to discover the identity of a stranger lurking on the Internet who might hold the answers to her friend's murder.
s4939,TV Show,Power Rangers Operation Overdrive,,"James Maclurcan, Caitlin Murphy, Samuell Benta, Rhoda Montemayor, Gareth Yuen, Dwayne Cameron, Rod Lousich, David Weatherley, Kelson Henderson, Gerald Urquhart, Ria Vandervis, Mark Ferguson","United States, New Zealand, Japan","January 1, 2016",2007,TV-Y7,1 Season,Kids' TV,"To keep powerful jewels from falling into the hands of two wicked brothers, five young Power Rangers set out on a dangerous global adventure."
s5349,Movie,Sakhi,Sanjay Soorkar,"Ashok Saraf, Sonali Kulkarni, Subodh Bhave, Usha Nadkarni, Raghavendra Kadkol, Pushkar Shrotri, Lokesh Gupte, Santosh Juvekar, Jyoti Joshi, Kishor Mahabole",India,"February 15, 2018",2007,TV-PG,152 min,"Dramas, International Movies, Music & Musicals","Caught in a downward spiral of failed career moves, misguided ambitions and bad relations, a pair of lost souls find hope in an unexpected friendship."
s5458,Movie,Secret,Jay Chou,"Jay Chou, Lun-Mei Kwai, Anthony Wong Chau-Sang, Kai-xuan Tseng, Devon Song, Jun Lang Huang, Zhan Yuhao","Hong Kong, Taiwan","July 1, 2018",2007,TV-PG,101 min,"Dramas, International Movies, Music & Musicals","Enchanted by a pretty pianist and the haunting melody she plays, a musical prodigy falls in love. But a secret soon threatens to derail their romance."
s5574,Movie,Shootout at Lokhandwala,Apoorva Lakhia,"Sanjay Dutt, Sunil Shetty, Amitabh Bachchan, Arbaaz Khan, Abhishek Bachchan, Diya Mirza, Aarti Chhabria, Tusshar Kapoor, Vivek Oberoi, Neha Dhupia, Rohit Roy, Aditya Lakhia, Ravi Gossain, Shabbir Ahluwalia, Akhilendra Mishra, Amrita Singh",India,"May 15, 2019",2007,UR,116 min,"Action & Adventure, Dramas, International Movies","Based on a true story, this action film follows an incident that stunned a nation in the early 1990s. In Mumbai, India, the notorious gangster Maya holds off veteran cop Khan and a force of more than 200 policemen in a six-hour bloody gunfight."
s5754,Movie,Spider-Man 3,Sam Raimi,"Tobey Maguire, Kirsten Dunst, James Franco, Thomas Haden Church, Topher Grace, Bryce Dallas Howard, Rosemary Harris, J.K. Simmons, James Cromwell, Theresa Russell, Dylan Baker, Bill Nunn, Bruce Campbell, Elizabeth Banks",United States,"November 1, 2019",2007,PG-13,139 min,"Action & Adventure, Sci-Fi & Fantasy",The seemingly invincible Spider-Man goes up against an all-new crop of villains in the third installment of the blockbuster adventure series.
s5795,Movie,Stardust,Matthew Vaughn,"Claire Danes, Michelle Pfeiffer, Robert De Niro, Charlie Cox, Sienna Miller, Ricky Gervais, Jason Flemyng, Rupert Everett, Peter O'Toole, Mark Strong, Kate Magowan, Ian McKellen","United Kingdom, United States","July 1, 2020",2007,PG-13,128 min,"Action & Adventure, International Movies, Romantic Movies","To win his true love's heart, wide-eyed Tristan Thorn journeys to a forbidden realm to retrieve a fallen star that has taken human form."
s5907,Movie,Superbad,Greg Mottola,"Jonah Hill, Michael Cera, Christopher Mintz-Plasse, Bill Hader, Seth Rogen, Martha MacIsaac, Emma Stone, Aviva Baumann, Joe Lo Truglio, Kevin Corrigan",United States,"January 1, 2021",2007,R,113 min,"Comedies, Cult Movies","Hoping to have sex before college, high school seniors Seth and Evan try to score booze for a huge party, leading to a series of wild misadventures."
s5919,Movie,Surf's Up,"Ash Brannon, Chris Buck","Shia LaBeouf, Jeff Bridges, Zooey Deschanel, Jon Heder, James Woods, Diedrich Bader, Mario Cantone, Kelly Slater, Rob Machado, Sal Masekela",United States,"January 1, 2021",2007,PG,86 min,"Children & Family Movies, Comedies, Sports Movies",This Oscar-nominated animated comedy goes behind the scenes at the Penguin World Surfing Championship to get a close-up look at the inventors of surfing.
s5938,Movie,Sweeney Todd: The Demon Barber of Fleet Street,Tim Burton,"Johnny Depp, Helena Bonham Carter, Alan Rickman, Timothy Spall, Sacha Baron Cohen, Jamie Campbell Bower, Laura Michelle Kelly, Jayne Wisener, Ed Sanders","United States, United Kingdom","January 1, 2020",2007,R,116 min,"Dramas, Horror Movies, Music & Musicals","After being falsely imprisoned, a vengeful murderer covers his tracks by enlisting the help of a baker whose meat pies become the toast of London."
s5955,Movie,Taare Zameen Par,Aamir Khan,"Aamir Khan, Darsheel Safary, Tanay Chheda, Tisca Chopra, Vipin Sharma, Girija Oak, M.K. Raina",India,"January 10, 2021",2007,PG,162 min,"Dramas, International Movies","When daydreamer Ishaan is sent to boarding school, an unconventional art teacher tries to help the imaginative student discover his true identity."
s6014,Movie,Teenage Mutant Ninja Turtles,Kevin Munroe,"Chris Evans, Sarah Michelle Gellar, Mako Iwamatsu, Kevin Smith, Patrick Stewart, Zhang Ziyi, Laurence Fishburne, Mitchell Whitfield, James Arnold Taylor, Mikey Kelley, Nolan North","Hong Kong, United States","May 1, 2019",2007,PG,87 min,"Children & Family Movies, Comedies","In this animated adventure, Master Splinter whips the four Ninja Turtles back into shape to defeat monsters running amok in New York."
s6057,TV Show,The 4400,,"Joel Gretsch, Jacqueline McKenzie, Patrick John Flueger, Conchita Campbell, Chad Faust, Richard Kahan, Mahershala Ali, Billy Campbell","United States, United Kingdom","September 1, 2013",2007,TV-14,4 Seasons,"TV Dramas, TV Mysteries, TV Sci-Fi & Fantasy","4400 people who vanished over the course of five decades suddenly reappear. None have aged, and slowly it's revealed that they have mysterious powers."
s6071,Movie,The Aerial,Esteban Sapir,"Rafael Ferro, Sol Moreno, Jonathan Sandor, Alejandro Urdapilleta, Julieta Cardinali, Florencia Raggi, Valeria Bertuccelli, Raúl Hochman, Ricardo Merkin, Carlos Piñeyro",Argentina,"April 1, 2018",2007,TV-MA,99 min,"Dramas, International Movies, Sci-Fi & Fantasy","In the City Without a Voice, only faceless singer the Voice can still vocalize. Everyone else has lost the power of speech as they let Mr. TV's broadcasts speak for them. But when Mr. TV kidnaps the Voice, things change."
s6172,Movie,The Brave One,Neil Jordan,"Jodie Foster, Terrence Howard, Naveen Andrews, Carmen Ejogo, Nicky Katt, Mary Steenburgen, Lenny Venito, Zoë Kravitz, Jane Adams, Gordon MacDonald",United States,"November 1, 2019",2007,R,122 min,"Dramas, Thrillers",New York City radio host Erica Bain decides to take the law into her own hands after losing her fiancé in a brutal Central Park attack.
s6185,Movie,The Bucket List,Rob Reiner,"Jack Nicholson, Morgan Freeman, Sean Hayes, Beverly Todd, Alfonso Freeman, Rob Morrow, Rowena King, Christopher Stapleton, Ian Anthony Dale, Richard McGonagle",United States,"October 1, 2019",2007,PG-13,97 min,"Comedies, Dramas",Two terminally ill men bust out of the cancer ward with a plan to experience life to the fullest before they kick the bucket.
s6321,Movie,The Dukes of Hazzard: The Beginning,Robert Berlinger,"Randy Wayne, Jonathan Bennett, Joel David Moore, Willie Nelson, April Scott, Harland Williams, Christopher McDonald, Hal Williams, Sherilyn Fenn, Gary Cole",United States,"January 1, 2020",2007,R,95 min,"Action & Adventure, Comedies","The mischievous Duke boys, Bo and Luke, are sent to live with their Uncle Jesse and cousin Daisy in this prequel movie to the popular TV series."
s6382,TV Show,The Future of Water,,,Norway,"July 1, 2016",2007,TV-PG,1 Season,"Docuseries, International TV Shows, Science & Nature TV",A look at the deeply intertwined history of humanity and fresh water reveals looming challenges that could upend power structures around the world.
s6398,TV Show,The Golden Path,,"Li Nanxing, Chen Liping, Chew Chor Meng, Tay Ping Hui, Joanne Peh, Felicia Chin, Huang Wenyong, Alan Tern",,"November 1, 2017",2007,TV-MA,1 Season,"International TV Shows, TV Dramas","A single mother of five struggles for decades to forge a successful business empire, only to see her family descend into animosity and betrayal."
s6446,Movie,The Heartbreak Kid,"Bobby Farrelly, Peter Farrelly","Ben Stiller, Michelle Monaghan, Jerry Stiller, Malin Akerman, Stephanie Courtney, Rob Corddry, Carlos Mencia, Ali Hillis, Danny McBride, Scott Wilson",United States,"May 1, 2020",2007,R,116 min,"Comedies, Romantic Movies","Ben Stiller stars as a newlywed who marries a dreamy woman, only to learn on their honeymoon that she's a total nightmare."
s6517,Movie,The Jane Austen Book Club,Robin Swicord,"Maria Bello, Emily Blunt, Kathy Baker, Amy Brenneman, Maggie Grace, Jimmy Smits, Hugh Dancy, Marc Blucas, Lynn Redgrave, Kevin Zegers, Nancy Travis",United States,"March 8, 2019",2007,PG-13,106 min,"Comedies, Dramas, Romantic Movies",Six book club members find their lives resemble a modern-day version of Jane Austen's novels in this drama.
s6721,Movie,The Old Thieves: The Legend of Artegios,Everardo González,,Mexico,"November 1, 2019",2007,TV-MA,97 min,"Documentaries, International Movies","While carrying out prison sentences, five notorious thieves in Mexico City share their principles, preferred methods and respect for the craft."
s6762,Movie,The Pixar Story,Leslie Iwerks,Stacy Keach,United States,"November 18, 2018",2007,G,89 min,Documentaries,Go behind the scenes at Pixar Animation Studios with this Emmy-nominated documentary tracing the creation and history of the groundbreaking company.
s6987,TV Show,The War: A Film by Ken Burns and Lynn Novick,,Keith David,United States,"February 22, 2017",2007,TV-14,1 Season,Docuseries,"A seven-part series brings World War II to life through the harrowing personal accounts of soldiers and others from ""typical"" American towns."
s6990,Movie,The Water Horse: Legend of the Deep,Jay Russell,"Emily Watson, Alex Etel, Ben Chaplin, David Morrissey, Brian Cox, Priyanka Xi, Marshall Napier, Joel Tobeck, Erroll Shand, Craig Hall","New Zealand, United Kingdom, Australia","November 1, 2018",2007,PG,112 min,Children & Family Movies,A boy watches an egg he found hatch into something incredible. But how long can he keep such a big secret from his mom – and the Scottish government?
s7039,Movie,There Will Be Blood,Paul Thomas Anderson,"Daniel Day-Lewis, Paul Dano, Kevin J. O'Connor, Ciarán Hinds, Dillon Freasier, Sydney McCallister, David Willis, David Warshofsky, Colton Woodward, Russell Harvard",United States,"March 1, 2020",2007,R,158 min,"Dramas, Independent Movies","An ambitious prospector strikes it rich and turns a simple village into a boomtown, stoking the ire of a charismatic young preacher."
s7169,Movie,Traffic Signal,Madhur Bhandarkar,"Kunal Khemu, Neetu Chandra, Konkona Sen Sharma, Upendra Limaye, Ranvir Shorey, Sudhir Mishra, Nassar Abdulla, Manoj Joshi",India,"December 31, 2019",2007,TV-MA,130 min,"Dramas, Independent Movies, International Movies","Four characters coexist at an urban traffic signal, where all manage to make a meager living until events threaten the source of their livelihood."
s7181,Movie,Train of the Dead,Sukum Maetawanitch,"Kett Thantup, Savika Chaiyadej, Sura Theerakon, Chaleumpol Tikumpornteerawong, Yarichada Wattanawongsri, Phoomjai Tangsanga, Warot Pitakanonda, Saowaluck Siriaran",Thailand,"July 25, 2018",2007,TV-MA,88 min,"Horror Movies, International Movies",Five teenagers on the lam hide out in an empty train. Little do they realize that the train is inhabited by ghosts on their way to final judgment.
s7282,Movie,Twins Mission,To-hoi Kong,"Sammo Kam-Bo Hung, Gillian Chung, Charlene Choi, Wu Jing, Yuen Wah, Jess Zhang, Steven Cheung, Lier Qiu, Shek Sau, Sam Lee, Andy Liang","Hong Kong, China","July 21, 2019",2007,TV-MA,102 min,"Action & Adventure, International Movies","To retrieve a healing bead stolen from its guardian monks, a pair of bickering twin sisters face off against an entire gang of rival twins."
s7334,Movie,Under the Bombs,Philippe Aractingi,"Nada Abou Farhat, Georges Khabbaz, Bshara Atallah, Rawia Elchab, Elham Abbas, Iman Affara, Zahra Ali, Ali Maerouf Amer, Ali Azour, Najat Darwish","France, Lebanon, United Kingdom","October 19, 2020",2007,TV-MA,94 min,"Dramas, Independent Movies, International Movies",A mother arrives in war-torn Lebanon looking for her missing son in the South as a cab driver agrees to escort her on her dangerous trip.
s7476,Movie,War,Philip G. Atwell,"Jet Li, Jason Statham, John Lone, Devon Aoki, Luis Guzmán, Saul Rubinek, Sung Kang, Mathew St. Patrick, Nadine Velazquez, Andrea Roth, Mark Cheng, Kane Kosugi, Ryo Ishibashi, Steph Song","United States, Canada","April 1, 2019",2007,R,103 min,Action & Adventure,"When his partner is killed and all clues point to a notorious assassin, FBI agent Jack Crawford sets out for revenge in this taut action-thriller."
s7524,Movie,Welcome,Anees Bazmee,"Akshay Kumar, Katrina Kaif, Nana Patekar, Anil Kapoor, Paresh Rawal, Mallika Sherawat, Feroz Khan, Ruslaan Mumtaz, Sunil Shetty, Malaika Arora, Asrani",India,"September 28, 2020",2007,TV-PG,149 min,"Comedies, International Movies, Music & Musicals","In this silly Bollywood farce, the brothers of a Mafia princess set out on a comical mission to marry their sister into a respectable family."
s7775,Movie,Zodiac,David Fincher,"Mark Ruffalo, Jake Gyllenhaal, Robert Downey Jr., Anthony Edwards, Brian Cox, Elias Koteas, Donal Logue, John Carroll Lynch, Dermot Mulroney, Chloë Sevigny",United States,"November 20, 2019",2007,R,158 min,"Cult Movies, Dramas, Thrillers","A political cartoonist, a crime reporter and a pair of cops investigate San Francisco's infamous Zodiac Killer in this thriller based on a true story."
