show_id,type,title,director,cast,country,date_added,release_year,rating,duration,listed_in,description
s432,Movie,Along Came a Spider,Lee Tamahori,"Morgan Freeman, Monica Potter, Michael Wincott, Dylan Baker, Mika Boorem, Anton Yelchin, Kim Hawthorne, Jay O. Sanders, Billy Burke, Michael Moriarty, Penelope Ann Miller","United States, Germany, Canada","October 1, 2019",2001,R,103 min,Thrillers,"When a girl is kidnapped from a prestigious prep school, a homicide detective takes the case, teaming up with young security agent."
s518,Movie,Angel Eyes,Luis Mandoki,"Jennifer Lopez, Jim Caviezel, Sonia Braga, Terrence Howard, Jeremy Sisto, Monet Mazur, Victor Argo, Shirley Knight",United States,"September 5, 2020",2001,R,103 min,"Dramas, Romantic Movies","When a violent assault leaves her vulnerable, a streetwise Chicago cop receives help from a haunted loner who's struggling with traumas of his own."
s600,Movie,Asoka,Santosh Sivan,"Shah Rukh Khan, Kareena Kapoor, Danny Denzongpa, Rahul Dev, Hrishitaa Bhatt, Gerson Da Cunha, Subhashini Ali, Umesh Mehra, Sooraj Balaji",India,"March 15, 2017",2001,R,168 min,"Action & Adventure, Dramas, International Movies",This elaborate Bollywood epic dramatizes one man's transformation from a vengeful and cunning warrior into a legendary leader and teacher of Buddhism.
s710,Movie,Balto 2: Wolf Quest,Phil Weinstein,"Maurice LaMarche, Jodi Benson, Lacey Chabert, David Carradine, Mark Hamill, Charles Fleischer, Peter MacNicol, Rob Paulsen, Nicolette Little, Melanie Stone",United States,"April 1, 2018",2001,G,75 min,Children & Family Movies,"Half-dog, half-wolf Balto (voiced by Maurice LaMarche) and his wife proudly put their pups up for adoption to humans, but when nobody takes daughter Aleu because she looks too much like a wolf, she runs away to search for her place in the world."
s812,TV Show,Behind Enemy Lines,,,United States,"August 15, 2016",2001,TV-14,1 Season,"British TV Shows, Docuseries","After dire setbacks in 1940, Winston Churchill commissions a new kind of fighting force: commandos trained to use stealth and audacious tactics."
s952,Movie,Black Hawk Down,Ridley Scott,"Josh Hartnett, Ewan McGregor, Tom Sizemore, Eric Bana, William Fichtner, Ewen Bremner, Sam Shepard, Gabriel Casseus, Kim Coates, Hugh Dancy, Ron Eldard, Ioan Gruffudd, Tom Guiry, Charlie Hofheimer, Danny Hoch, Jason Isaacs, Zeljko Ivanek, Glenn Morshower, Jeremy Piven, Brendan Sexton III","United States, United Kingdom","January 1, 2019",2001,R,144 min,"Action & Adventure, Dramas","When U.S. forces attempt to capture two underlings of a Somali warlord, their helicopters are shot down and the Americans suffer heavy casualties."
s994,Movie,Blow,Ted Demme,"Johnny Depp, Penélope Cruz, Franka Potente, Rachel Griffiths, Paul Reubens, Jordi Mollà, Cliff Curtis, Miguel Sandoval, Ethan Suplee, Ray Liotta",United States,"October 1, 2019",2001,R,123 min,Dramas,Cocaine smuggler George rises from poverty to become one of the biggest drug dealers in America before his eventual downfall.
s1030,Movie,Bollywood Calling,Nagesh Kukunoor,"Om Puri, Pat Cusick, Navin Nischol, Perizaad Zorabian",India,"April 15, 2019",2001,TV-MA,102 min,"Comedies, Dramas, International Movies",A down-and-out Hollywood actor is utterly unprepared for the eccentricities that await when an Indian producer offers him a role in a Bollywood film.
s1758,Movie,Dil Chahta Hai,Farhan Akhtar,"Aamir Khan, Saif Ali Khan, Akshaye Khanna, Preity Zinta, Sonali Kulkarni, Dimple Kapadia, Ayub Khan, Rajat Kapoor, Suhasini Mulay, Ahmed Khan",India,"December 15, 2019",2001,TV-14,185 min,"Comedies, Dramas, International Movies","Inseparable childhood friends Akash, Sameer and Siddharth are just out of college. Nothing comes between them – until they each fall in love."
s2054,Movie,Evolution,Ivan Reitman,"David Duchovny, Julianne Moore, Orlando Jones, Seann William Scott, Ted Levine, Ethan Suplee, Michael Bower, Pat Kilbane, Ty Burrell, Dan Aykroyd",United States,"November 20, 2019",2001,PG-13,102 min,"Comedies, Sci-Fi & Fantasy","After two community college geology professors discover microscopic alien life-forms on a meteorite, the military and government become involved."
s2065,Movie,Exit Wounds,Andrzej Bartkowiak,"Steven Seagal, DMX, Isaiah Washington, Anthony Anderson, Michael Jai White, Bill Duke, Jill Hennessy, Tom Arnold, Bruce McGill, David Vadim, Eva Mendes",United States,"October 1, 2019",2001,R,101 min,Action & Adventure,Maverick cop Orin Boyd joins forces with an unlikely ally in gangster Latrell Walker to take down a group of dirty Detroit cops.
s2503,Movie,Gosford Park,Robert Altman,"Eileen Atkins, Bob Balaban, Alan Bates, Charles Dance, Stephen Fry, Michael Gambon, Richard E. Grant, Tom Hollander, Derek Jacobi, Kelly Macdonald, Helen Mirren, Jeremy Northam, Clive Owen, Ryan Phillippe, Maggie Smith, Geraldine Somerville, Kristin Scott Thomas, Sophie Thompson, Emily Watson, James Wilby","United States, United Kingdom, Italy","November 1, 2019",2001,R,137 min,"Comedies, Dramas, International Movies","In this witty whodunit, wealthy guests and their servants gather for a weekend stay at the home of Sir William McCordle, who is soon found murdered."
s2678,Movie,Heartbreakers,David Mirkin,"Sigourney Weaver, Jennifer Love Hewitt, Ray Liotta, Jason Lee, Gene Hackman, Anne Bancroft, Jeffrey Jones, Nora Dunn, Ricky Jay, Zach Galifianakis",United States,"December 31, 2019",2001,PG-13,124 min,"Comedies, Romantic Movies","In this stylish comedy, a mother-daughter con team makes money the old-fashioned way: They use their feminine wiles to swindle it."
s3037,TV Show,InuYasha,,"Kappei Yamaguchi, Satsuki Yukino, Kumiko Watanabe, Noriko Hidaka, Koji Tsujitani, Houko Kuwashima, Toshiyuki Morikawa, Richard Ian Cox, Moneca Stori, Paul Dobson, Kirby Morrow, Kelly Sheridan, Jillian Michaels",Japan,"December 15, 2016",2001,TV-14,2 Seasons,"Anime Series, International TV Shows","Yanked down a well, schoolgirl Kagome Higurashi emerges in feudal Japan, where she must reassemble a sacred jewel while eluding half-demon Inuyasha."
s3040,Movie,InuYasha the Movie: Affections Touching Across Time,Toshiya Shinohara,"Kappei Yamaguchi, Satsuki Yukino, Koji Tsujitani, Houko Kuwashima, Kumiko Watanabe, Kenichi Ogata, Noriko Hidaka, Hisako Kyoda, Ken Narita",Japan,"August 25, 2018",2001,TV-PG,100 min,"Action & Adventure, Anime Features, International Movies","A powerful demon has been sealed away for 200 years. But when the demon's son is awakened, the fate of the world is in jeopardy."
s3131,Movie,Jay and Silent Bob Strike Back,Kevin Smith,"Jason Mewes, Kevin Smith, Ben Affleck, Jeff Anderson, Brian O'Halloran, Shannon Elizabeth, Eliza Dushku, Ali Larter, Jennifer Schwalbach, Will Ferrell, Jason Lee",United States,"January 1, 2019",2001,R,105 min,"Comedies, Cult Movies","Jay and Silent Bob's comic book alter egos have been sold to Hollywood without permission, so they head to Tinseltown to sabotage the production."
s3180,Movie,Jimmy Neutron: Boy Genius,John A. Davis,"Debi Derryberry, Jeffrey Garcia, Rob Paulsen, Megan Cavanagh, Mark DeCarlo, Carolyn Lawrence, Andrea Martin, Candi Milo, Crystal Scales, Martin Short, Patrick Stewart, Jim Cummings",United States,"January 1, 2020",2001,G,83 min,"Children & Family Movies, Comedies, Sci-Fi & Fantasy","When gooey green aliens kidnap all the adults in Retroville, it's up to 11-year-old Jimmy Neutron to come up with a plan to rescue them."
s3283,Movie,Kabhi Khushi Kabhie Gham,Karan Johar,"Amitabh Bachchan, Jaya Bhaduri, Shah Rukh Khan, Kajol, Hrithik Roshan, Kareena Kapoor, Rani Mukerji, Farida Jalal, Himani Shivpuri, Alok Nath",India,"April 1, 2020",2001,TV-14,209 min,"Dramas, International Movies","Years after his father disowns his adopted brother for marrying a woman of lower social standing, a young man goes on a mission to reunite his family."
s3315,Movie,Kate & Leopold,James Mangold,"Meg Ryan, Hugh Jackman, Liev Schreiber, Breckin Meyer, Natasha Lyonne, Bradley Whitford, Paxton Whitehead, Spalding Gray, Josh Stamberg, Matthew Sussman",United States,"January 1, 2020",2001,PG-13,118 min,"Comedies, Romantic Movies",A present-day woman takes responsibility for guiding a charming time-traveling 19th-century nobleman through the 21st century.
s3351,Movie,Kevin James: Sweat the Small Stuff,Paul Miller,Kevin James,United States,"February 20, 2019",2001,TV-PG,42 min,Stand-Up Comedy,The film and television star riffs on life's many royal pains in this hourlong special taped at New York City's Hudson Theatre in 2001.
s3482,Movie,Kyo Kii... Main Jhuth Nahin Bolta,David Dhawan,"Govinda, Mohnish Bahl, Sharad Kapoor, Satish Kaushik, Anupam Kher, Kiran Kumar, Rambha, Sushmita Sen",India,"May 16, 2019",2001,TV-PG,150 min,"Comedies, International Movies, Sci-Fi & Fantasy",The life and career of a lawyer are thrown into chaos when his son's wish magically renders him incapable of telling a lie.
s3522,Movie,Lagaan,Ashutosh Gowariker,"Aamir Khan, Gracy Singh, Rachel Shelley, Paul Blackthorne, Kulbhushan Kharbanda, Raghuvir Yadav, Yashpal Sharma, Rajendranath Zutshi, Rajesh Vivek, Aditya Lakhia",India,"January 10, 2021",2001,PG,224 min,"Dramas, International Movies, Music & Musicals","In 1890s India, an arrogant British commander challenges the harshly taxed residents of Champaner to a high-stakes cricket match."
s4352,Movie,"My Schoolmate, the Barbarian","Siu-hung Chung, Wong Jing","Nicholas Tse, Stephen Fung, Joey Yung, Samuel Pang, Serena Po, Ken Chung, Hyper BB, Ka Ho Yu, Frankie Chi-Hung Ng, Lai Hing Chan",Hong Kong,"August 16, 2018",2001,TV-14,90 min,"Action & Adventure, Comedies, International Movies","A brainy private school student is transferred to a far less elite institution, where he must fend off classmates who settle scores with fistfights."
s4637,Movie,One 2 Ka 4,Shashilal K. Nair,"Shah Rukh Khan, Juhi Chawla, Jackie Shroff, Nirmal Pandey, Dilip Joshi, Sahila Chaddha, Suresh Chatwal, Bharat Dabholkar, Baby Gazala, Akash Khurana",India,"March 15, 2017",2001,TV-14,160 min,"Action & Adventure, Comedies, Dramas","When his partner is killed, a young cop is forced to care for the man's four children, and solicits the help of a woman who moves in with them."
s4951,TV Show,Power Rangers Time Force,,"Jason Faunt, Erin Cahill, Kevin Kleinberg, Deborah Estelle Phillips, Michael Copon, Daniel Southworth, Vernon Wells, Kate Sheldon, Edward Lawrence Albert, Brianne Siddall, Terence J. Rotolo, Eddie Frierson",United States,"January 1, 2016",2001,TV-Y7,1 Season,Kids' TV,"The team launches a new campaign against evil in the year 3000, when the imprisoned criminal mastermind Ransik is freed by his daughter."
s5774,Movie,Spy Kids,Robert Rodriguez,"Antonio Banderas, Carla Gugino, Alan Cumming, Teri Hatcher, Cheech Marin, Danny Trejo, Robert Patrick, Tony Shalhoub, Alexa PenaVega, Daryl Sabara",United States,"April 1, 2019",2001,PG,88 min,"Children & Family Movies, Comedies",The tables are turned when pint-sized kids Carmen and Juni must rescue their secret-agent parents from the diabolical clutches of Alexander Minion.
s5949,Movie,Swordfish,Dominic Sena,"John Travolta, Hugh Jackman, Halle Berry, Don Cheadle, Sam Shepard, Vinnie Jones, Drea de Matteo, Rudolf Martin, Zach Grenier, Camryn Grimes",United States,"July 1, 2019",2001,R,99 min,Action & Adventure,"Determined to get his mitts on $9 billion in a secret DEA account so he can fight terrorism, a rogue agent recruits an encryption expert to hack in."
s6149,TV Show,The Blue Planet: A Natural History of the Oceans,Alastair Fothergill,David Attenborough,United Kingdom,"October 10, 2015",2001,TV-G,1 Season,"British TV Shows, Docuseries, International TV Shows","David Attenborough narrates this definitive exploration of the marine world, from the familiar to the unknown, revealing the sea and its communities."
s6743,Movie,The Parole Officer,John Duigan,"Steve Coogan, Emma Gilmour, Susan Jane Tanner, Iain Mitchell, James Smith, Om Puri, Steven Waddington, Ben Miller, Lena Headey, Jenny Agutter",United Kingdom,"August 1, 2018",2001,R,94 min,"Action & Adventure, Comedies","After witnessing a murder, Simon Garden is framed – and the only evidence that proves his innocence is a videotape locked inside a bank vault."
s6852,Movie,The Score,Frank Oz,"Robert De Niro, Edward Norton, Marlon Brando, Angela Bassett, Gary Farmer, Paul Soles, Jamie Harrold, Serge Houde","Germany, Canada, United States","November 28, 2019",2001,R,124 min,"Dramas, Thrillers","Ready-to-retire safecracker Nick, flamboyant fence Max and talented but volatile thief Jackie team up to rob the Montreal Customs House."
s7135,Movie,Tom and Jerry: The Magic Ring,Phil Roman,"Richard Kind, Dana Hill, Anndi McAfee, Tony Jay, Rip Taylor, Henry Gibson",,"December 15, 2019",2001,TV-Y7,60 min,"Children & Family Movies, Comedies","When a young wizard leaves Tom to guard his priceless magic ring, Jerry gets the ring stuck on his head, igniting a series of slapstick antics."
s7160,Movie,Tortilla Soup,Maria Ripoll,"Hector Elizondo, Jacqueline Obradors, Elizabeth Peña, Tamara Mello, Nikolai Kinski, Raquel Welch, Joel Joan, Paul Rodriguez, Constance Marie, Julio Oscar Mechoso",United States,"September 15, 2020",2001,PG-13,104 min,"Comedies, Dramas, Romantic Movies",Widower Martin is a restaurateur with a booming business and three headstrong daughters who leave the house to pursue their individual destinies.
s7210,Movie,Tremors 3: Back to Perfection,Brent Maddock,"Michael Gross, Shawn Christian, Susan Chuang, Charlotte Stewart, Ariana Richards, Tony Genaro, Barry Livingston, John Pappas, Jason Hopkins",United States,"January 1, 2020",2001,PG,104 min,"Comedies, Horror Movies, Sci-Fi & Fantasy","When a theme park's simulated giant worm attacks turn real, Burt Gummer and two young entrepreneurs team up to battle the flesh-eating graboids."
s7439,Movie,Vizontele,"Yılmaz Erdoğan, Ömer Faruk Sorak","Yılmaz Erdoğan, Demet Akbağ, Altan Erkekli, Cem Yılmaz, Cezmi Baskın, Bican Günalan, Sebnem Sönmez, İclal Aydın, Mesut Çakarli, Zeynep Tokuş",Turkey,"March 10, 2017",2001,NR,106 min,"Comedies, Dramas, International Movies","In 1974, a rural town in Anatolia gets its first television set – an event that's met with both excitement and trepidation by the villagers."
s7691,Movie,Y Tu Mamá También,Alfonso Cuarón,"Maribel Verdú, Gael García Bernal, Diego Luna, Daniel Giménez Cacho, Ana López Mercado, Nathan Grinberg, Verónica Langer, María Aura, Giselle Audirac, Arturo Ríos, Andrés Almeida, Diana Bracho, Emilio Echevarría",Mexico,"June 1, 2017",2001,R,106 min,"Dramas, Independent Movies, International Movies","When rich teens Tenoch and Julio meet the alluring, older Luisa, they try to impress her with stories of a road trip, then convince her to join them."
s7694,Movie,Yaadein,Subhash Ghai,"Jackie Shroff, Hrithik Roshan, Kareena Kapoor, Amrish Puri, Kiran Rathod, Rati Agnihotri, Supriya Karnik, Anang Desai",India,"March 1, 2018",2001,TV-14,171 min,"Dramas, International Movies, Romantic Movies","Two young lovers set out to overcome the obstacles that stand in the way of their marriage, beginning with the objections of the girl's father."
