show_id,type,title,director,cast,country,date_added,release_year,rating,duration,listed_in,description
s1920,Movie,Eddie Murphy: Raw,Robert Townsend,Eddie Murphy,United States,"January 1, 2021",1987,R,90 min,Stand-Up Comedy,"This stand-up comedy classic features Eddie Murphy live in a provocative series of impressions, observations and remembrances of his childhood."
s2590,Movie,Hamburger Hill,John Irvin,"Anthony Barille, Michael Boatman, Don Cheadle, Michael Dolan, Don James, Dylan McDermott, Michael A. Nickles, Harry O'Reilly, Daniel O'Shea, Tim Quill, Tommy Swerdlow, Courtney B. Vance, Steven Weber, Tegan West",United States,"November 23, 2019",1987,R,110 min,"Action & Adventure, Dramas",The Vietnam War's horrors come brutally to life through the eyes of American soldiers trying to take a heavily fortified hill under Vietcong control.
s3488,Movie,La Bamba,Luis Valdez,"Lou Diamond Phillips, Esai Morales, Rosanna DeSoto, Elizabeth Peña, Danielle von Zerneck, Joe Pantoliano, Rick Dees, Marshall Crenshaw, Howard Huntsberry, Brian Setzer",United States,"January 1, 2020",1987,PG-13,109 min,"Classic Movies, Dramas, Music & Musicals","The plane crash that killed Buddy Holly also took Ritchie Valens, whose modest upbringing and rise to fame are depicted in this exhilarating biopic."
s3841,Movie,Mad Ron's Prevues from Hell,Jim Monaco,"Nick Pawlow, Jordu Schell, Jay Kushwara, Michael Townsend Wright, Anthony Kelly, Happy Goldsplatt, Ron Roccia, Fred Pomerleau, Joe Amodei, Nicholas Kitsopoulos",United States,"November 1, 2010",1987,NR,84 min,"Cult Movies, Horror Movies","This collection cherry-picks trailers, forgotten scenes and poster art from 47 gory oldies, including Bay of Blood and The Blood Spattered Bride."
s4285,Movie,Muqaddar ka Faisla,Prakash Mehra,"Raaj Kumar, Rakhee Gulzar, Raj Babbar, Tina Munim, Pran, Ranjeet, Meenakshi Sheshadri, Akbar Khan",India,"April 1, 2020",1987,TV-14,172 min,"Action & Adventure, Comedies, Dramas",God-fearing Pandit Krishna Kant loses everything and turns to a life of crime after his landlord tries to rape his wife and tears his family apart.
s5358,Movie,Sam Kinison: Breaking the Rules,Walter C. Miller,Sam Kinison,United States,"December 31, 2018",1987,TV-MA,50 min,Stand-Up Comedy,"The one-time preacher shakes and shudders as he tears into subjects including sex, marriage, religion, drugs and famine in this HBO special."
s5833,Movie,Strange Voices,Arthur Allan Seidelman,"Nancy McKeon, Valerie Harper, Stephen Macht, Tricia Leigh Fisher, Millie Perkins",United States,"October 1, 2011",1987,TV-PG,96 min,Dramas,"When their college-age daughter suddenly begins acting erratically and is diagnosed with schizophrenia, a desperate couple seeks treatment for her."
