show_id,type,title,director,cast,country,date_added,release_year,rating,duration,listed_in,description
s392,Movie,Alibaba Aur 40 Chor,"Latif Faiziyev, Umesh Mehra","Dharmendra, Hema Malini, Zeenat Aman, Rolan Bykov, Prem Chopra, Yakub Akhmedov, Madan Puri, Sofiko Chiaureli","Soviet Union, India","January 15, 2018",1980,TV-14,147 min,"Action & Adventure, International Movies, Sci-Fi & Fantasy",A simple village man is thrown into a web of political intrigue after he takes on a powerful and ruthless gang of bandits.
s2291,Movie,Friendship,Raj Khosla,"Amitabh Bachchan, Shatrughan Sinha, Zeenat Aman, Prem Chopra, Amrish Puri, Helen, Pran, Gajanan Jagirdar, Sajjan, Iftekhar",India,"April 1, 2020",1980,TV-14,161 min,"Action & Adventure, Dramas, International Movies","Best friends since childhood, a righteous cop and a lawyer who represents criminals in court become rivals when they fall for the same woman."
s3362,Movie,Khubsoorat,Hrishikesh Mukherjee,"Ashok Kumar, Rekha, Rakesh Roshan, Shashikala, Aradhana, Dina Pathak, David Abraham, S.N. Banerjee, Keshto Mukherjee",India,"December 31, 2019",1980,TV-PG,120 min,"Classic Movies, Comedies, Dramas",A strict matriarch's regimented household is upended by the arrival of a spunky relative who challenges the rules.
s4883,Movie,Playing for Time,"Daniel Mann, Joseph Sargent","Vanessa Redgrave, Jane Alexander, Maud Adams, Donna Haley, Robin Bartlett, Marisa Berenson, Will Lee, Verna Bloom, Christine Baranski, Lenore Harris",United States,"December 1, 2017",1980,TV-14,149 min,Dramas,"Captured by Nazis and sent to Auschwitz, a Jewish musician is assigned to soothe other prisoners marching to their deaths in the gas chambers."
s4910,Movie,Popeye,Robert Altman,"Robin Williams, Shelley Duvall, Ray Walston, Paul Dooley, Paul L. Smith, Richard Libertini, Donald Moffat, Macintyre Dixon, Roberta Maxwell, Donovan Scott",United States,"November 24, 2019",1980,PG,114 min,"Action & Adventure, Children & Family Movies, Comedies","During a storm that wrecks his ship, super-strong sailor Popeye washes ashore and winds up rooming at the Oyl household, where he meets Olive."
s5064,Movie,Raging Bull,Martin Scorsese,"Robert De Niro, Cathy Moriarty, Joe Pesci, Frank Vincent, Nicholas Colasanto, Theresa Saldana, Mario Gallo, Frank Adonis, Joseph Bono",United States,"October 1, 2019",1980,R,129 min,"Classic Movies, Dramas, Sports Movies","This gritty biopic of brutal boxer Jake LaMotta portrays a tormented soul rising to the top of his sport, only to be undone by his demons."
s5178,Movie,Return To The 36th Chamber,Chia-Liang Liu,"Gordon Liu, Lung Wei Wang, Hou Hsiao, Lun Hua, Yeong-mun Kwon, Kara Hui, Szu-Chia Chen, Tsui Ling Yu, Wei Hao Teng, Gong Shih",Hong Kong,"August 16, 2018",1980,R,97 min,"Action & Adventure, Comedies, International Movies","When thugs prey upon innocent factory workers, a small-time scammer trains for revenge by studying the moves of Shaolin temple monks."
s5948,Movie,Sword Masters: Two Champions of Shaolin,Cheh Chang,"Meng Lo, Sheng Chiang, Li Wang, Siu-Ho Chin, Feng Lu, Chien Sun, Hsueh-erh Wen, Tai-Ping Yu",Hong Kong,"August 16, 2018",1980,R,101 min,"Action & Adventure, International Movies","Shaolin warrior Tung Chien-chen is injured in battle against the hated Wu Tang clan, and nursed back to health by a knife-throwing master. As he recovers, Tung learns this deadly art, and also falls in love with his teacher's daughter."
s7594,Movie,Whispers,Maroun Baghdadi,"Nadia Tueni, Ziad Rahbani","Lebanon, Canada, France","October 19, 2020",1980,TV-14,93 min,"Documentaries, International Movies","With her home devastated by war, a Lebanese poet takes a cross-country road trip, looking for glimmers of hope through nostalgic memories and verse."
