show_id,type,title,director,cast,country,date_added,release_year,rating,duration,listed_in,description
s166,Movie,A Clockwork Orange,Stanley Kubrick,"Malcolm McDowell, Patrick Magee, Michael Bates, Warren Clarke, Adrienne Corri, Paul Farrell, Miriam Karlin, James Marcus","United Kingdom, United States","November 1, 2020",1971,R,137 min,"Classic Movies, Cult Movies, Dramas","In this dark satire from director Stanley Kubrick, a young, vicious sociopath in a dystopian England undergoes an experimental rehabilitation therapy."
s1971,Movie,Elaan,K. Ramanlal,"Vinod Mehra, Rekha, Vinod Khanna, Helen, Madan Puri, Brahm Bhardwaj",India,"April 1, 2017",1971,TV-14,143 min,"Action & Adventure, Cult Movies, International Movies","Journalist Naresh is hired to probe illegal activities on an island. When he's captured, a fellow prisoner gives him a ring with magic powers."
s2153,Movie,Fiddler on the Roof,Norman Jewison,"Topol, Norma Crane, Leonard Frey, Molly Picon, Paul Mann, Rosalind Harris, Michele Marsh, Neva Small, Paul Michael Glaser, Ray Lovelock",United States,"July 1, 2020",1971,G,181 min,"Classic Movies, Dramas, Music & Musicals","This adaptation of the musical chronicles the trials of a Jewish peasant, his wife, and their three strong-willed daughters in pre-revolutionary Russia."
s3526,Movie,Lal Patthar,Sushil Majumdar,"Raaj Kumar, Hema Malini, Rakhee Gulzar, Vinod Mehra, Asit Kumar Sen, Paintal, Dulari, Chandramohan, Sujata Bakshi, Meena T.",India,"July 1, 2017",1971,TV-14,153 min,"Classic Movies, Dramas, International Movies","A vain, self-righteous nobleman falls in love with a village girl and tries to transform her into his version of the ideal woman."
s7629,Movie,Willy Wonka & the Chocolate Factory,Mel Stuart,"Gene Wilder, Jack Albertson, Peter Ostrum, Roy Kinnear, Julie Dawn Cole, Leonard Stone, Denise Nickerson, Dodo Denney, Paris Themmen, Ursula Reit","United States, East Germany, West Germany","January 1, 2020",1971,G,100 min,"Children & Family Movies, Classic Movies, Comedies",Zany Willy Wonka causes a stir when he announces that golden tickets hidden inside his candy bars will admit holders into his secret confectionary.
