show_id,type,title,director,cast,country,date_added,release_year,rating,duration,listed_in,description
s43,Movie,Çok Filim Hareketler Bunlar,Ozan Açıktan,"Ayça Erturan, Aydan Taş, Ayşegül Akdemir, Burcu Gönder, Bülent Emrah Parlak, Büşra Pekin, Emre Canpolat, Ersin Korkut, Eser Yenenler, Gizem Tuğral, Gülhan Tekin, Gülsüm Alkan, Hamdi Kahraman, İbrahim Büyükak, Metin Keçeci",Turkey,"March 10, 2017",2010,TV-MA,99 min,"Comedies, International Movies","Vignettes of the summer holidays follow vacationers as they battle mosquitoes, suffer ruined plans and otherwise hit snags in their precious time off."
s69,Movie,14 Blades,Daniel Lee,"Donnie Yen, Zhao Wei, Wu Chun, Law Kar-Ying, Kate Tsui, Yuwu Qi, Wu Ma, Chen Kuan Tai, Sammo Kam-Bo Hung, Chen Zhi Hui, Damian Lau, Xiang Dong Xu","Hong Kong, China, Singapore","April 3, 2019",2010,R,113 min,"Action & Adventure, International Movies","In the age of the Ming Dynasty, Quinglong is the best of the Jinyiwei, an elite assassin squad made up of highly trained former street urchins. When evil eunuch Jia unseats the emperor, Quinglong is called to action but is quickly betrayed."
s203,TV Show,A Man Called God,,"Song Il-gook, Han Chae-young, Kim Min-jong, Go Eun Han, Jung Hoon Lee, Nam Da-Reum, Yoo In-young",South Korea,"March 12, 2019",2010,TV-14,1 Season,"Crime TV Shows, International TV Shows, Korean TV Shows","Raised in America, government agent Choi Kang-Ta returns to Korea with the skills of an assassin and a thirst for revenge on his father’s killers."
s273,Movie,Aashayein,Nagesh Kukunoor,"John Abraham, Sonal Sehgal, Prateeksha Lonkar, Girish Karnad, Farida Jalal, Ashwin Chitale, Anaitha Nair, Vikram Inamdar, Vipin Bhali, Poonam Chitale, Nagesh Kukunoor",India,"October 22, 2017",2010,TV-14,115 min,"Dramas, International Movies","When he learns he has terminal cancer, a cynical gambler and chronic smoker ditches his fiancée, snubs doctors and checks into a nursing home to die."
s275,Movie,Aata Pita,Uttung Shelar,"Sanjay Narvekar, Bharat Jadhav, Satish Phulekar, Ashwini Apte",India,"January 1, 2018",2010,TV-14,133 min,"Comedies, Dramas, International Movies",A municipal clerk with literary ambitions stalks a loan recovery officer on whom he has decided to base his story's central character.
s300,Movie,Act of Vengeance,Mahsun Kırmızıgül,"Haluk Bilginer, Mahsun Kırmızıgül, Mustafa Sandal, Gina Gershon, Robert Patrick, Danny Glover, Engin Altan Düzyatan, Scott William Winters, Sharrieff Pugh","Turkey, United States","September 29, 2018",2010,NR,112 min,"Action & Adventure, International Movies","Two Turkish agents are sent to New York City on a mission to capture a notorious terrorist known only as ""Dejjal"" (Arabic for Antichrist)."
s301,Movie,Action Replayy,Vipul Amrutlal Shah,"Akshay Kumar, Aishwarya Rai Bachchan, Om Puri, Kiron Kher, Neha Dhupia, Rannvijay Singh, Aditya Roy Kapur, Sudeepa Singh, Randhir Kapoor, Rajpal Yadav",India,"May 11, 2020",2010,TV-PG,129 min,"Children & Family Movies, Comedies, International Movies","Sick of his parents’ constant squabbling, a young man travels back in time to the onset of their romance, with plans to set them up for marital bliss."
s337,TV Show,Age of Glory,,"Debbie Goh, Aenie Wong, Frederick Lee, Leslie Chai",,"August 14, 2017",2010,TV-MA,2 Seasons,"International TV Shows, Romantic TV Shows, TV Dramas","Amid the thriving nightlife of 1960s Kuala Lumpur, three Chinese friends – a showgirl, her housekeeper and a chanteuse – find love and heartbreak."
s504,Movie,Anchor Baby,Lonzo Nzekwe,"Omoni Oboli, Sam Sarpong, Terri Oliver, Colin Paradine, Mark Cassius","Canada, Nigeria","May 20, 2020",2010,TV-MA,97 min,"Dramas, International Movies",A Nigerian couple living in the U.S. face agonizing fallout when they defy deportation orders with the hopes of giving their unborn child citizenship.
s517,TV Show,Angel Beats!,,"Hiroshi Kamiya, Harumi Sakurai, Kana Hanazawa, Eri Kitamura, Ryohei Kimura, Takahiro Mizushima, Shun Takagi, Fuko Saito, Yui Makino, Hiro Masuda, Michael Rivas, Eiichiro Tokumoto, Yumiko Kobayashi, Hiroki Touchi, Miyuki Sawashiro, Chie Matsuura, Kana Asumi, Emiri Kato",Japan,"July 15, 2019",2010,TV-PG,1 Season,"Anime Series, International TV Shows","In a high school that's a way station to the afterlife, a teenager gets caught up in the battle for the rights of those in this purgatorial world."
s623,Movie,Aurora,Cristi Puiu,"Cristi Puiu, Clara Voda, Catrinel Dumitrescu, Luminita Gheorghiu, Valentin Popescu, Gheorghe Ifrim, Ileana Puiu, Valeria Seciu, Gelu Colceag","Romania, France, Switzerland, Germany","March 4, 2020",2010,TV-MA,186 min,"Dramas, International Movies","42-year-old Viorel, a distraught engineer, takes drastic measures to end his emotional suffering after enduring a devastating divorce."
s719,Movie,Bang Rajan 2,Tanit Jitnukul,"Puri Hiranyapluek, Paradorn Srichaphan, Chatchai Plengpanich",Thailand,"July 25, 2018",2010,TV-MA,122 min,"Action & Adventure, International Movies",A small but fierce group of resistance fighters engages in a brutal battle to protect their village from an army of Burmese invaders.
s738,Movie,Barbie in A Mermaid Tale,Adam Wood,"Kelly Sheridan, Kathleen Barr, Tabitha St. Germain, Peter Mel, Nakia Burrise, Maryke Hendrikse, Emma Pierson, Ciara Janson, Garry Chalk, Nicole Oliver",United States,"October 1, 2017",2010,TV-Y,74 min,Children & Family Movies,"Surf champ Merliah discovers she's actually a mermaid in a girl's body. With the help of a dolphin, Merliah must rescue her mom, the Queen of Oceana."
s744,Movie,Barbie: A Fairy Secret,William Lau,"Diana Kaarina, Adrian Petriw, Britt Irvin, Cassandra Morris, Kate Higgins, Silvio Pollio, Brittney Wilson, Alexandra Carter, Nicole Oliver, Barbara Tyson",United States,"October 1, 2017",2010,TV-Y7,72 min,Children & Family Movies,"When devilish fairies capture Ken and fly away with him, Barbie and Raquelle travel to the glittering fairy world of Gloss Angeles to save him."
s784,TV Show,Beast Legends,,"Steve Leonard, Francis Manapul, Kathryn Denning, Scott Edwards, Mike Paixao",Canada,"February 1, 2019",2010,TV-PG,1 Season,Docuseries,A diverse crew of experts dive deep into the origin stories of mythological monsters before building replicas of the creatures using 3D CGI technology.
s816,TV Show,Behzat Ç.,,"Erdal Beşikçioğlu, Fatih Artman, İnanç Konukçu, Seda Bakan, Berkan Şal, Ayça Eren, Berke Üzrek, Canan Ergüder, Ege Aydan, Eray Eserol, Hakan Hatipoğlu",Turkey,"May 19, 2017",2010,TV-MA,1 Season,"Crime TV Shows, International TV Shows, TV Dramas",An Ankara homicide detective with a dark personal life and a disdain for rules and political correctness solves murders and fights police corruption.
s868,Movie,Bewildered Bolbol,Khaled Marei,"Ahmed Helmy, Zeina, Shery Adel, Emy Samir Ghanim, Yousef Fawzy, Yasser El Tobgy, Wael Sami, Maryam Saleh",Egypt,"June 20, 2019",2010,TV-14,112 min,"Comedies, International Movies, Romantic Movies",A man suffering from amnesia can't seem to choose between the women playing tricks on him.
s916,Movie,Bill Burr: Let It Go,Shannon Hartman,Bill Burr,United States,"November 10, 2017",2010,NR,65 min,Stand-Up Comedy,"The musings of comedian Bill Burr are let loose in this special, which was filmed at the historic Fillmore Auditorium in San Francisco."
s943,Movie,Bittersweet,Khaled Marei,"Ahmed Helmy, Lotfy Labib, Edward, Enaam Salousa",Egypt,"April 25, 2020",2010,TV-MA,132 min,"Comedies, Dramas, International Movies","After 20 years abroad, a photographer returns to his birth country of Egypt and gets stranded without identification in a now unfamiliar culture."
s948,TV Show,Black Butler,,"Daisuke Ono, Maaya Sakamoto, Hiroki Touchi, Yuki Kaji, Emiri Kato, Koji Yusa, Shunji Fujimura, Yukari Tamura, Romi Park, Jun Fukuyama",Japan,"September 30, 2020",2010,TV-MA,3 Seasons,"Anime Series, International TV Shows","In Victorian London, 12-year-old business magnate Ciel Phantomhive thwarts dangers to the queen as he's watched over by his demon butler, Sebastian."
s976,Movie,Bleach the Movie: Hell Verse,Noriyuki Abe,"Masakazu Morita, Fumiko Orikasa, Kazuya Nakai, Noriaki Sugiyama, Kentarô Itô, Yuki Matsuoka, Ryotaro Okiayu, Romi Park",Japan,"October 15, 2016",2010,TV-14,94 min,"Action & Adventure, Anime Features, Sci-Fi & Fantasy","When a group of vicious Sinners plots to escape from this eternal prison in Hell, they discover that Substitute Soul Reaper Ichigo is the key to their freedom. The Sinners launch an attack and in the process kidnap Ichigo's younger sister."
s1004,Movie,Blue Valentine,Derek Cianfrance,"Ryan Gosling, Michelle Williams, Faith Wladyka, John Doman, Mike Vogel, Ben Shenkman, Jen Jones, Maryann Plunkett, Marshall Johnson, James Benatti, Barbara Troy, Carey Westbrook, Enid Graham",United States,"July 5, 2018",2010,R,112 min,"Dramas, Independent Movies, Romantic Movies","As Cindy and Dean muddle through their languishing marriage, they hearken back to the golden days when life was filled with possibility and romance."
s1087,Movie,Break Ke Baad,Danish Aslam,"Imran Khan, Deepika Padukone, Shahana Goswami, Lillete Dubey, Sharmila Tagore, Navin Nischol, Parzan Dastur, Neelu Kohli, Ziyah Vastani, Yudhishtir Urs, Grady McGahan",India,"November 19, 2020",2010,TV-14,108 min,"Comedies, International Movies, Music & Musicals",Childhood friends Abhay and Aaliya experience plenty of obstacles in their paths as they find their way in the world and back to each other.
s1093,TV Show,Breakout,,"Jeanette Aw, Elvin Ng, Zhou Ying, Christopher Lee, Dai Xiangyu, Guo Liang",,"July 1, 2017",2010,TV-14,1 Season,"International TV Shows, TV Dramas","After losing her family in a suspicious car crash, a woman awakens from a 13-year coma determined to expose the truth about the long-ago tragedy."
s1142,Movie,Burlesque,Steve Antin,"Cher, Christina Aguilera, Alan Cumming, Eric Dane, Cam Gigandet, Julianne Hough, Peter Gallagher, Kristen Bell, Stanley Tucci, Dianna Agron",United States,"December 16, 2019",2010,PG-13,119 min,"Dramas, Romantic Movies","After leaving Iowa with stars in her eyes, Ali arrives at a Los Angeles burlesque lounge with dreams of taking the stage with her soaring voice."
s1248,Movie,Cats & Dogs: The Revenge of Kitty Galore,Brad Peyton,"James Marsden, Nick Nolte, Christina Applegate, Katt Williams, Bette Midler, Neil Patrick Harris, Sean Hayes, Wallace Shawn, Roger Moore, Joe Pantoliano, Michael Clarke Duncan, Chris O'Donnell, Jack McBrayer, Kiernan Shipka","United States, Australia","February 1, 2019",2010,PG,82 min,"Children & Family Movies, Comedies",Cats and dogs must set aside their differences and merge animal instincts when Kitty Galore decides to claw her way to global domination.
s1262,Movie,Chal Dhar Pakad,Aatmaram Dharne,Nagesh Bhonsle,India,"March 15, 2018",2010,TV-14,129 min,"Comedies, Dramas, International Movies","After her fat-shaming husband brings home a new lover, a wife in Maharashtra recruits a group of women to challenge him in a kabaddi match."
s1272,Movie,Chance Pe Dance,Ken Ghosh,"Shahid Kapoor, Genelia D'Souza, Mohnish Bahl, Satish Shah, Parikshat Sahni, Vikas Bhalla, Kurush Deboo, Zain Khan",India,"November 1, 2018",2010,TV-14,121 min,"Comedies, Dramas, International Movies","Having risen from humble beginnings, an ambitious young man sets his sights on winning a major dance competition that could catapult him to fame."
s1273,Movie,Chandani: The Daughter of the Elephant Whisperer,Arne Birkenstock,K.G. Chandani Renuka Ratnayake,"Germany, Sri Lanka","March 1, 2017",2010,TV-G,87 min,"Documentaries, International Movies",A girl who wants to be an elephant driver like her father is given the chance to raise a calf and becomes even more determined when it's taken away.
s1409,Movie,Clash of the Titans,Louis Leterrier,"Sam Worthington, Liam Neeson, Ralph Fiennes, Jason Flemyng, Gemma Arterton, Alexa Davalos, Tine Stapelfeldt, Mads Mikkelsen, Luke Evans","United States, United Kingdom, Australia","August 1, 2019",2010,PG-13,106 min,"Action & Adventure, Sci-Fi & Fantasy","If he is to save the life of the beautiful Princess Andromeda, the valiant Perseus must battle a host of powerful, beastly enemies."
s1669,Movie,Death at a Funeral,Neil LaBute,"Chris Rock, Martin Lawrence, Tracy Morgan, Danny Glover, James Marsden, Luke Wilson, Zoe Saldana, Regina Hall, Columbus Short, Peter Dinklage, Kevin Hart, Loretta Devine, Regine Nehy, Keith David, Ron Glass",United States,"August 1, 2020",2010,R,93 min,Comedies,"When a Los Angeles family's patriarch dies, his dutiful eldest son plans the funeral – which becomes a fiasco thanks to a colorful cast of attendees."
s1740,Movie,Dhobi Ghat (Mumbai Diaries),Kiran Rao,"Aamir Khan, Monica Dogra, Kriti Malhotra, Prateik, Aasha Pawar, Jyoti Pawar, Norma Lobo, Kitu Gidwani, Danish Husain, Jehan Manekshaw",India,"January 10, 2021",2010,TV-MA,102 min,"Dramas, International Movies","In this intimate drama, circumstances draw together four people from different castes – which would normally preclude them from forming friendships."
s1767,Movie,Dinner for Schmucks,Jay Roach,"Steve Carell, Paul Rudd, Zach Galifianakis, Jemaine Clement, Jeff Dunham, Bruce Greenwood, Ron Livingston, Chris O'Dowd, Lucy Punch, Stephanie Szostak, David Walliams, Larry Wilmore",United States,"January 1, 2020",2010,PG-13,115 min,Comedies,The host of a dinner party invites his friends to bring the saddest loser they can find. But the ultimate schmuck turns everyone else into the losers.
s1791,Movie,Do Dooni Chaar,Habib Faisal,"Rishi Kapoor, Neetu Singh, Aditi Vasudev, Archit Krishna, Akhilendra Mishra, Natasha Rastogi, Manoj Bakshi, Supriya Shukla",India,"November 1, 2018",2010,TV-PG,106 min,"Comedies, International Movies","A struggling math teacher holds down a second job to keep his family afloat. But when he receives a wedding invitation, he's determined to attend."
s1812,Movie,Don't Be Afraid of the Dark,Troy Nixey,"Katie Holmes, Guy Pearce, Bailee Madison, Jack Thompson, Garry McDonald, Alan Dale, Julia Blake, Edwina Ritchard, Emilia Burns, Guillermo del Toro","United States, Australia, Mexico","November 2, 2019",2010,R,99 min,Horror Movies,Young Sally Hurst discovers she isn't alone in her new house: strange creatures live there – and they might not be as friendly as Sally thinks.
s1913,Movie,Easy A,Will Gluck,"Emma Stone, Penn Badgley, Amanda Bynes, Dan Byrd, Thomas Haden Church, Patricia Clarkson, Cam Gigandet, Lisa Kudrow, Malcolm McDowell, Aly Michalka",United States,"November 1, 2020",2010,PG-13,92 min,"Comedies, Romantic Movies","When a lie about Olive's reputation transforms her from anonymous to infamous at her high school, she decides to embrace a provocative new persona."
s1915,Movie,Eat Pray Love,Ryan Murphy,"Julia Roberts, James Franco, Javier Bardem, Richard Jenkins, Viola Davis, Billy Crudup, Hadi Subiyanto, Mike O'Malley, Tuva Novotny, Luca Argentero",United States,"September 10, 2019",2010,PG-13,140 min,"Dramas, Romantic Movies","After deciding to reshape her life after divorce, Liz travels around the world in search of good food, spirituality and true love."
s1948,TV Show,El Cartel 2,,"Diego Cadavid, Robinson Díaz, Patricia Manterola, Carolina Guerra, John Álex Toro, Luis Eduardo Arango, Alejandro Martínez, Juan Sebastián Aragón, Víctor Mallarino, Santiago Moure, Carlos Echavarría, John Gertz",Colombia,"August 24, 2018",2010,TV-MA,1 Season,"Crime TV Shows, International TV Shows, Spanish-Language TV Shows",Drug trafficker Pepe Cadena navigates the treacherous waters of warring cartels in Mexico and Colombia while avoiding capture by the DEA and police.
s1952,TV Show,El Clon,,"Mauricio Ochmann, Sandra Echeverría, Saúl Lisazo, Roberto Moll, Geraldine Zivic, Andrea López, Juan Pablo Raba, Daniel Lugo",United States,"May 18, 2017",2010,TV-14,1 Season,"Romantic TV Shows, Spanish-Language TV Shows, TV Dramas","Religion thwarted Lucas and Jade's young love. They reunite decades later, but Jade's heart is torn between the man she knew and his younger clone."
s2042,Movie,Even the Rain,Icíar Bollaín,"Luis Tosar, Gael García Bernal, Juan Carlos Aduviri, Karra Elejalde, Raúl Arévalo, Carlos Santos, Cassandra Ciangherotti, Milena Soliz, Leónidas Chiri, Vicente Romero, Daniel Currás, Pau Cólera","Spain, Mexico, France","May 17, 2011",2010,TV-MA,103 min,"Dramas, International Movies","While making a film about the incursion of Christopher Columbus in the New World, a director finds the Bolivian locals protesting modern exploitation."
s2079,Movie,Eyyvah Eyyvah,Hakan Algül,"Demet Akbağ, Ata Demirer, Özge Borak, Bican Günalan, Salih Kalyon, Tanju Tuncel, Meray Ülgen",Turkey,"March 10, 2017",2010,TV-MA,99 min,"Comedies, International Movies","A clarinet player who lives with his grandparents in a small village is forced to move to Istanbul, where he meets a singer enjoying sudden fame."
s2222,Movie,For Colored Girls,Tyler Perry,"Kimberly Elise, Janet Jackson, Loretta Devine, Thandie Newton, Anika Noni Rose, Kerry Washington, Tessa Thompson, Phylicia Rashad, Whoopi Goldberg, Omari Hardwick, Macy Gray, Michael Ealy, Richard Lawson, Hill Harper, Khalil Kain",United States,"May 1, 2020",2010,R,134 min,Dramas,This adaptation of Ntozake Shange's play consists of a series of poetic vignettes that explore the lives of modern African American women.
s2296,Movie,From Paris with Love,Pierre Morel,"John Travolta, Jonathan Rhys Meyers, Kasia Smutniak, Richard Durden, Bing Yin, Amber Rose Revah, Eric Godon, François Bredon, Chems Dahmani, Sami Darr, Didier Constant","France, United Kingdom, United States","September 8, 2020",2010,R,93 min,"Action & Adventure, International Movies",A low-level intelligence agent gets pulled into action and espionage above his pay grade when he's ordered to assist a trigger-happy senior agent.
s2314,TV Show,Fullmetal Alchemist: Brotherhood,Yasuhiro Irie,"Romi Park, Rie Kugimiya, Megumi Takamoto, Shinichiro Miki, Fumiko Orikasa, Kenji Utsumi, Keiji Fujiwara, Yuji Ueda, Biichi Sato, Tetsuya Kakihara, Kenji Hamada, Kaori Nazuka, Hidekatsu Shibata, Kenta Miyake, Kikuko Inoue, Tetsu Shiratori, Minami Takayama, Hiroyuki Yoshino, Yoko Soumi, Kazuya Nakai, Ryuzaburo Otomo",Japan,"January 1, 2018",2010,TV-14,5 Seasons,"Anime Series, International TV Shows",After both suffer physical damage – brothers Edward and Alphonse battle nefarious forces to try to reclaim their bodies in this supernatural anime.
s2383,Movie,Get Him to the Greek,Nicholas Stoller,"Jonah Hill, Russell Brand, Elisabeth Moss, Rose Byrne, Colm Meaney, Sean ""P. Diddy"" Combs, Aziz Ansari, Carla Gallo, Nick Kroll, Kristen Schaal",United States,"January 16, 2020",2010,R,109 min,"Comedies, Music & Musicals",Ambitious young record company intern Aaron must escort an unruly rock star to Los Angeles for the start of his anniversary concert.
s2444,TV Show,Glowing Embers,,"Henley Hii, Debbie Goh, Frederick Lee, Wymen Yang, Melvin Sia, Alvin Wong",,"August 14, 2017",2010,TV-14,1 Season,"International TV Shows, TV Dramas","Amid Malaysia's charcoal industry, a woman deftly adapts to her environs as she juggles three men in her life: her husband, her lover and her friend."
s2562,Movie,Guzaarish,Sanjay Leela Bhansali,"Hrithik Roshan, Aishwarya Rai Bachchan, Shernaz Patel, Aditya Roy Kapoor, Nafisa Ali, Monikangana Dutta, Suhel Seth, Rajit Kapoor, Ash Chandler, Vijay Crishna",India,"August 2, 2018",2010,TV-14,121 min,"Dramas, International Movies","After an onstage disaster leaves an illusionist paralyzed, he channels his magic into a hit radio show. Years later, he fights for the right to die."
s2572,Movie,Haapus,,"Makarand Anaspure, Madhura Velankar, Subodh Bhave",India,"March 15, 2018",2010,TV-14,138 min,"Comedies, Dramas, International Movies",The son of an astrologer faces opposition from his superstitious father regarding his scheme of launching a mango business.
s2635,Movie,Harriet the Spy: Blog Wars,Ron Oliver,"Jennifer Stone, Kristin Booth, Wesley Morgan, Doug Murray, Shauna MacDonald, Jason Blicker, Jayne Eastwood, Melinda Shankar, Alexander Conti, Vanessa Morgan","United States, Canada","April 15, 2018",2010,TV-G,87 min,"Children & Family Movies, Comedies",Intrepid writer Harriet Welsch is determined to become the class blogger despite stiff competition from her snooty archrival.
s2640,Movie,Harud,Aamir Bashir,"Mohammad Amir Naji, Shahnawaz Bhat, Shamim Basharat, Salma Ashai, Mudessir Ahmed Khan, Rayes Mohiuddin",India,"October 1, 2016",2010,TV-MA,100 min,"Dramas, International Movies","A young Kashmiri man sets out to escape to Pakistan and make sense of his brother's death, but he drifts aimlessly until finding his brother's camera."
s2722,Movie,Hide & Seek,Shawn Arranha,"Purab Kohli, Arjan Bajwa, Mrinalini Sharma, Sameer Kochhar, Ayaz Khan, Amruta Patki, Pavail Gulati, Prashant, Amol Mhatre",India,"March 1, 2018",2010,TV-14,96 min,"Horror Movies, International Movies, Thrillers","Years after an accident at a wild Christmas party traumatized them all, six former friends find themselves trapped in a shopping mall and forced by a killer disguised as Santa Claus to play a lethal game of hide-and-seek."
s2749,Movie,Hisss,Jennifer Lynch,"Mallika Sherawat, Irrfan Khan, Jeff Doucette, Divya Dutta, Raman Trikha, Mahmoud Babai, Raj Bhansali, Sunny Charles, Tony Ciccone, Parvez Khan","India, United States","December 1, 2017",2010,TV-MA,97 min,"Horror Movies, International Movies, Thrillers","In a plot to bait the snake-goddess Nagin for her immortality-granting essence, George States journeys to India and abducts her reptilian lover."
s2784,Movie,Holy Man 3,Note Chern-Yim,"Krissada Sukosol, Natee Aekwijit, Yoakyake Chernyim, Der Doksadao, Note Chern-Yim, Kohtee Aramboy, Chaleumpol Tikumpornteerawong",Thailand,"July 30, 2018",2010,TV-MA,102 min,"Comedies, Faith & Spirituality, International Movies","Two new monks, one of them a former rock music star seeking inner peace, join a temple plagued by thieves who are stealing its valuable holy relics."
s2868,Movie,Hunt to Kill,Keoni Waxman,"Steve Austin, Gil Bellows, Gary Daniels, Marie Avgeropoulos, Emilie Ullerup, Michael Eklund, Eric Roberts, Michael Hogan, Donnelly Rhodes, Adrian Holmes",Canada,"January 1, 2020",2010,R,97 min,Action & Adventure,U.S. Border Patrol agent and deadly hunter Jim Rhodes takes violent revenge when a group of desperate thieves kidnaps his daughter after a robbery.
s2886,Movie,I Am,Onir,"Juhi Chawla, Rahul Bose, Nandita Das, Sanjay Suri, Manisha Koirala, Purab Kohli, Shernaz Patel, Abhimanyu Singh, Arjun Mathur, Radhika Apte","India, Japan","March 4, 2019",2010,TV-MA,106 min,"Dramas, Independent Movies, International Movies","Four individuals in modern India grapple with their identities amid social taboos, trauma and brutal sexual discrimination in this quartet of stories."
s2893,Movie,I Am Kalam,Nila Madhab Panda,"Gulshan Grover, Harsh Mayar, Pitobash, Hussan Saad, Beatrice Ordeix, Sanjay Chauhan",India,"July 1, 2018",2010,TV-PG,87 min,"Children & Family Movies, Comedies, Dramas",An intelligent boy born into poverty befriends the son of a once noble family and is inspired by the life of India's president to pursue an education.
s2913,Movie,I Hate Luv Storys,Punit Malhotra,"Imran Khan, Sonam Kapoor, Sammir Dattani, Samir Soni, Kavin Dave, Bruna Abdullah",India,"August 2, 2018",2010,TV-14,128 min,"Comedies, International Movies, Music & Musicals",This Bollywood spoof recounts the ups and downs of an assistant film director who loathes romance and a designer who adores all things sentimental.
s2919,Movie,I Will Follow,Ava DuVernay,"Salli Richardson-Whitfield, Michole Briana White, Omari Hardwick, Tracie Thoms, Dijon Talton, Damone Roberts, Blair Underwood, Beverly Todd",United States,"May 20, 2020",2010,TV-14,80 min,"Dramas, Independent Movies, Romantic Movies","Devastated after her aunt dies, Maye moves out of the home they shared and copes with her grief, yet finds comfort in the kindness of other mourners."
s2938,Movie,Ideachi Kalpana,Sachin,"Bhargavi Chirmuley, Mahesh Kothare, Sachin, Ashok Saraf, Nirmiti Sawant",India,"January 1, 2018",2010,TV-14,124 min,"Comedies, International Movies, Romantic Movies","After an actor is hit by a car driven by the police commissioner's sister, his scheming brother-in-law files a bogus suit against the commissioner."
s2980,Movie,Inception,Christopher Nolan,"Leonardo DiCaprio, Joseph Gordon-Levitt, Ellen Page, Tom Hardy, Ken Watanabe, Dileep Rao, Cillian Murphy, Tom Berenger, Marion Cotillard, Pete Postlethwaite, Michael Caine, Lukas Haas","United States, United Kingdom","January 1, 2020",2010,PG-13,148 min,"Action & Adventure, Sci-Fi & Fantasy, Thrillers","In this mind-bending sci-fi thriller, a man runs an espionage business built around entering the subconscious of his targets to mold their thoughts."
s3020,Movie,Insidious,James Wan,"Patrick Wilson, Rose Byrne, Lin Shaye, Ty Simpkins, Barbara Hershey, Leigh Whannell, Angus Sampson, Andrew Astor, Joseph Bishara","United States, Canada, United Kingdom","May 9, 2019",2010,PG-13,103 min,"Horror Movies, Thrillers","Hoping to leave their haunted house behind, a suburban family moves to a new place, only to learn the home wasn't haunted... but their eldest son is."
s3049,Movie,Ip Man 2,Wilson Yip,"Donnie Yen, Sammo Kam-Bo Hung, Huang Xiaoming, Simon Yam, Lynn Hung, Kanin Ngo, Kent Cheng, Darren Shahlavi, Louis Fan, Calvin Ka-Sing Cheng","Hong Kong, China","January 15, 2016",2010,R,108 min,"Action & Adventure, International Movies","New in Hong Kong, martial arts instructor Ip Man perseveres and retaliates against his rivals' opposition to the Wing Chun fighting style he teaches."
s3053,Movie,Irada Pakka,Kedar Shinde,"Smita Jaykar, Siddarth Jadhav",India,"March 15, 2018",2010,TV-14,137 min,"Comedies, Dramas, International Movies","Bored in their happy marriage, a couple decides to spice things up by fighting more, but their game takes the relationship on an unexpected path."
s3264,TV Show,K-On!,,"Aki Toyosaki, Ayana Taketatsu, Chika Fujito, Madoka Yonezawa, Minako Kotobuki, Satomi Sato, Yoko Hikasa",Japan,"November 15, 2019",2010,TV-PG,2 Seasons,"Anime Series, Teen TV Shows","When they're not gorging themselves on sugary snacks, four aspiring high school musicians crank out catchy tunes as members of the Light Music Club."
s3289,Movie,Kajraare,Pooja Bhatt,"Himesh Reshammiya, Sara Loren, Amrita Singh, Gulshan Grover, Javed Sheikh, Adnan Shah, Natasha Sinha, Gaurav Chanana, Anupam Shyam",India,"October 22, 2017",2010,TV-14,113 min,"Dramas, International Movies, Music & Musicals","A popular singer on the run poses as a bartender and falls in love with a prostitute, but their love is threatened by a violent incident in his past."
s3310,Movie,Karthik Calling Karthik,Vijay Lalwani,"Farhan Akhtar, Deepika Padukone, Ram Kapoor, Vivan Bhatena, Vipin Sharma, Yatin Karyekar, Shefali Shah",India,"December 15, 2019",2010,TV-14,135 min,"Dramas, International Movies, Thrillers","Unlucky in love and bullied at work, an office drone is resigned to his dead-end life until it’s transformed by mysterious calls from … himself."
s3346,Movie,Kevin Hart: Seriously Funny,Shannon Hartman,Kevin Hart,United States,"October 1, 2018",2010,TV-MA,67 min,Stand-Up Comedy,"With his unique hip-hop style delivery, African American stand-up comedian Kevin Hart expounds on life at a sold-out concert performance."
s3375,TV Show,Kikoriki,,Igor Dmitriev,,,2010,TV-Y,2 Seasons,Kids' TV,"A wacky rabbit and his gang of animal pals have fun solving problems, sharing stories and exploring their sometimes magical, always special world."
s3391,Movie,Killers,Robert Luketic,"Katherine Heigl, Ashton Kutcher, Tom Selleck, Catherine O'Hara, Katheryn Winnick, Kevin Sussman, Lisa Ann Walter, Casey Wilson, Rob Riggle, Martin Mull, Alex Borstein",United States,"January 1, 2021",2010,PG-13,100 min,"Action & Adventure, Comedies, Romantic Movies","After a whirlwind romance, Jen and Spencer settle into married life — until Spencer's secret past as a hit man shakes up their suburban bliss."
s3451,Movie,Krish Trish and Baltiboy: Part II,,"Damandeep Singh Baggan, Smita Malhotra, Baba Sehgal",,"September 8, 2017",2010,TV-Y7,58 min,Children & Family Movies,"Animal minstrels narrate stories about a monkey's friendship with a crocodile, two monkeys' foolishness and a villager's encounter with a demon."
s3466,Movie,Kung Fu Magoo,Andrés Couturier,"Dylan Sprouse, Cole Sprouse, Alyson Stoner, Tom Kenny, Chris Parnell, Rodger Bumpass, Maile Flanagan, Wally Wingert, Candi Milo, Jim Ward","Mexico, United States","August 1, 2018",2010,TV-Y7,79 min,"Children & Family Movies, Comedies","Shortsighted curmudgeon Mr. Magoo and his young nephew, Justin, fight such nefarious foes as kung fu villains, robot spiders and teenage mutants."
s3467,Movie,Kung Fu Panda: Holiday,Tim Johnson,"Jack Black, Angelina Jolie, Dustin Hoffman, Jackie Chan, Seth Rogen, Lucy Liu, David Cross, James Hong, Dan Fogler",United States,"December 1, 2012",2010,TV-PG,26 min,"Children & Family Movies, Comedies","As preparations for the Winter Feast build, Po is caught between his obligations as the Dragon Warrior and his family holiday traditions."
s3506,TV Show,La Rosa de Guadalupe,,"Milia Nader, Francisco Avendaño, Diego Lara, Sandra Itzel, Marisol del Olmo, Aleyda Gallardo, Gerardo Murguía, Roxana Saucedo, Emmanuel Orenday, Maru Dueñas",Mexico,"January 15, 2019",2010,TV-PG,1 Season,"Classic & Cult TV, Crime TV Shows, International TV Shows","This series responds to the need to believe in miracles, dreams, love stories and happy endings, with positive characters."
s3527,Movie,Lalbaug Parel: Zali Mumbai Sonyachi,Mahesh Manjrekar,"Sachin Khedekar, Seema Biswas, Ankush Chaudhari, Satish Kaushik, Siddarth Jadhav, Shashank Shende, Sameer Dharmadhikari, Karan Patel, Veena Jamkar, Kashmira Shah",India,"March 15, 2018",2010,TV-MA,145 min,"Dramas, International Movies",Industrial workers struggle against the greed of their employers and the apathy of the government toward the conditions in which they live and work.
s3544,Movie,Last Night,Massy Tadjedin,"Keira Knightley, Sam Worthington, Guillaume Canet, Eva Mendes, Griffin Dunne, Anson Mount, Stephanie Romanov, Scott Adsit, Daniel Eric Gold","United States, France","January 1, 2019",2010,R,93 min,"Dramas, Independent Movies, Romantic Movies","During an evening apart, married couple Joanna and Michael encounter tempting opportunities to cheat on each other with sexy acquaintances."
s3558,Movie,Leap Year,Anand Tucker,"Amy Adams, Matthew Goode, Adam Scott, John Lithgow, Noel O'Donovan, Tony Rohr, Pat Laffan, Alan Devlin, Ian McElhinney, Dominique McElligott","United States, Ireland","November 15, 2019",2010,PG,100 min,"Comedies, Romantic Movies","Anna chooses February 29 to propose marriage to her boyfriend, but after meeting a charming innkeeper, she must evaluate her original plans."
s3571,Movie,Legend of the Guardians: The Owls of Ga'Hoole,Zack Snyder,"Helen Mirren, Geoffrey Rush, Jim Sturgess, Hugo Weaving, Emily Barclay, Abbie Cornish, Ryan Kwanten, Anthony LaPaglia, Miriam Margolyes, Sam Neill","United States, Australia","January 1, 2020",2010,PG,97 min,Children & Family Movies,"Soren, a barn owl kidnapped from his peaceful forest home, is brought to an orphanage where he must train to become a soldier."
s3578,Movie,Legion,Scott Stewart,"Paul Bettany, Lucas Black, Tyrese Gibson, Adrianne Palicki, Charles S. Dutton, Jon Tenney, Kevin Durand, Willa Holland, Kate Walsh, Dennis Quaid, Jeanette Miller, Cameron Harlow, Doug Jones, Josh Stamberg, Yancey Arias",United States,"November 1, 2019",2010,R,100 min,"Action & Adventure, Horror Movies, Sci-Fi & Fantasy",A motley crew of apocalypse survivors living at an abandoned truck stop never suspects that the pregnant woman among them is carrying the Messiah.
s3598,Movie,Lembi 8 Giga,Ashraf Fayeq,"Mohamed Saad, Mai Ezz El-Din, Hassan Hosny, Youssef Fawzy, Youssef Eid, Ahmad Mounir, Khaled Talaat, Maged El Kedwany, Entsar, Maysara",,"April 28, 2020",2010,TV-MA,111 min,"Comedies, International Movies","To upgrade his life, a simple man fakes his credentials as a lawyer when sudden extraordinary abilities give him the talent to thrive."
s3621,Movie,Liefling,Brian Webber,"Lika Berning, Bobby van Jaarsveld, Marlee van der Merwe, Sonja Herholdt, Elize Cawood, Rouel Beukes, Kevin Leo, Paul du Toit, Sylvaine Strike",South Africa,"February 14, 2020",2010,TV-PG,118 min,"Comedies, International Movies, Music & Musicals","An adventure-loving young woman catches the attention of a handsome beau in this musical celebration of love, friends and fate."
s3623,Movie,Life 2.0,Jason Spingarn-Koff,,United States,"April 1, 2017",2010,TV-MA,99 min,Documentaries,Computer users across the globe log onto the virtual world of Second Life. But some users' lives are dramatically consumed by this alternate reality.
s3738,Movie,Louis C.K.: Hilarious,Louis C.K.,Louis C.K.,United States,"September 16, 2016",2010,,84 min,Movies,"Emmy-winning comedy writer Louis C.K. brings his caustic wit to Milwaukee, offering up his unique and uncensored take on sex, parenting and more."
s3758,Movie,Love In A Puff,Pang Ho-cheung,"Miriam Chin Wah Yeung, Shawn Yue, Singh Hartihan Bitto, Yat Ning Chan, Tat-Ming Cheung, Matt Chow, Chui Tien-you, Queenie Chu, Charmaine Fong, Vincent Kok",Hong Kong,"August 1, 2018",2010,TV-MA,103 min,"Comedies, Dramas, International Movies","When the Hong Kong government enacts a ban on smoking cigarettes indoors, the new law drives hard-core smokers outside, facilitating a meeting between Cherie, a makeup saleswoman, and Jimmy, an advertising exec."
s3761,TV Show,Love Is in the Air,,"Murat Ünalmış, Birce Akalay, Selen Soyder, Erman Okay, Kanbolat Gorkem Arslan, Levent Yilmaz, Aysegül Günay, Selma Kutluğ, Ulvi Alacakaptan, İpek Erdem, Yilmaz Calayir, Isil Yücesoy",United Kingdom,"March 1, 2017",2010,TV-14,1 Season,"International TV Shows, TV Dramas","Toprak, who lost her baby, is hired as a wet nurse for wealthy Yusuf's motherless son. Yusuf is drawn to Toprak, but also to her scheming sister."
s3798,Movie,"LSD: Love, Sex Aur Dhokha",Dibakar Banerjee,"Anshuman Jha, Rajkummar Rao, Amit Sial, Arya Banerjee, Neha Chauhan, Atul Mongia, Shruti, Herry Tangdi",India,"May 16, 2019",2010,TV-MA,112 min,"Dramas, Independent Movies, International Movies",This provocative drama examines how the voyeuristic nature of modern society affects three unusual couples in Northern India.
s3812,TV Show,Lucky Days,,"Chris Wang, Tammy Chen, Fan Kuang-yao, Chen Bor Jeng, Lin Mei-hsiu, Ma Nien-hsien",China,"September 1, 2016",2010,TV-PG,1 Season,"International TV Shows, Romantic TV Shows, TV Comedies","When laidback Ren, who is about to divorce his money-crazy wife, finds a time-traveling computer, he decides to use it to reboot his marriage."
s3864,Movie,Maharaja: The Story of Ranjit Singh,Amarjit Virdi,"Gurpreet Guggi, Rocky Bhardwaj, Brijesh Ahuja, Gick Grewal, Inderjit Grewal, Lekhraj Thakur",,"January 30, 2019",2010,TV-14,56 min,"Dramas, International Movies","The tale of legendary warrior king Ranjit Singh, and his rise to establishing Punjab’s Sikh empire, comes to life in this animated feature."
s3868,TV Show,Mahi Way,,"Pushtii Shakti, Viraf Patel, Siddhant Karnick, Monica Khanna, Amrita Raichand, Suparna Marwah, Mark Farokh Parekh",India,"March 1, 2018",2010,TV-14,1 Season,"International TV Shows, TV Comedies","Though worried she's doomed to be single forever, Mahi embraces her vivacious and creative nature while working to tame her inner critic."
s3871,TV Show,Maid-Sama!,,"Ayumi Fujimura, Nobuhiko Okamoto, Kazuyoshi Shiibashi, Kana Hanazawa, Yu Kobayashi, Mitsuhiro Ichiki, Takuma Terashima, Yoshimasa Hosoya",Japan,"November 1, 2019",2010,TV-14,1 Season,"Anime Series, Romantic TV Shows","To keep the boys in line, student council president Misaki runs the school with an iron fist – while secretly working as a waitress at a maid café."
s4089,TV Show,Mighty Morphin Power Rangers,,"Austin St. John, Thuy Trang, Walter Jones, Amy Jo Johnson, David Yost, Jason David Frank, Johnny Yong Bosch, Karan Ashley, Steve Cardenas, Catherine Sutherland, Paul Schrier, Jason Narvy, David Fielding, Richard Steven Horvitz, Barbara Goodson","United States, Japan","January 1, 2016",2010,TV-Y7,4 Seasons,Kids' TV,"Five average teens are chosen by an intergalactic wizard to become the Power Rangers, who must use their new powers to fight the evil Rita Repulsa."
s4197,Movie,Monster High: New Ghoul at School,"Audu Paden, Eric Radomski","Kate Higgins, Salli Saffioti, Debi Derryberry, Laura Bailey, Yuri Lowenthal, Audu Paden, Troy Baker, Erin Fitzgerald",United States,"October 1, 2017",2010,TV-Y7,23 min,Children & Family Movies,"Insecure new student Frankie Stein struggles to fit in at Monster High, where ultra-cool ghoul Cleo De Nile and hunky monster Deuce rule the roost."
s4303,Movie,My Amnesia Girl,Cathy Garcia-Molina,"John Lloyd Cruz, Toni Gonzaga, Carlos Agassi, Ketchup Eusebio, Joross Gamboa, JM de Guzman, Beatriz Saw, Nico Antonio",Philippines,"November 19, 2020",2010,TV-14,105 min,"International Movies, Romantic Movies","Years after leaving his bride-to-be at the altar, a man crosses paths with his ex and tries to make up for the past, only to find he's been forgotten."
s4305,Movie,My Babysitter's a Vampire: The Movie,Bruce McDonald,"Matthew Knight, Vanessa Morgan, Atticus Mitchell, Cameron Kennedy, Kate Todd, Joe Dinicol, Ella Jonas Farlinger, Ari Cohen, Laura de Carteret, Hrant Alianak",Canada,"October 17, 2018",2010,TV-PG,80 min,"Children & Family Movies, Comedies","When their parents head out for the evening, Ethan and his little sister get the babysitter of their nightmares: a fledgling vampire named Sarah."
s4410,Movie,Naruto Shippuden: The Movie: The Lost Tower,Masahiko Murata,"Junko Takeuchi, Chie Nakamura, Rikiya Koyama, Satoshi Hino, Toshiyuki Morikawa, Mutsumi Tamura, Mayuki Makiguchi, Kenji Hamada, Nobuaki Fukuda, Saori Hayami",Japan,"September 1, 2017",2010,TV-14,85 min,"Action & Adventure, Anime Features, International Movies","When Naruto is sent to recover a missing nin, the rogue manages to send him 20 years into the past, where he unites with his father to battle evil."
s4419,Movie,Natascha Kampusch: The Whole Story,Alina Teodorescu,,United States,"May 15, 2017",2010,TV-14,51 min,Movies,A Viennese child who was kidnapped and held captive in a basement before escaping after eight years reveals her headline-making story of survival.
s4621,Movie,Once a Gangster,Felix Chong,"Ekin Cheng, Jordan Chan, Alex Fong, Michelle Ye, On-on Yu, Wilfred Lau, Conroy Chan",Hong Kong,"December 1, 2018",2010,TV-MA,95 min,"Action & Adventure, Comedies, International Movies","Two former triads are tapped to run in an election for leader of the underworld, but both want normal lives. Each must outwit the other to lose."
s4634,Movie,Once Upon a Time in Mumbaai,Milan Luthria,"Ajay Devgn, Emraan Hashmi, Kangana Ranaut, Prachi Desai, Randeep Hooda, Imran Hasnee, Dhiru Dwivedi",India,"May 15, 2019",2010,NR,133 min,"Dramas, International Movies, Music & Musicals","Mumbai's top mob boss rules the underworld with honor and compassion, but his power-hungry protégé will shake up the world of organized crime."
s4722,Movie,Paan Singh Tomar,Tigmanshu Dhulia,"Irrfan Khan, Mahie Gill, Rajendra Gupta, Brijendra Kala, Jahangir Khan, Vipin Sharma, Zakir Hussain",India,"November 1, 2018",2010,TV-14,129 min,"Action & Adventure, Dramas, International Movies",Paan Singh Tomar goes from celebrated runner to star brigand and rebel when life after sports fails to unfold as planned.
s4803,TV Show,Pawn Stars,,"Corey Harrison, Richard Harrison, Rick Harrison, Austin ""Chumlee"" Russell",United States,"September 15, 2019",2010,TV-14,1 Season,Reality TV,"Father Richard Harrison, son Rick and grandson Corey appraise an array of strange objects brought into their Gold & Silver Pawn Shop in Las Vegas."
s4814,Movie,Peepli Live,"Anusha Rizvi, Mahmood Farooqui","Omkar Das Manikpuri, Raghuvir Yadav, Malaika Shenoy, Nawazuddin Siddiqui, Naseeruddin Shah, Sitaram Panchal, Shalini Vatsa, Farrukh Jaffar, Aamir Bashir, Vishal Om Prakash",India,"January 10, 2021",2010,TV-MA,109 min,"Comedies, Dramas, Independent Movies",Two indigent farmers consider suicide so that their families can collect a government subsidy that's paid to the relatives of deceased farmers.
s4878,Movie,Planet Hulk,Sam Liu,"Rick D. Wasserman, Lisa Ann Beley, Mark Hildreth, Liam O'Brien, Kevin Michael Richardson, Sam Vincent, Advah Soudack, Michael Kopsa, Paul Dobson, Marc Worden",United States,"June 1, 2020",2010,TV-14,81 min,"Action & Adventure, Sci-Fi & Fantasy","When Earth's superheroes exile the volatile Incredible Hulk to a distant planet called Sakaar, the muscle-bound green monster is sold into slavery."
s4924,TV Show,Powder,,"Manish Chaudhary, Pankaj Tripathi, Geetika Tyagi, Rahul Bagga",India,"February 15, 2018",2010,TV-14,1 Season,"Crime TV Shows, International TV Shows, TV Dramas","Two men who grew up in Mumbai's slums are drawn into the city's brutal narcotics trade, where they fight on opposite sides of the law."
s4965,TV Show,President,,"Su-jong Choi, Hee-Ra Ha, Jay Kim, Ji-hye Wang, Shin-il Kang",South Korea,"April 28, 2017",2010,TV-14,1 Season,"International TV Shows, Korean TV Shows, TV Dramas","An ambitious, talented politician embarks on an intense journey toward winning the presidency while juggling his complicated family affairs."
s5048,Movie,Raajneeti,Prakash Jha,"Ajay Devgn, Nana Patekar, Ranbir Kapoor, Katrina Kaif, Arjun Rampal, Manoj Bajpayee, Sarah Thompson, Naseeruddin Shah",India,"August 2, 2018",2010,TV-14,162 min,"Dramas, International Movies, Thrillers","When the American-educated scion of a powerful Indian family returns to the subcontinent, his first taste of power starts him down a corrupt path."
s5097,Movie,Ranbhool,Girish Joshi,"Subodh Bhave, Mohan Joshi, Vinay Apte, Uday Tikekar, Tejaswini Pandit, Saii Ranade, Daksha Mahendra, Gargi Datar",India,"March 15, 2018",2010,TV-MA,115 min,"Horror Movies, International Movies, Thrillers","Believing himself to be God's envoy, a troubled young man embarks on a killing spree as his passion for music becomes a psychotic obsession."
s5117,Movie,Real Crime: Supermarket Heist (Tesco Bomber),,,United Kingdom,"August 15, 2016",2010,TV-14,46 min,Documentaries,"In 2000, U.K. detectives spent months tracking a criminal known only as Sally, who was targeting a supermarket chain with extortion and letter bombs."
s5159,Movie,Remember Me,Allen Coulter,"Robert Pattinson, Emilie de Ravin, Chris Cooper, Lena Olin, Pierce Brosnan, Tate Ellington, Ruby Jerins, Gregory Jbara, Meghan Markle",United States,"August 1, 2020",2010,PG-13,112 min,"Dramas, Romantic Movies","Tyler's still feeling lost following the tragedy that's strained his relationship with his father when he meets Ally, a girl who understands his pain."
s5167,Movie,Resident Evil: Afterlife,Paul W.S. Anderson,"Milla Jovovich, Ali Larter, Kim Coates, Shawn Roberts, Sergio Peris-Mencheta, Spencer Locke, Boris Kodjoe, Wentworth Miller","Germany, France, United States, Canada, United Kingdom","January 1, 2020",2010,R,97 min,"Action & Adventure, Horror Movies, Sci-Fi & Fantasy","The Undead Apocalypse continues as super-soldier Alice finds her way to a supposed sanctuary in Los Angeles, which may just be a deadly trap."
s5220,TV Show,Rishta.com,,"Shruti Seth, Kavi Shastri, Siddhant Karnick, Kavin Dave",India,"March 15, 2018",2010,TV-14,1 Season,"International TV Shows, Romantic TV Shows, TV Comedies",Partners at an Indian matrimonial agency face endlessly challenging and often impossible demands as they help clients make the perfect match.
s5231,Movie,Road to Sangam,Amit Rai,"Paresh Rawal, Om Puri, Pavan Malhotra, Javed Sheikh, Swati Chitnis, Masood Akhtar, Sudhir Nema, Rakesh Srivastava",India,"December 31, 2019",2010,TV-14,136 min,"Dramas, Independent Movies, International Movies","As communal violence erupts in his neighborhood, a Muslim mechanic presses forward to repair a historic truck that will transport Gandhi’s last remains."
s5266,Movie,Romantik Komedi,Ketche,"Sedef Avcı, Cemal Hünal, Begüm Kütük, Engin Altan Düzyatan, Sinem Kobal, Gürgen Öz, Burcu Kara, Kubilay Penbeklioğlu",Turkey,"March 10, 2017",2010,NR,110 min,"Comedies, International Movies, Romantic Movies","Bored with her life and inspired by a friend's wedding, Esra quits her job and dumps her boyfriend, leading to a series of romantic misadventures."
s5309,Movie,Rush: Beyond the Lighted Stage,"Sam Dunn, Scot McFadyen",,Canada,"February 15, 2017",2010,TV-MA,107 min,"Documentaries, Music & Musicals","Celebrate the remarkable 40-year career of influential Canadian rockers Rush with this documentary, which details the band's formation and evolution."
s5385,Movie,Santa's Apprentice,Luc Vinciguerra,"Julie Gayet, Jean-Pierre Marielle, Lorànt Deutsch, Bruno Salomone, Pierre-François Martin-Laval, Didier Brice, Benoît Allemane, Nathan Simony, Daniela Duspara, Max Cullen","Australia, France, Ireland","December 20, 2015",2010,TV-G,72 min,Children & Family Movies,"Young orphan Nicolas learns how to guide a sleigh, slide down chimneys and other duties he'll need when he becomes the next Santa Claus."
s5391,Movie,Sarah's Key,Gilles Paquet-Brenner,"Aidan Quinn, Kristin Scott Thomas, Frédéric Pierrot, Michel Duchaussoy, Dominique Frot, Niels Arestrup, Mélusine Mayance, Gisèle Casadesus, Natasha Mashkevich",France,"September 21, 2019",2010,PG-13,102 min,"Dramas, International Movies","Paris, 1942: To protect her brother from the police arresting Jewish families, a young girl hides him away, promising to come back for him."
s5441,Movie,Scott Pilgrim vs. the World,Edgar Wright,"Michael Cera, Mary Elizabeth Winstead, Kieran Culkin, Chris Evans, Anna Kendrick, Brie Larson, Alison Pill, Aubrey Plaza, Brandon Routh, Jason Schwartzman, Mark Webber, Mae Whitman, Johnny Simmons, Ellen Wong","United States, United Kingdom, Canada, Japan","September 16, 2018",2010,PG-13,112 min,"Action & Adventure, Comedies, Cult Movies","Dreamy delivery girl Ramona captures Scott Pilgrim's heart, but he must vanquish all seven of her evil exes in martial arts battles to win her love."
s5493,Movie,Senna,Asif Kapadia,"Ayrton Senna, Alain Prost, Frank Williams","United Kingdom, France, United States","October 1, 2019",2010,PG-13,106 min,"Documentaries, International Movies, Sports Movies","This fast-paced documentary profiles Ayrton Senna, one of the greatest drivers in the history of Formula One racing, and a hero in his native Brazil."
s5521,Movie,Sex and the City 2,Michael Patrick King,"Sarah Jessica Parker, Kim Cattrall, Cynthia Nixon, Kristin Davis, Chris Noth, John Corbett, David Eigenberg, Evan Handler, Jason Lewis, Willie Garson, Mario Cantone",United States,"January 1, 2021",2010,R,146 min,"Comedies, Dramas, Romantic Movies","Best friends Carrie, Miranda, Samantha and Charlotte take a break from their busy New York lives for an all-expenses-paid luxury vacation to Abu Dhabi."
s5558,Movie,She's Out of My League,Jim Field Smith,"Jay Baruchel, Alice Eve, T.J. Miller, Mike Vogel, Nate Torrence, Krysten Ritter, Geoff Stults, Lindsay Sloane, Andrew Daly, Jasika Nicole, Kyle Bornheimer",United States,"November 20, 2019",2010,R,105 min,"Comedies, Romantic Movies","When average-guy Kirk starts dating drop-dead-gorgeous Molly, his friends don't see it lasting, so Kirk does everything he can to avoid losing Molly."
s5561,Movie,Shelter,"Måns Mårlind, Björn Stein","Julianne Moore, Jonathan Rhys Meyers, Jeffrey DeMunn, Frances Conroy, Nate Corddry, Brooklynn Proulx, Brian Anthony Wilson, Joyce Feurring, Steven Rishard, Charles Techman",United States,"December 29, 2017",2010,R,112 min,"Horror Movies, Thrillers",A forensic psychiatrist has to think outside the box when she takes on a patient whose multiple personalities lead to a trail of murder victims.
s5658,Movie,Skyline,"Colin Strause, Greg Strause","Eric Balfour, Scottie Thompson, Brittany Daniel, Crystal Reed, Neil Hopkins, David Zayas, Donald Faison, Robin Gammell, Tanya Newbould, J. Paul Boehmer",United States,"January 16, 2019",2010,PG-13,94 min,"Action & Adventure, Sci-Fi & Fantasy","After a wild night of partying, Terry discovers that he's one of the few people left on Earth, then sets out to solve the mystery of what happened."
s5817,Movie,Sthaniya Sambaad,"Arjun Gourisaria, Moinak Biswas",Suman Mukhopadhyay,India,"March 15, 2018",2010,TV-14,106 min,"Dramas, International Movies","In post-Partition Kolkata, a young Bengali poet from an urban colony wanders the city in search of the woman he loves and a channel for his sorrows."
s5818,Movie,Still,"Chatchai Katenut, Manussa Vorasingha, Tanwarin Sukkhapisit, Poj Arnon","Mai Charoenpura, Akara Amarttayakul, Supakson Chaimongkol, Kachapa Toncharoen, Wiradit Srimalai, Vasana Chalakorn, Ratchanont Sukpragawp, Arisara Thongborisut",Thailand,"September 14, 2018",2010,TV-MA,100 min,"Horror Movies, International Movies","A haunted hotel, a body in a water tank, a nightclub fire and a prison death comprise four horror tales taken from Thailand's newspaper headlines."
s5822,TV Show,Stoked,,"Terry McGurrin, Katie Crown, Kristin Fairlie, Mazin Elsadig, Anastasia Phillips, Arnold Pinnock, Jamie Spilchuk, Lauren Lipson, Fiona Reid, Jeff Geddis","United States, Canada","December 16, 2017",2010,TV-PG,1 Season,Kids' TV,Six teenage groms come together one summer to share a dream: to work at the world-renowned Surfer's Paradise Resort on the legendary Sunset Island.
s5840,Movie,Stray Bullet,Georges Hachem,"Nadine Labaky, Takla Chamoun, Hend Taher, Badih Abou Chakra, Rodrigue Sleiman, Nazih Youssef, Patricia Nammour, Pauline Haddad, Nasri Sayegh, Joelle Hannah, Inaam Germanos",Lebanon,"June 18, 2020",2010,TV-MA,76 min,"Dramas, International Movies, Romantic Movies","In 1976 Beirut, after a rendezvous with her old flame, soon-to-wed Noha witnesses a violent incident and changes course on a path to self-realization."
s5952,TV Show,Sym-Bionic Titan,,"Tara Strong, Kevin Thoms, Brian Posehn, John DiMaggio, Tim Russ, Don Leslie, Kari Wahlgren",United States,"December 15, 2019",2010,TV-PG,1 Season,Kids' TV,"Aliens fleeing their planet land on Earth, pose as teenagers and fight off mutant space monsters by joining forces to become a powerful giant robot."
s5967,Movie,Takers,John Luessenhop,"Matt Dillon, Paul Walker, Chris Brown, Idris Elba, Jay Hernandez, Hayden Christensen, Michael Ealy, T.I., Marianne Jean-Baptiste, Zoe Saldana, Steve Harris, Johnathon Schaech",United States,"November 3, 2019",2010,PG-13,107 min,Action & Adventure,A motley crew of bank robbers plans their next heist after a former colleague convinces them to target an armored car carrying $20 million.
s6011,Movie,Teen Patti,Leena Yadav,"Amitabh Bachchan, Madhavan, Ben Kingsley, Shraddha Kapoor, Siddharth Kher, Dhruv Ganesh, Vaibhav Talwar",India,"March 1, 2018",2010,TV-PG,137 min,"Dramas, International Movies, Thrillers","Luck brings together math expert Perci Trachtenberg and obscure genius Venkat Subramaniam in a casino, but the foundations of probability may be utterly altered when their chat leads Subramaniam to try a new theory in the gambling dens of Mumbai."
s6017,Movie,Tees Maar Khan,Farah Khan,"Katrina Kaif, Akshay Kumar, Akshaye Khanna, Arya Babbar, Rajiv Lakshman, Raghu Ram, Vijay Maurya, Dharampal, Ali Asghar, Murli Sharma",India,"August 2, 2018",2010,TV-PG,125 min,"Comedies, International Movies, Music & Musicals",A flamboyant con artist and his band of gleeful robbers gamble with fate when smugglers hire them to swipe antiques from a speeding train.
s6024,TV Show,Teresa,,"Angelique Boyer, Sebastián Rulli, Aarón Díaz, Cynthia Klitbo, Ana Brenda Contreras, Daniel Arenas, Margarita Magaña, Manuel Landeta, Felicia Mercado, Silvia Mariscal",Mexico,"December 31, 2017",2010,TV-PG,1 Season,"International TV Shows, Romantic TV Shows, Spanish-Language TV Shows","We all want so much more than we have, but how far are we willing to go to get it?"
s6064,TV Show,The Adjusters,,"Rynn Lim, Chris Tong, Aric Ho, Chan Fong",,"September 18, 2017",2010,TV-PG,2 Seasons,"International TV Shows, TV Dramas","An insurance adjuster investigates cases of possible fraud while hiding a romance with a colleague, unaware that someone he trusts is toying with him."
s6087,Movie,The Ant's Scream,Sameh Abdulaziz,"Amr Abdel-Geleel, Rania Yousef, Salloum Haddad, Hesham Al-Meligy, Farida Al-Gready, Ahmad Wafiq, Mohamed Abo El Hassan, Amr Sakr, Ahmed Gamal Saeed, Riham Ayman",Egypt,"June 13, 2019",2010,TV-14,108 min,"Comedies, Dramas, International Movies","Released after being wrongly imprisoned in Iraq, an Egyptian contractor returns home to a country on the brink of revolution."
s6106,TV Show,The Bachelorette,,,United States,"December 1, 2020",2010,TV-14,1 Season,"Reality TV, Romantic TV Shows",Beloved “Bachelor” contestant Ali Fedotowsky embarks on her own search for happily ever after and navigates the thrills and spills of reality TV romance.
s6156,Movie,The Book of Eli,"Albert Hughes, Allen Hughes","Denzel Washington, Gary Oldman, Mila Kunis, Ray Stevenson, Jennifer Beals, Evan Jones, Joe Pingue, Frances de la Tour, Michael Gambon, Tom Waits",United States,"July 1, 2019",2010,R,118 min,"Action & Adventure, Sci-Fi & Fantasy","Determined to protect a sacred text that promises to save humanity, Eli goes on a quest westward across the barren, postapocalyptic country."
s6163,Movie,The Bounty Hunter,Andy Tennant,"Jennifer Aniston, Gerard Butler, Jason Sudeikis, Jeff Garlin, Ritchie Coster, Cathy Moriarty, Peter Greene, Joel Marsh Garland, Siobhan Fallon Hogan, Dorian Missick, Adam Rose, Christine Baranski, Carol Kane, Adam LeFevre",United States,"October 1, 2019",2010,PG-13,111 min,"Action & Adventure, Comedies, Romantic Movies","Bounty hunter Milo Boyd finds his latest assignment downright satisfying as he learns that the bail-jumper he must chase down is his ex-wife, Nicole."
s6167,Movie,The Boy Who Cried Werewolf,Eric Bross,"Victoria Justice, Chase Ellison, Anna Galvin, Matt Winston, Jillian Marie, Valerie Tian, Kerry James, Andrea Brooks, Christie Laing, Cainan Wiebe, Brooke Shields, Brooke D'Orsay, Steven Grayhm","United States, Canada","November 2, 2019",2010,TV-Y,86 min,"Children & Family Movies, Comedies","When high school girl-geek Jordan becomes a werewolf after moving to Romania, she must elude her own brother, who sets out to slay her."
s6214,Movie,The Chord,Magdy Al-Hawwary,"Mostafa Shaban, Ghada Adel, Arwa Gouda, Ahmed Salah Al-Saadany, Ashraf Zaki, Sawsan Badr, Fatma Nasser, Said Saleh, Ali Hassanein, Majed Abdulazim",Egypt,"June 20, 2019",2010,TV-MA,101 min,"Dramas, International Movies, Music & Musicals","A detective investigates the murder of a young musician, whose philandering lifestyle leaves a long list of suspects and a lot of questions."
s6235,Movie,The Company Men,John Wells,"Ben Affleck, Chris Cooper, Kevin Costner, Tommy Lee Jones, Maria Bello, Rosemarie DeWitt, Craig T. Nelson, John Doman, Tonye Patano, Cady Huffman",United States,"July 28, 2018",2010,R,105 min,"Dramas, Independent Movies",A successful businessman comes face-to-face with America's downsizing epidemic when he loses his job and is forced to take a construction gig.
s6278,Movie,The Dealer,Ahmed Saleh,"Ahmed El Sakka, Khaled El Nabawy, Mai Selim, Nedal El Shafey, Boris Abramov, Selami Şahin",Egypt,"April 25, 2020",2010,TV-14,124 min,"Action & Adventure, International Movies","Separated by distance and circumstance, two bitter rivals cross paths when the perils of the drug trade unexpectedly unite them."
s6344,TV Show,The Family Court,,"Tay Ping Hui, Qi Yu Wu, Chris Tong, Yao Wenlong, Eelyn Kok, Hong Hui Fang, Ann Kok",,"November 1, 2017",2010,TV-MA,1 Season,"International TV Shows, TV Dramas",Five lawyers from different firms develop a strong bond of friendship that is occasionally tested by their court cases and growing romantic feelings.
s6348,TV Show,The Fierce Wife,,"Sonia Sui, James Wen, Amanda Chu, Chris Wang, Karen Ying-Chen Hu, Patrick Lee, Janel Tsai, Li-li Pan, Fu Lei",Taiwan,"September 1, 2016",2010,TV-MA,1 Season,"International TV Shows, Romantic TV Shows, TV Dramas",Beautiful housewife Xie An Zhen seems to be living the perfect life but finds her world crumbling after learning that her husband is cheating on her.
s6349,Movie,The Fighter,David O. Russell,"Mark Wahlberg, Christian Bale, Amy Adams, Melissa Leo, Jack McGee, Melissa McMeekin, Bianca Hunter, Erica McDermott, Dendrie Taylor, Jill Quigg, Kate B. O'Brien, Sugar Ray Leonard",United States,"January 13, 2019",2010,R,116 min,"Dramas, Sports Movies","After a string of defeats, a boxer rediscovers his fighting will with help from his trainer and half-brother, a once-talented pugilist."
s6484,TV Show,The Inbetweeners,,"Simon Bird, James Buckley, Blake Harrison, Joe Thomas, Greg Davies, Emily Head, Martin Trenaman, Belinda Stewart-Wilson, Robin Weaver, Henry Lloyd-Hughes",United Kingdom," January 1, 2018",2010,TV-MA,3 Seasons,"British TV Shows, TV Comedies",This rib-tickling series follows four English lads as they try – and fail spectacularly – to navigate the wretched no-man's land of adolescence.
s6516,TV Show,The Jaime Maussan Show,,Jaime Maussan,United States,"December 1, 2017",2010,TV-PG,1 Season,"Docuseries, International TV Shows, Spanish-Language TV Shows",Mexican journalist and UFO investigator Jaime Maussan travels the world collecting evidence and firsthand accounts of extraterrestrial phenomena.
s6521,TV Show,The Jungle Book,,"Emma Tate, Jimmy Hibbert, Sam Gold, David Holt, Joseph J. Terry","India, Germany, France","May 11, 2019",2010,TV-Y7,1 Season,Kids' TV,"This animated series follows young Mowgli and his animal mentors Bagheera and Baloo, who do their best to protect him from fierce tiger Shere Khan."
s6524,Movie,The Karate Kid,Harald Zwart,"Jaden Smith, Jackie Chan, Taraji P. Henson, Wenwen Han, Yu Rongguang, Zhensu Wu, Zhiheng Wang, Zhenwei Wang, Shijia Lü, Yi Zhao","United States, China","October 17, 2019",2010,PG,140 min,"Children & Family Movies, Dramas","After moving to Beijing with his mother, Dre falls prey to a bully, so he takes lessons from a martial arts master in this remake of the 1984 classic."
s6534,Movie,The King's Speech,Tom Hooper,"Colin Firth, Geoffrey Rush, Helena Bonham Carter, Guy Pearce, Timothy Spall, Derek Jacobi, Jennifer Ehle, Anthony Andrews, Claire Bloom, Eve Best, Michael Gambon","United Kingdom, United States, Australia","June 2, 2018",2010,R,118 min,"Dramas, International Movies","In this biographical drama, Britain's King George VI struggles with an embarrassing stutter until he seeks help from speech therapist Lionel Logue."
s6551,Movie,The Last Airbender,M. Night Shyamalan,"Noah Ringer, Dev Patel, Nicola Peltz, Jackson Rathbone, Shaun Toub, Aasif Mandvi, Cliff Curtis, Seychelle Gabriel, Jessica Andres, Keong Sim, Summer Bishil, Francis Guinan, Katharine Houghton, Damon Gupton",United States,"April 8, 2020",2010,PG,104 min,"Action & Adventure, Children & Family Movies, Sci-Fi & Fantasy","In a world ravaged by the Fire nation's aggression toward the peaceful Air, Water and Earth nations, a young boy holds the key to restoring peace."
s6558,Movie,The Last Exorcism,Daniel Stamm,"Patrick Fabian, Ashley Bell, Iris Bahr, Louis Herthum, Caleb Landry Jones, Tony Bentley, John Wright Jr., Shanna Forrestall, Justin Shafer, Carol Sutton","France, United States","September 1, 2019",2010,PG-13,88 min,"Horror Movies, Independent Movies, Thrillers","Ready to expose his miraculous deeds as mere trickery, a famed evangelist invites a documentary crew to film his final exorcism."
s6597,Movie,The Light of My Eyes,,,,"June 5, 2020",2010,TV-MA,96 min,"Dramas, International Movies, Romantic Movies",A composer hides his love for his formerly blind ex when she returns to Egypt engaged to his childhood friend — the doctor who restored her sight.
s6730,Movie,The Other Guys,Adam McKay,"Will Ferrell, Mark Wahlberg, Eva Mendes, Michael Keaton, Steve Coogan, Ray Stevenson, Samuel L. Jackson, Dwayne Johnson, Lindsay Sloane, Natalie Zea",United States,"February 1, 2020",2010,PG-13,108 min,"Action & Adventure, Comedies",New York cops Allen and Terry toil in obscurity as lowly desk jockeys until a big break finally gives them a chance to tackle real police work.
s6804,Movie,The Rat Race,Miriam Chandy Menacherry,,India,"January 1, 2017",2010,TV-PG,52 min,"Documentaries, International Movies","Examine the troublesome coexistence of humans and rodents in Mumbai, where the byproducts of a big economy have led to a thriving rat population."
s6842,Movie,The Runaways,Floria Sigismondi,"Kristen Stewart, Dakota Fanning, Michael Shannon, Stella Maeve, Scout Taylor-Compton, Alia Shawkat, Riley Keough, Johnny Lewis, Tatum O'Neal, Brett Cullen, Hannah Marks",United States,"April 1, 2020",2010,R,107 min,"Dramas, Independent Movies, Music & Musicals","This biopic charts the rise of the rebellious California girls who formed the 1970s rock group the Runaways, paving the way for future girl musicians."
s6885,Movie,The Social Network,David Fincher,"Jesse Eisenberg, Andrew Garfield, Justin Timberlake, Armie Hammer, Max Minghella, Josh Pence, Brenda Song, Rashida Jones, John Getz, David Selby",United States,"April 1, 2020",2010,PG-13,121 min,Dramas,Director David Fincher's biographical drama chronicles the meteoric rise of Facebook CEO Mark Zuckerberg from Harvard sophomore to Internet superstar.
s6897,Movie,The Spy Next Door,Brian Levant,"Jackie Chan, Amber Valletta, George Lopez, Billy Ray Cyrus, Magnús Scheving, Madeline Carroll, Will Shadley, Alina Foley, Katherine Boecher, Mia Stallard, Lucas Till",United States,"November 1, 2020",2010,PG,94 min,"Action & Adventure, Children & Family Movies, Comedies","While babysitting, an undercover agent is thrust back into the world of top-secret adventure when one his young charges downloads a classified file."
s6934,Movie,The Tourist,Florian Henckel von Donnersmarck,"Angelina Jolie, Johnny Depp, Paul Bettany, Timothy Dalton, Steven Berkoff, Rufus Sewell, Christian De Sica, Alessio Boni, Daniele Pecci, Giovanni Guidelli","United States, France, Italy, United Kingdom","January 7, 2020",2010,PG-13,103 min,"Action & Adventure, Romantic Movies",An American tourist seeking solace for his shattered heart instead finds it in danger again after encountering a beautiful Interpol agent.
s6951,TV Show,The Tudors,,"Jonathan Rhys Meyers, Henry Cavill, James Frain, Anthony Brophy, Guy Carleton, Sarah Bolger, Natalie Dormer, Max Brown, Nick Dunning, Rod Hallett, Maria Doyle Kennedy, Simon Ward","Ireland, Canada, United States, United Kingdom"," January 8, 2018",2010,TV-MA,4 Seasons,TV Dramas,All the splendor and scandal of England's 16th-century royal court comes to life in this series that follows notorious Tudor monarch Henry VIII.
s7011,TV Show,The Womanizer,,"Lan Cheng-lung, Sonia Sui, James Wen, Bianca Bai, George Chang, Chung Hsin-ling, Tzu-chiang Chao, Xiao Xiao Bin",China,"September 1, 2016",2010,TV-MA,1 Season,"International TV Shows, Romantic TV Shows, TV Comedies",Libertine He-jie finds himself torn between the lovely Amanda and fiery Xiao-qian. But now he faces a new problem: arrogant rival suitor Cheng-en.
s7061,Movie,Thorne: Scaredy Cat,Benjamin Ross,"David Morrissey, Eddie Marsan, Aidan Gillen, O.T. Fagbenle, Lorraine Ashbourne, Sandra Oh, Tom Brooke, Joe Absolom",United Kingdom,"November 2, 2016",2010,NR,125 min,"Dramas, International Movies","Heading a new team whose aim is to crack the cases that leave others stumped, detective Tom Thorne finds himself on the hunt for two serial killers."
s7062,Movie,Thorne: Sleepyhead,Stephen Hopkins,"David Morrissey, Eddie Marsan, Aidan Gillen, O. T. Fagbenle, Lorraine Ashbourne, Natascha McElhone, Sara Lloyd-Gregory, Aisling Loftus, Sarah Niles, Joshua Close, Brian McCardie","United Kingdom, Australia, Canada, United States","November 2, 2016",2010,NR,125 min,"Dramas, International Movies","Investigating a series of attacks on young women, detective Tom Thorne is dragged back into the nightmares of his past as he races to find a killer."
s7068,Movie,Three-Quarters Decent,Mohamed Hamdy,"Mohamed Ragab, Lamitta Frangieh, Mohsen Mansour, Rania Mallah, Madlyn Tabar, Mimi Gamal, Ahmed Rateb, Ahmed Zaher",,"June 20, 2019",2010,TV-14,96 min,"Comedies, Dramas, International Movies","Determined to fight corruption in his country, a newspaper cartoonist debuts a new take-no-prisoners attitude."
s7102,TV Show,Timmy Time,,"Kate Harbour, Justin Fletcher, Louis Jones",United Kingdom,"December 22, 2020",2010,TV-Y,1 Season,"British TV Shows, Kids' TV","This delightful animated series centers on impish lamb Timmy as he enters nursery school, where he learns about sharing, responsibility and fairness."
s7134,Movie,Toll Booth,Tolga Karaçelik,"Büşra Pekin, Nur Aysan, Ruhi Sarı, Nergis Öztürk, Nadir Sarıbacak, Serkan Ercan, Sermet Yeşil, Enes Mazak, Zafer Diper",Turkey,"September 7, 2020",2010,TV-MA,98 min,"Dramas, Independent Movies, International Movies","A toll booth operator's mundane life is upended when he's reassigned to a remote spot, where he finds intriguing strangers — and a new side to himself."
s7262,Movie,Tucker and Dale vs. Evil,Eli Craig,"Tyler Labine, Alan Tudyk, Katrina Bowden, Jesse Moss, Philip Granger, Brandon Jay McLaren, Christie Laing, Chelan Simmons, Travis Nelson, Alex Arsenault","Canada, United States, India, United Kingdom","March 29, 2019",2010,R,89 min,"Comedies, Horror Movies, Independent Movies","Expecting to relax at their ""vacation"" cabin, two backwoods boys see their trip turn into a nightmare when they're accused of being psychotic killers."
s7264,Movie,Tum Milo Toh Sahi,Kabir Sadanand,"Nana Patekar, Dimple Kapadia, Sunil Shetty, Vidya Malvade, Rehan Khan, Anjana Sukhani, Mohnish Bahl, Vrajesh Hirjee",India,"July 1, 2018",2010,TV-14,128 min,"Comedies, Dramas, International Movies",An astute but old-fashioned law clerk steps up to help the owner of a cafe in a legal battle that has both business and personal ramifications.
s7278,Movie,Twice,Hidetaka Inazuka,Stuart Varnam-Atkin,"Japan, United States","December 31, 2017",2010,TV-14,53 min,"Documentaries, International Movies","This documentary reenacts the experiences of late activist Tsutomu Yamaguchi, a survivor of both atomic bombings on Japan in 1945."
s7297,Movie,Udaan,Vikramaditya Motwane,"Rajat Barmecha, Ronit Roy, Ram Kapoor, Aayan Boradia, Manjot Singh, Anand Tiwari, Raja Hudda, Shaunak Sengupta, Varun Khettry, Akshay Sachdev",India,"October 1, 2018",2010,TV-MA,137 min,"Dramas, Independent Movies, International Movies","Upon returning to his industrial hometown, a young man must decide whether to follow his own dreams or acquiesce to his father's plans for his future."
s7433,Movie,Virsa,Pankaj Batra,"Arya Babbar, Kanwaljeet Singh, Gulshan Grover, Mehreen Raheel, Aparna Sharma, Aman Dhaliwal, Noman Ijaz","India, Pakistan","January 30, 2019",2010,TV-14,127 min,"Dramas, International Movies, Music & Musicals",A man is disheartened when he visits his well-to-do son and grandkids in Australia and sees they have detached from their traditional Indian morals.
s7460,Movie,"Waiting for ""Superman""",Davis Guggenheim,,United States,"September 7, 2020",2010,PG,111 min,Documentaries,"This dynamic documentary weaves together stories about students, educators and reformers to shed light on America's failing public school system."
s7497,Movie,We Are Family,Sidharth Malhotra,"Kajol, Kareena Kapoor, Arjun Rampal, Nominath Ginsberg, Iravati Harshe, Aachal Munjal, Diya Sonecha","India, Australia","October 1, 2018",2010,TV-14,119 min,"Dramas, International Movies",A divorced mother of three children runs a happy household – until her former husband brings his new career-oriented girlfriend into the picture.
s7605,Movie,Whitney Cummings: Money Shot,John Fortenberry,Whitney Cummings,United States,"January 1, 2019",2010,TV-MA,48 min,Stand-Up Comedy,"Comedy Central roast veteran Whitney Cummings gets the stage to herself in this debut special, which finds her riffing on a wide range of topics."
s7639,Movie,Winter's Bone,Debra Granik,"Jennifer Lawrence, John Hawkes, Kevin Breznahan, Dale Dickey, Garret Dillahunt, Sheryl Lee, Lauren Sweetser, Tate Taylor",United States,"March 1, 2019",2010,R,100 min,"Dramas, Independent Movies","In this unflinching noir drama, a resilient teen goes on the trail of her missing, drug-dealing father when his absence threatens the family's safety."
s7654,TV Show,Women Behind Bars,,,United States," November 1, 2016",2010,TV-14,3 Seasons,"Crime TV Shows, Docuseries","This reality series recounts true stories of women who have been convicted for murder, including an in-depth examination of each crime."
s7707,Movie,Yes or No,Saratswadee Wongsomphet,"Sushar Manaying, Supanart Jittaleela, Arisara Thongborisut, Soranut Yupanun, Inthira Yeunyong",Thailand,"December 6, 2018",2010,TV-PG,111 min,"International Movies, LGBTQ Movies, Romantic Movies","Traditional girl Pie is initially uncomfortable with her tomboyish new roommate. But as time goes on, she finds herself increasingly attracted to her."
