show_id,type,title,director,cast,country,date_added,release_year,rating,duration,listed_in,description
s508,Movie,Andaz Apna Apna,Rajkumar Santoshi,"Aamir Khan, Salman Khan, Raveena Tandon, Karisma Kapoor, Paresh Rawal, Mehmood, Deven Verma, Jagdeep, Shakti Kapoor",India,"May 11, 2020",1994,TV-14,160 min,"Action & Adventure, Comedies, Cult Movies","Broke and with no concrete plans for the future, two young men discover that a stunning heiress lives nearby and try to charm her into marriage."
s624,Movie,Auschwitz: Blueprints of Genocide,Mike Rossiter,Roy Marsden,United Kingdom,"January 19, 2019",1994,TV-PG,49 min,Documentaries,Newly released KGB files expose evidence proving how architects and engineers conspired with the Nazis to build a camp designed for genocide.
s1334,Movie,Children of God,John Smithson,,United Kingdom,"August 1, 2016",1994,TV-MA,63 min,Documentaries,"A former member examines the lingering effects of being raised in the Family, a cult whose disturbing practices include the sexual abuse of children."
s1337,TV Show,Chill with Bob Ross,,Bob Ross,,"December 1, 2016",1994,TV-G,1 Season,TV Shows,Iconic artist and master of relaxation Bob Ross demonstrates the process of creating wintry scenes in these episodes dedicated to the season.
s2252,Movie,Four Weddings and a Funeral,Mike Newell,"Hugh Grant, Andie MacDowell, James Fleet, Simon Callow, John Hannah, Kristin Scott Thomas, David Bower, Charlotte Coleman, David Haig, Rowan Atkinson, Sophie Thompson, Anna Chancellor, Corin Redgrave",United Kingdom,"August 1, 2019",1994,R,118 min,"Classic Movies, Comedies, International Movies","A commitment-phobic Brit tries to reconnect with an alluring American who's about to make a seemingly awful mistake by marrying a wealthy, boring man."
s2860,Movie,Hum Aapke Hain Koun,Sooraj R. Barjatya,"Madhuri Dixit, Salman Khan, Mohnish Bahl, Renuka Shahane, Anupam Kher, Reema Lagoo, Alok Nath, Bindu",India,"February 1, 2020",1994,TV-14,193 min,"Classic Movies, Dramas, International Movies","Although Nisha falls for Prem, she agrees to marry his older brother for the good of their families. But fate may have other plans for the lovebirds."
s3282,Movie,Kabhi Haan Kabhi Naa,Kundan Shah,"Shah Rukh Khan, Suchitra Krishnamoorthi, Deepak Tijori, Rita Bhaduri, Satish Shah, Anjan Srivastav, Goga Kapoor, Tiku Talsania, Ravi Baswani, Naseeruddin Shah",India,"May 15, 2017",1994,TV-14,151 min,"Comedies, Dramas, International Movies",A dreamer falls for a girl who is in love with someone else and tries to create a rift between her and the man she loves.
s3772,Movie,Love on Delivery,Stephen Chow,"Stephen Chow, Christy Chung, Ng Man-Tat",Hong Kong,"August 16, 2018",1994,TV-14,93 min,"Action & Adventure, Comedies, International Movies","To prove himself to a love interest, a delivery boy learns dubious kung fu from an aging charlatan so he can challenge his archrival to a fight."
s5003,Movie,Pulp Fiction,Quentin Tarantino,"John Travolta, Samuel L. Jackson, Uma Thurman, Harvey Keitel, Tim Roth, Amanda Plummer, Maria de Medeiros, Ving Rhames, Eric Stoltz, Rosanna Arquette, Christopher Walken, Bruce Willis",United States,"January 1, 2019",1994,R,154 min,"Classic Movies, Cult Movies, Dramas","This stylized crime caper weaves together stories featuring a burger-loving hit man, his philosophical partner and a washed-up boxer."
s6254,Movie,The Crow,Alex Proyas,"Brandon Lee, Rochelle Davis, Ernie Hudson, Michael Wincott, Bai Ling, Sofia Shinas, Anna Levine, David Patrick Kelly, Angel David, Laurence Mason, Michael Massee, Tony Todd, Jon Polito",United States,"January 1, 2019",1994,R,102 min,"Action & Adventure, Cult Movies, Sci-Fi & Fantasy","One year after Eric Draven and his fiancée are murdered, Draven – watched over by a hypnotic crow – returns from the grave to exact revenge."
s6328,Movie,The Emigrant,Youssef Chahine,"Khaled El Nabawy, Hanan Turk, Yousra, Mahmoud Hemeida, Safia el-Emari, Michel Piccoli, Ahmed Bedir","Egypt, France","June 19, 2020",1994,TV-14,130 min,"Dramas, International Movies",Ram leaves the nomadic life and embarks on a quest for knowledge in a pharaonic Egypt mired in political intrigue. Based on a biblical story.
s6361,Movie,The Flintstones,Brian Levant,"John Goodman, Elizabeth Perkins, Rick Moranis, Rosie O'Donnell, Kyle MacLachlan, Halle Berry, Elizabeth Taylor, Dann Florek, Sam Raimi, Harvey Korman",United States,"October 1, 2019",1994,PG,91 min,"Children & Family Movies, Comedies",The Flintstones hit the big screen in this live-action comedy that finds Fred and Barney struggling to cope with the pressures of work and family.
s6706,Movie,The Next Karate Kid,Christopher Cain,"Pat Morita, Hilary Swank, Michael Ironside, Constance Towers, Chris Conrad, Arsenio ""Sonny"" Trinidad, Michael Cavalieri, Walton Goggins",United States,"November 1, 2020",1994,PG,107 min,"Action & Adventure, Dramas, Sports Movies","In Boston, karate master Mr. Miyagi finds a new pupil in troubled teen Julie Pierce when she gets bullied by a group of relentless classmates."
s6829,Movie,The River Wild,Curtis Hanson,"Meryl Streep, Kevin Bacon, David Strathairn, Joseph Mazzello, John C. Reilly, Benjamin Bratt, Elizabeth Hoffman, William Lucking, Diane Delano",United States,"September 1, 2018",1994,PG-13,111 min,Action & Adventure,"A turbulent vacation turns deadly when a fugitive and his crew kidnap a river rafting guide and her family, forcing them down the dangerous river."
s7682,Movie,Wyatt Earp,Lawrence Kasdan,"Kevin Costner, Dennis Quaid, Gene Hackman, David Andrews, Linden Ashby, Jeff Fahey, Joanna Going, Mark Harmon, Michael Madsen, Catherine O'Hara, Bill Pullman, Isabella Rossellini, Tom Sizemore",United States,"January 1, 2020",1994,PG-13,191 min,Action & Adventure,"Legendary lawman Wyatt Earp is continually at odds with a gang of renegade cowboys, culminating in a fiery showdown with the outlaws at the OK Corral."
s7695,Movie,Yaar Gaddar,Umesh Mehra,"Mithun Chakraborty, Saif Ali Khan, Somy Ali, Prem Chopra, Gulshan Grover, Puneet Issar, Himani Shivpuri, Johnny Lever, Yunus Parvez, Umesh Shukla",India,"July 1, 2017",1994,TV-14,148 min,"Dramas, International Movies","When his brother becomes involved in a deadly bank robbery, a heartbroken cop vows to track down and retrieve his wayward sibling – dead or alive."
