show_id,type,title,director,cast,country,date_added,release_year,rating,duration,listed_in,description
s771,Movie,Bawarchi,Hrishikesh Mukherjee,"Rajesh Khanna, A.K. Hangal, Durga Khote, Jaya Bhaduri, Kali Bannerjee, Usha Kiran, Asrani, Paintal",India,"December 31, 2019",1972,TV-PG,125 min,"Classic Movies, Comedies, Dramas",A dysfunctional middle-class family is transformed by the attentions of their talented new chef – until he vanishes along with their valuable jewels.
s3443,Movie,Koshish,Gulzar,"Sanjeev Kumar, Jaya Bhaduri, Asrani, Seema, Om Shivpuri, Dina Pathak",India,"December 31, 2019",1972,TV-14,115 min,"International Movies, Romantic Movies",A speech and hearing-impaired couple persists through unforgiving obstacles to be accepted by society and live a life of dignity.
s4217,TV Show,Monty Python's Fliegender Zirkus,,"Graham Chapman, John Cleese, Eric Idle, Terry Jones, Michael Palin, Connie Booth","United Kingdom, West Germany","October 2, 2018",1972,TV-MA,1 Season,"International TV Shows, TV Comedies","The Pythons elevate the absurd to new heights and bring their sketches to German TV, working in phonetic German, at times with an Australian accent."
s5908,Movie,Superfly,Gordon Parks,"Ron O'Neal, Carl Lee, Sheila Frazier, Julius Harris, Charles McGregor, Nate Adams, Polly Niles, Yvonne Delaine",United States,"November 1, 2019",1972,R,91 min,"Action & Adventure, Classic Movies, Dramas","To get away from the thug life, cocaine dealer Youngblood Priest puts together one last deal that will net him enough money to start over."
