show_id,type,title,director,cast,country,date_added,release_year,rating,duration,listed_in,description
s1919,Movie,Eddie Murphy: Delirious,Bruce Gowers,Eddie Murphy,United States,"April 15, 2018",1983,TV-MA,69 min,Stand-Up Comedy,"Flashing the wild stand-up comedy that made him a household name, Eddie Murphy unleashes uncensored observations and parodies in this 1983 live show."
s1938,Movie,Ek Jaan Hain Hum,Rajiv Mehra,"Rajiv Kapoor, Divya Rana, Shammi Kapoor, Tanuja, Kiran Vairale, Rakesh Bedi, Gulshan Grover, Monty Sharma",India,"September 1, 2017",1983,TV-14,151 min,"Dramas, International Movies, Music & Musicals","While trying to win over his beloved’s parents, a young man is accused of arson, and his father soon realizes insanity may be his only defense."
s3659,Movie,Little Dragon Maiden,Hua Shan,"Leslie Cheung, Jing-Jing Yung, Chen Kuan-tai, Leanne Liu, Tanny Tien Ni",Hong Kong,"August 1, 2018",1983,TV-14,92 min,"Action & Adventure, International Movies, Romantic Movies","Seeking to improve his combat skills, a young man falls in love with a woman with mystical powers, but his past stands in the way of their union."
s3901,Movie,Mandi,Shyam Benegal,"Shabana Azmi, Smita Patil, Naseeruddin Shah, Amrish Puri, Kulbhushan Kharbanda, Saeed Jaffrey, Om Puri, Sreela Mazumdar, Neena Gupta",India,"January 1, 2020",1983,TV-MA,155 min,"Dramas, Independent Movies, International Movies","Forbidden love, fraying loyalties and flagrant hypocrisy emerge when sanctimonious politicians drive a madam’s brothel from the heart of Hyderabad."
s3984,Movie,Masoom,Shekhar Kapur,"Shabana Azmi, Naseeruddin Shah, Saeed Jaffrey, Jugal Hansraj, Urmila Matondkar, Aradhana Srivastav, Tanuja, Supriya Pathak",India,"December 31, 2019",1983,TV-14,138 min,"Dramas, Independent Movies, International Movies",A loving husband and father's joyful family life is rocked to its core upon the discovery that he has a young son borne from a past extramarital affair.
s4618,Movie,On the Wrong Track,Clarence Yiu-leung Fok,"Andy Lau, Yim Chau-wah, Wai Yee Chan, Prudence Liew, Poon Wang Ban, Hua Yueh, Wong Kung-miu",Hong Kong,"August 2, 2018",1983,TV-14,89 min,"Action & Adventure, International Movies","Two rebellious, hot-headed teenage brothers get caught up in gang life, which has dangerous repercussions for their family and friends."
s5337,Movie,Sadma,Balu Mahendra,"Kamal Hassan, Sridevi, Silk Smitha, Gulshan Grover, Paintal, Arvind Deshpande",India,"December 31, 2019",1983,TV-14,137 min,"Dramas, International Movies, Romantic Movies","After a traumatic injury leaves her with amnesia and age regression, a young woman is sold to a brothel before a teacher becomes her savior."
s6187,Movie,The Bund,,Chow Yun Fat,Hong Kong,"September 20, 2018",1983,TV-14,103 min,"Action & Adventure, Dramas, International Movies","After losing everything, a young man rebuilds his life and finds love in 1920s Shanghai – all while rising to power in an organized crime syndicate."
s7517,Movie,Weather forecast,Antoni Krauze,"Halina Buyno-Łoza, Zofia Cegiełkowa, Barbara Chojecka, Eugenia Horecka, Zygmunt Zintel, Henryka Janikowska, Lena Wilczyńska, Jerzy Block",Poland,"October 1, 2019",1983,TV-MA,91 min,"Dramas, International Movies","When a delivery of coffins foreshadows a harsh winter, residents of a retirement home escape their confines and rediscover the world outside."
