show_id,type,title,director,cast,country,date_added,release_year,rating,duration,listed_in,description
s1345,Movie,Chitty Chitty Bang Bang,Ken Hughes,"Dick Van Dyke, Sally Ann Howes, Lionel Jeffries, Gert Fröbe, Anna Quayle, Benny Hill, James Robertson Justice, Robert Helpmann, Heather Ripley, Adrian Hall, Barbara Windsor, Davy Kaye, Alexander Doré, Bernard Spear, Stanley Unwin","United Kingdom, United States","January 1, 2020",1968,G,146 min,"Children & Family Movies, Classic Movies, Comedies","Quirky inventor Caractacus Potts and his family travel in their magical flying car to Vulgaria, a kingdom strangely devoid of children."
s4636,Movie,Once Upon a Time in the West,Sergio Leone,"Henry Fonda, Charles Bronson, Claudia Cardinale, Jason Robards, Gabriele Ferzetti, Paolo Stoppa, Woody Strode, Jack Elam, Keenan Wynn, Frank Wolff, Lionel Stander","Italy, United States","November 20, 2019",1968,PG-13,166 min,"Action & Adventure, Classic Movies, International Movies","In this epic spaghetti Western, a flinty gunslinger is hired by a railroad tycoon to kill anyone standing in the way of his trans-American iron horse."
s5286,Movie,Rosemary's Baby,Roman Polanski,"Mia Farrow, John Cassavetes, Ruth Gordon, Sidney Blackmer, Maurice Evans, Ralph Bellamy, Patsy Kelly, Elisha Cook Jr., Emmaline Henry, Charles Grodin",United States,"November 1, 2019",1968,R,137 min,"Classic Movies, Horror Movies, Thrillers","A woman is thrilled to find out she's pregnant. But as her belly grows, the more certain she becomes that her unborn child is in serious danger."
s5786,TV Show,Star Trek,,"William Shatner, Leonard Nimoy, DeForest Kelley, Nichelle Nichols, James Doohan, George Takei, Walter Koenig, Grace Lee Whitney, Majel Barrett",United States,"October 1, 2017",1968,TV-14,3 Seasons,"Classic & Cult TV, TV Action & Adventure, TV Sci-Fi & Fantasy","Led by unflappable Capt. Kirk, the crew of the starship Enterprise delves deep into the far reaches of space to explore new worlds and civilizations."
s6794,Movie,The Queen,Frank Simon,,United States,"January 23, 2020",1968,TV-MA,66 min,"Cult Movies, Documentaries, LGBTQ Movies","From wartime drafts to evening gowns, this candid time capsule documents a 1967 beauty pageant that offers an inside look at competitive drag."
