show_id,type,title,director,cast,country,date_added,release_year,rating,duration,listed_in,description
s1157,Movie,Bye Bye London,Almunsif Alsuwaisi,"Abdulhussain Abdulredah, Ghanem Al-Saleh, Mariam Al-Ghadban, Dawood Hussain, Entesar Alsharah, Mohamed Gaber",Kuwait,"May 21, 2020",1981,TV-14,177 min,"Comedies, Dramas, International Movies","In this satirical play, a wealthy Kuwaiti businessman travels to London for pleasure and encounters a host of eccentric characters."
s2993,Movie,Indiana Jones and the Raiders of the Lost Ark,Steven Spielberg,"Harrison Ford, Karen Allen, Paul Freeman, Ronald Lacey, John Rhys-Davies, Denholm Elliott, Alfred Molina, Wolf Kahler, Anthony Higgins, Vic Tablian",United States,"January 1, 2019",1981,PG,116 min,"Action & Adventure, Children & Family Movies, Classic Movies","When Indiana Jones is hired by the government to locate the legendary Ark of the Covenant, he finds himself up against the entire Nazi regime."
s3277,Movie,Kaalia,Tinnu Anand,"Amitabh Bachchan, Asha Parekh, Parveen Babi, Amjad Khan, Pran, K.N. Singh, Sajjan, Murad, Kader Khan, Jagdeep",India,"December 31, 2019",1981,TV-14,173 min,"Action & Adventure, Dramas, International Movies","Jailed for robbing his brother’s unscrupulous employer, a simpleton has a transformation while in prison, emerging with a violent mission for revenge."
s3869,Movie,Mahjong Heroes,Li Pei-Chuan,"Patrick Tse, Betty Ting Pei, Hua Yueh, Chin Siu Ho, Lau Hak-Suen, Kwan Hoi-san",Hong Kong,"August 16, 2018",1981,TV-PG,92 min,"Comedies, International Movies","In this comedy, characters from all walks of life go head-to-head around the mahjong table in a high-stakes contest of different playing styles."
s4479,TV Show,Ninja Hattori,,"Junko Hori, Masako Sugaya, Yuko Mita, Kaneta Kimotsuki, Kenichi Ogata, Eiko Yamada, Yuzuru Fujimoto, Yuri Nashiwa, Runa Akiyama, Issei Futamata",Japan,"December 23, 2018",1981,TV-Y7,1 Season,"Anime Series, Kids' TV","Elementary school student Kenichi Mitsuba's household gains a surprising new member: Kanzo Hattori, a mischievous but helpful young ninja."
s5849,Movie,Stripes,Ivan Reitman,"Bill Murray, Harold Ramis, Warren Oates, P.J. Soles, Sean Young, John Candy, John Larroquette, John Voldstad, John Diehl, Lance LeGault, Judge Reinhold",United States,"September 1, 2019",1981,R,106 min,"Classic Movies, Comedies, Cult Movies","After losing everything, an indolent sad sack impulsively joins the U.S. Army and cajoles his best friend into enlisting, too."
s6338,Movie,The Evil Dead,Sam Raimi,"Bruce Campbell, Ellen Sandweiss, Richard DeManincor, Betsy Baker, Theresa Tilly, Bill Vincent, Scott Spiegel, Ivan Raimi, David Horton, John Cameron, Ted Raimi",United States,"January 10, 2020",1981,TV-MA,85 min,"Classic Movies, Cult Movies, Horror Movies","During a stop at a remote cabin deep within the woods, a group of teens begins turning into flesh-eating zombies in director Sam Raimi's cult classic."
s6643,Movie,The Married Couples,Hassan AbdulSalam,"Samir Ghanem, George Sidhum, Sherine, Nagah El-Mogui",Egypt,"May 21, 2020",1981,TV-14,195 min,"Comedies, International Movies, Romantic Movies","Hailing from different classes, a young man and his wife try to find their version of happily married when both yearn to leave their old lives behind."
s7636,Movie,Winter of Our Dreams,John Duigan,"Judy Davis, Bryan Brown, Cathy Downes, Baz Luhrmann, Peter Mochrie, Mervyn Drake, Margie McCrae",Australia,"November 1, 2016",1981,NR,86 min,"Classic Movies, Dramas","After the death of a long-ago lover, married philanderer Rob tracks down her friend, a drug-addicted prostitute desperate to escape her dead-end life."
