show_id,type,title,director,cast,country,date_added,release_year,rating,duration,listed_in,description
s6658,Movie,"The Memphis Belle: A Story of a
Flying Fortress",William Wyler,,United States,"March 31, 2017",1944,TV-PG,40 min,"Classic Movies, Documentaries",This documentary centers on the crew of the B-17 Flying Fortress Memphis Belle as it prepares to execute a strategic bombing mission over Germany.
s6700,Movie,The Negro Soldier,Stuart Heisler,,United States,"March 31, 2017",1944,TV-14,40 min,"Classic Movies, Documentaries",This documentary urged African Americans to enlist and join in the effort to be part of America's continuing fight in World War II.
s7269,Movie,Tunisian Victory,"Frank Capra, John Huston, Hugh Stewart, Roy Boulting, Anthony Veiller",Burgess Meredith,"United States, United Kingdom","March 31, 2017",1944,TV-14,76 min,"Classic Movies, Documentaries","British and American troops join forces to liberate a Nazi stranglehold in North Africa, sharing battles, hard work and a peaceful Christmas dinner."
