show_id,type,title,director,cast,country,date_added,release_year,rating,duration,listed_in,description
s981,TV Show,Bling Empire,,,,"January 15, 2021",2021,TV-MA,1 Season,Reality TV,"Follow LA's wildly wealthy Asian and Asian American fun seekers as they go all out with fabulous parties, glamour and drama in this reality series."
s1223,TV Show,Carmen Sandiego,,"Gina Rodriguez, Finn Wolfhard, Abby Trott, Michael Hawley, Michael Goldsmith, Kari Wahlgren, Sharon Muthu, Liam O'Brien, Rafael Petardi, Charlet Chung",United States,"January 15, 2021",2021,TV-Y7,4 Seasons,"Kids' TV, TV Thrillers","A master thief who uses her skills for good, Carmen Sandiego travels the world foiling V.I.L.E.'s evil plans – with help from her savvy sidekicks."
s1286,Movie,Charming,Ross Venokur,"Wilmer Valderrama, Demi Lovato, Sia, Nia Vardalos, Ashley Tisdale, Avril Lavigne, G.E.M., John Cleese, Chris Harrison, Dee Bradley Baker, Carlos Alazraqui","Canada, United States, Cayman Islands","January 8, 2021",2021,TV-Y7,85 min,"Children & Family Movies, Comedies","On the eve of his 21st birthday, an adored prince must find his one, true soulmate before a spell takes away all love from his kingdom."
s1356,Movie,Chris Rock Total Blackout: The Tamborine Extended Cut,Chris Rock,Chris Rock,,"January 12, 2021",2021,TV-MA,98 min,Stand-Up Comedy,"In this extended cut of his 2018 special, Chris Rock takes the stage for a special filled with searing observations on fatherhood, infidelity and politics."
s1441,TV Show,Cobra Kai,,"Ralph Macchio, William Zabka, Xolo Maridueña, Martin Kove, Mary Mouser, Tanner Buchanan, Courtney Henggeler, Jacob Bertrand",United States,"January 1, 2021",2021,TV-14,3 Seasons,"TV Action & Adventure, TV Dramas","Decades after the tournament that changed their lives, the rivalry between Johnny and Daniel reignites in this sequel to the ""Karate Kid"" films."
s1515,Movie,"Crack: Cocaine, Corruption & Conspiracy",Stanley Nelson,,United States,"January 11, 2021",2021,TV-MA,90 min,Documentaries,"A cheap, powerful drug emerges during a recession, igniting a moral panic fueled by racism. Explore the complex history of crack in the 1980s."
s1529,Movie,Creating The Queen's Gambit,,,,"January 8, 2021",2021,TV-14,14 min,Documentaries,"A fascinating character. Exquisite sets. A wig for every era. The stars, creators and crew reveal how the hit series about a chess prodigy came to life."
s1781,TV Show,Disenchantment,,"Abbi Jacobson, Eric André, Nat Faxon, John DiMaggio, Tress MacNeille, Matt Berry, David Herman, Maurice LaMarche, Lucy Montgomery, Billy West",United States,"January 15, 2021",2021,TV-14,3 Seasons,"TV Action & Adventure, TV Comedies, TV Sci-Fi & Fantasy","Princess duties call, but she'd rather be drinking. Free-spirited Bean exasperates the king as she wreaks havoc with her demon and elf pals."
s1865,TV Show,Dream Home Makeover,,,United States,"January 1, 2021",2021,TV-G,2 Seasons,Reality TV,"Dreams come true for real families looking for the perfect home tailored to their own unique style, thanks to Shea and Syd McGee of Studio McGee."
s2328,TV Show,Gabby's Dollhouse,,"Laila Lockhart Kraner, Tucker Chandler, Juliet Donenfeld, Maggi Lowe, Donovan Patton, Eduardo Franco, Tara Strong, Secunda Wood, Carla Tassara, Sainty Nelsen",,"January 5, 2021",2021,TV-Y,1 Season,Kids' TV,"Cute cats, quirky crafts and colorful magic! Join kitty enthusiast Gabby and her sidekick Pandy Paws as they team up for a series of animated adventures."
s2673,TV Show,Headspace Guide to Meditation,,Andy Puddicombe,United States,"January 1, 2021",2021,TV-G,1 Season,"Docuseries, Science & Nature TV","Headspace takes a friendly, animated look at the benefits of meditation while offering techniques and guided meditations to jump-start your practice."
s2742,TV Show,Hilda,,"Bella Ramsey, Ameerah Falzon-Ojo, Oliver Nelson, Daisy Haggard, Rasmus Hardiker","United Kingdom, Canada, United States","December 14, 2020",2021,TV-Y7,2 Seasons,Kids' TV,"Fearless, free-spirited Hilda finds new friends, adventure and magical creatures when she leaves her enchanted forest home and journeys to the city."
s2754,TV Show,History of Swear Words,,Nicolas Cage,United States,"January 5, 2021",2021,TV-MA,1 Season,"Docuseries, TV Comedies","Nicolas Cage hosts this proudly profane, funny and engagingly educational series about the history and impact of the most notorious English swear words."
s3019,TV Show,Inside the World’s Toughest Prisons,,Paul Connolly,United Kingdom,"January 8, 2021",2021,TV-MA,5 Seasons,"British TV Shows, Crime TV Shows, Docuseries","Investigative journalist Paul Connolly becomes a voluntary inmate in the world's most volatile prisons, where intimidation and brutality rule."
s3823,TV Show,Lupin,,"Omar Sy, Ludivine Sagnier, Clotilde Hesme, Nicole Garcia, Hervé Pierre, Soufiane Guerrab, Antoine Gouy, Fargass Assandé, Vincent Londez, Shirine Boutella",United States,"January 8, 2021",2021,TV-MA,1 Season,"Crime TV Shows, International TV Shows, TV Action & Adventure","Inspired by the adventures of Arsène Lupin, gentleman thief Assane Diop sets out to avenge his father for an injustice inflicted by a wealthy family."
s4087,TV Show,Mighty Little Bheem: Kite Festival,,"Sumruddhi Shukla, Aranya Kaur, Nishka Raheja",India,"January 8, 2021",2021,TV-Y,1 Season,"Kids' TV, TV Comedies","With winter behind them, Bheem and his townspeople usher in a sunny new season in all their favorite ways during the Makar Sankranti festival."
s4174,TV Show,Monarca,,"Irene Azuela, Juan Manuel Bernal, Osvaldo Benavides, Rosa María Bianchi, Antonio de la Vega, Luis Rábago, Sophie Gómez, James Hyde, Carla Adell, Regina Pavón, Dalí González, Alejandro de Hoyos Parera, José Manuel Rincón, Daniela Schmidt, Gabriela de la Garza",Mexico,"January 1, 2021",2021,TV-MA,2 Seasons,"International TV Shows, Spanish-Language TV Shows, TV Dramas","After 20 years, Ana María returns to Mexico and vies for control of her family's tequila empire as it threatens to crumble under corruption and secrets."
s4391,TV Show,Nailed It! Mexico,,"Omar Chaparro, Anna Ruiz","Mexico, United States","January 5, 2021",2021,TV-PG,3 Seasons,"International TV Shows, Reality TV, Spanish-Language TV Shows","The fun, fondant and hilarious cake fails head to Mexico, where very amateur bakers compete to re-create elaborate sweet treats for a cash prize."
s4469,TV Show,Night Stalker: The Hunt for a Serial Killer,Tiller Russell,,,"January 13, 2021",2021,TV-MA,1 Season,"Crime TV Shows, Docuseries","Beneath the sunlit glamour of 1985 LA lurks a relentlessly evil serial killer. In this true-crime story, two detectives won't rest until they catch him."
s4711,Movie,Outside the Wire,Mikael Håfström,"Anthony Mackie, Damson Idris, Emily Beecham, Michael Kelly, Pilou Asbæk",,"January 15, 2021",2021,R,116 min,Action & Adventure,"In the near future, a drone pilot sent into a war zone finds himself paired with a top-secret android officer on a mission to stop a nuclear attack."
s4966,TV Show,Pretend It’s a City,,Fran Lebowitz,United States,"January 8, 2021",2021,TV-14,1 Season,Docuseries,"Wander the New York City streets and fascinating mind of wry writer, humorist and raconteur Fran Lebowitz as she sits down with Martin Scorsese."
s5104,Movie,Ratones Paranoicos: The Band that Rocked Argentina,"Alejandro Ruax, Ramiro Martínez","Juan Sebastián Gutiérrez, Pablo Cano, Pablo Memi, Roy Quiroga",,"January 6, 2021",2021,TV-MA,76 min,"Documentaries, International Movies, Music & Musicals","The irrepressible Ratones Paranoicos, Argentina's most enduring rock band, are featured in vintage concert and backstage footage as their story's told."
s5860,Movie,Stuck Apart,,"Engin Günaydın, Haluk Bilginer, Binnur Kaya, Öner Erkan, İrem Sak, Fatih Artman, Gülçin Santırcıoğlu, İlker Aksum, Hülya Duyar, Göktuğ Yıldırım, Helin Kandemir",Turkey,"January 8, 2021",2021,TV-MA,97 min,"Comedies, Dramas, International Movies","Entrenched in a midlife crisis, Aziz seeks solace from his mundane job, lonesome friends and rowdy family while pretending to have his act together."
s5922,TV Show,Surviving Death,,,United States,"January 6, 2021",2021,TV-MA,1 Season,"Docuseries, Reality TV","What happens after we die? This docuseries explores personal stories and research on near-death experiences, reincarnation and paranormal phenomena."
s6478,TV Show,The Idhun Chronicles,Maite Ruiz De Austri,"Michelle Jenner, Itzan Escamilla, Sergio Mur, Nico Romero, Carlos Cuevas",Spain,"January 8, 2021",2021,TV-14,2 Seasons,"Anime Series, International TV Shows, Spanish-Language TV Shows","A boy suddenly orphaned fights his parents' killer to save a planet, and discovers a new world of danger — and wonder."
s6671,Movie,The Minimalists: Less Is Now,,,United States,"January 1, 2021",2021,TV-14,54 min,Documentaries,They've built a movement out of minimalism. Longtime friends Joshua Fields Millburn and Ryan Nicodemus share how our lives can be better with less.
s6702,TV Show,The Netflix Afterparty,,"David Spade, London Hughes, Fortune Feimster",United States,"January 2, 2021",2021,TV-MA,1 Season,"Stand-Up Comedy & Talk Shows, TV Comedies","Hosts David Spade, Fortune Feimster and London Hughes welcome guests from the newest and biggest Netflix titles for fun conversations, skits and more."
s7221,Movie,Tribhanga - Tedhi Medhi Crazy,Renuka Shahane,"Kajol, Tanvi Azmi, Mithila Palkar, Kunaal Roy Kapur, Vaibhav Tatwawaadi, Kanwaljeet Singh, Manav Gohil, Shweta Mehendale",,"January 15, 2021",2021,TV-MA,96 min,"Dramas, International Movies","When her estranged mother falls into a coma, a self-made single mom grapples with regret and resentment while reflecting on their strained relationship."
s7552,Movie,What Happened to Mr. Cha?,Kim Dong-kyu,"Cha In-pyo, Cho Dal-hwan, Song Jae-ryong",South Korea,"January 1, 2021",2021,TV-MA,102 min,"Comedies, International Movies","With the peak of his career long behind him, an actor clings to his past glory — until a sudden wake-up call forces him to face who he's become."
s7570,Movie,What Would Sophia Loren Do?,Ross Kauffman,"Nancy ""Vincenza Careri"" Kulik, Sophia Loren",United States,"January 15, 2021",2021,TV-14,32 min,Documentaries,"In this delightful short documentary, an Italian American grandmother and film buff finds strength and joy in the life of her screen idol, Sophia Loren."
s7645,Movie,Wish You,Sung Do-jun,"Kang In-soo, Lee Sang, Soo-bin",,"January 15, 2021",2021,TV-PG,102 min,"Dramas, International Movies, LGBTQ Movies","Singing and dreaming together, a talented singer-songwriter and a same-aged keyboardist add harmony and love to each other’s lives."
