show_id,type,title,director,cast,country,date_added,release_year,rating,duration,listed_in,description
s823,Movie,Beirut Oh Beirut,Maroun Baghdadi,"Ezzat El Alaily, Mireille Maalouf, Joseph Bou Nassar, Elie Adabachi, Philippe Akiki, Ahmed Al Zein",Lebanon,"October 19, 2020",1975,TV-14,106 min,"Classic Movies, Dramas, International Movies","In the aftermath of the 1967 Arab-Israeli War, four young Lebanese navigate their existence along rapidly transforming political lines."
s1386,Movie,Chupke Chupke,Hrishikesh Mukherjee,"Dharmendra, Sharmila Tagore, Amitabh Bachchan, Jaya Bhaduri, Om Prakash, Asrani, David Abraham, Usha Kiran, Lily Chakravarty, Keshto Mukherjee",India,"December 31, 2019",1975,TV-PG,127 min,"Classic Movies, Comedies, International Movies","Jealous of the high regard in which his new wife holds their brother-in-law, a botany professor stages an elaborate prank that will even the score."
s2828,Movie,Hotel Pacific,Janusz Majewski,"Marek Kondrat, Roman Wilhelmi, Roman Skamene, Čestmír Řanda, Michał Pawlicki, Martin Hron, Stanisława Celińska, Joanna Kasperska, Jaroslava Schallerová","Poland,","October 1, 2019",1975,TV-MA,96 min,"Classic Movies, Dramas, International Movies",A motivated teen strives to rise from dishwasher to waiter at a luxury hotel only to tread in the abusive tide of its workplace hierarchy.
s4208,Movie,Monty Python and the Holy Grail,"Terry Gilliam, Terry Jones","Graham Chapman, John Cleese, Eric Idle, Terry Gilliam, Terry Jones, Michael Palin, Connie Booth, Carol Cleveland, Neil Innes",United Kingdom,"January 2, 2019",1975,PG,92 min,"Action & Adventure, Classic Movies, Comedies",The Monty Python comedy clan skewers King Arthur and his Knights of the Round Table as they quest far and wide for the Holy Grail.
s5351,Movie,Salaakhen,A. Salaam,"Shashi Kapoor, Sulakshana Pandit, Mehmood, Sudhir, Anjana Mumtaz, Sajjan, M. Rajan, Mac Mohan, Amrish Puri, Ramesh Deo",India,"April 1, 2017",1975,TV-14,134 min,"Action & Adventure, International Movies, Music & Musicals","Two close childhood friends take drastically different paths in life, but meet by chance years later and fall in love, unaware of their past bond."
s6364,Movie,The Flying Guillotine,Meng Hua Ho,"Kuan Tai Chen, Feng Ku, Hung Wei, Wu Chi Liu, Yang Chiang",Hong Kong,"July 28, 2018",1975,TV-MA,101 min,"Action & Adventure, Dramas, International Movies","In Qing-dynasty China, the emperor commands that a weapon be invented to kill at a distance without a trace. Then he orders it used on its wielders."
