show_id,type,title,director,cast,country,date_added,release_year,rating,duration,listed_in,description
s1153,Movie,Butterfield 8,Daniel Mann,"Elizabeth Taylor, Laurence Harvey, Eddie Fisher, Dina Merrill, Mildred Dunnock, Betty Field, Jeffrey Lynn, Susan Oliver",United States,"November 1, 2019",1960,TV-14,108 min,"Classic Movies, Dramas, Romantic Movies","Elizabeth Taylor won an Oscar as Gloria Wandrous, a stylish call girl who yearns to go straight, especially after she thinks she's found Mr. Right."
s3188,Movie,Jis Desh Men Ganga Behti Hai,Radhu Karmakar,"Raj Kapoor, Padmini, Pran, Chanchal, Lalita Pawar, Raj Mehra, Tiwari, Nana Palsikar, Nayampally, Sulochana Chatterjee",,"December 31, 2019",1960,TV-14,181 min,"Action & Adventure, Dramas, International Movies","Falling in with a band of outlaws during a holy pilgrimage, a country boy tries to change their violent ways ahead of a showdown with the authorities."
s4564,Movie,Ocean's Eleven,Lewis Milestone,"Frank Sinatra, Dean Martin, Sammy Davis Jr., Peter Lawford, Angie Dickinson, Richard Conte, Cesar Romero, Patrice Wymore, Joey Bishop",United States,"November 1, 2019",1960,TV-PG,127 min,"Action & Adventure, Classic Movies, Comedies","Frank Sinatra leads an all-star cast as Danny Ocean, who decides to knock over a few casinos on the Las Vegas Strip with his buddies."
s5625,Movie,Singapore,Shakti Samanta,"Shammi Kapoor, Padmini, Maria Menado, Shashikala, Agha, K.N. Singh, Madan Puri, Helen","India, Malaysia","October 15, 2017",1960,TV-PG,158 min,"Comedies, Dramas, International Movies","When his employee disappears in Singapore, Shyam travels from India to investigate the absence and becomes entangled in a deadly plot."
